id,source_id,source_kind,village_name,province,city,region_basis,name_en,batch,source_url,source_as_of,retrieved_at,latitude,longitude,description
1003035,3035,public,怀柔区渤海镇北沟村,北京,北京,municipality,Huai Rou Qu Bo Hai Zhen Bei Gou Cun,1,https://sjfw.mct.gov.cn/site/dataservice/rural,2022-12-07,2026-09-26,,,公开名录确认名称与所属地区；活动、餐饮、住宿和坐标尚未补充。
1003034,3034,public,延庆区井庄镇柳沟村,北京,北京,municipality,Yan Qing Qu Jing Zhuang Zhen Liu Gou Cun,1,https://sjfw.mct.gov.cn/site/dataservice/rural,2022-12-07,2026-09-26,,,公开名录确认名称与所属地区；活动、餐饮、住宿和坐标尚未补充。
1003033,3033,public,密云区古北口镇古北口村,北京,北京,municipality,Mi Yun Qu Gu Bei Kou Zhen Gu Bei Kou Cun,1,https://sjfw.mct.gov.cn/site/dataservice/rural,2022-12-07,2026-09-26,,,公开名录确认名称与所属地区；活动、餐饮、住宿和坐标尚未补充。
1003032,3032,public,房山区周口店镇黄山店村,北京,北京,municipality,Fang Shan Qu Zhou Kou Dian Zhen Huang Shan Dian Cun,1,https://sjfw.mct.gov.cn/site/dataservice/rural,2022-12-07,2026-09-26,,,公开名录确认名称与所属地区；活动、餐饮、住宿和坐标尚未补充。
1003031,3031,public,怀柔区喇叭沟门满族乡中榆树店村,北京,北京,municipality,Huai Rou Qu La Ba Gou Men Man Zu Xiang Zhong Yu Shu Dian Cun,1,https://sjfw.mct.gov.cn/site/dataservice/rural,2022-12-07,2026-09-26,,,公开名录确认名称与所属地区；活动、餐饮、住宿和坐标尚未补充。
1003030,3030,public,门头沟区斋堂镇灵水村,北京,北京,municipality,Men Tou Gou Qu Zhai Tang Zhen Ling Shui Cun,1,https://sjfw.mct.gov.cn/site/dataservice/rural,2022-12-07,2026-09-26,,,公开名录确认名称与所属地区；活动、餐饮、住宿和坐标尚未补充。
1003029,3029,public,顺义区龙湾屯镇柳庄户村,北京,北京,municipality,Shun Yi Qu Long Wan Tun Zhen Liu Zhuang Hu Cun,1,https://sjfw.mct.gov.cn/site/dataservice/rural,2022-12-07,2026-09-26,,,公开名录确认名称与所属地区；活动、餐饮、住宿和坐标尚未补充。
1003028,3028,public,延庆区刘斌堡乡姚官岭村,北京,北京,municipality,Yan Qing Qu Liu Bin Bao Xiang Yao Guan Ling Cun,1,https://sjfw.mct.gov.cn/site/dataservice/rural,2022-12-07,2026-09-26,,,公开名录确认名称与所属地区；活动、餐饮、住宿和坐标尚未补充。
1003027,3027,public,门头沟区斋堂镇马栏村,北京,北京,municipality,Men Tou Gou Qu Zhai Tang Zhen Ma Lan Cun,1,https://sjfw.mct.gov.cn/site/dataservice/rural,2022-12-07,2026-09-26,,,公开名录确认名称与所属地区；活动、餐饮、住宿和坐标尚未补充。
1003026,3026,public,蓟州区下营镇常州村,天津,天津,municipality,Ji Zhou Qu Xia Ying Zhen Chang Zhou Cun,1,https://sjfw.mct.gov.cn/site/dataservice/rural,2022-12-07,2026-09-26,,,公开名录确认名称与所属地区；活动、餐饮、住宿和坐标尚未补充。
1003025,3025,public,蓟州区渔阳镇西井峪村,天津,天津,municipality,Ji Zhou Qu Yu Yang Zhen Xi Jing Yu Cun,1,https://sjfw.mct.gov.cn/site/dataservice/rural,2022-12-07,2026-09-26,,,公开名录确认名称与所属地区；活动、餐饮、住宿和坐标尚未补充。
1003024,3024,public,蓟州区下营镇郭家沟村,天津,天津,municipality,Ji Zhou Qu Xia Ying Zhen Guo Jia Gou Cun,1,https://sjfw.mct.gov.cn/site/dataservice/rural,2022-12-07,2026-09-26,,,公开名录确认名称与所属地区；活动、餐饮、住宿和坐标尚未补充。
1003023,3023,public,蓟州区穿芳峪镇小穿芳峪村,天津,天津,municipality,Ji Zhou Qu Chuan Fang Yu Zhen Xiao Chuan Fang Yu Cun,1,https://sjfw.mct.gov.cn/site/dataservice/rural,2022-12-07,2026-09-26,,,公开名录确认名称与所属地区；活动、餐饮、住宿和坐标尚未补充。
1003022,3022,public,蓟州区穿芳峪镇毛家峪村,天津,天津,municipality,Ji Zhou Qu Chuan Fang Yu Zhen Mao Jia Yu Cun,1,https://sjfw.mct.gov.cn/site/dataservice/rural,2022-12-07,2026-09-26,,,公开名录确认名称与所属地区；活动、餐饮、住宿和坐标尚未补充。
1003021,3021,public,蓟州区穿芳峪镇大巨各庄村,天津,天津,municipality,Ji Zhou Qu Chuan Fang Yu Zhen Da Ju Ge Zhuang Cun,1,https://sjfw.mct.gov.cn/site/dataservice/rural,2022-12-07,2026-09-26,,,公开名录确认名称与所属地区；活动、餐饮、住宿和坐标尚未补充。
1003020,3020,public,蓟州区上仓镇程家庄村,天津,天津,municipality,Ji Zhou Qu Shang Cang Zhen Cheng Jia Zhuang Cun,1,https://sjfw.mct.gov.cn/site/dataservice/rural,2022-12-07,2026-09-26,,,公开名录确认名称与所属地区；活动、餐饮、住宿和坐标尚未补充。
1003019,3019,public,石家庄市平山县岗南镇李家庄村,河北,石家庄,name_prefix,Shi Jia Zhuang Shi Ping Shan Xian Gang Nan Zhen Li Jia Zhuang Cun,1,https://sjfw.mct.gov.cn/site/dataservice/rural,2022-12-07,2026-09-26,,,公开名录确认名称与所属地区；活动、餐饮、住宿和坐标尚未补充。
1003018,3018,public,邯郸市馆陶县寿山寺乡寿山寺东村,河北,邯郸,name_prefix,Han Dan Shi Guan Tao Xian Shou Shan Si Xiang Shou Shan Si Dong Cun,1,https://sjfw.mct.gov.cn/site/dataservice/rural,2022-12-07,2026-09-26,,,公开名录确认名称与所属地区；活动、餐饮、住宿和坐标尚未补充。
1003017,3017,public,衡水市武强县周窝镇周窝村,河北,衡水,name_prefix,Heng Shui Shi Wu Qiang Xian Zhou Wo Zhen Zhou Wo Cun,1,https://sjfw.mct.gov.cn/site/dataservice/rural,2022-12-07,2026-09-26,,,公开名录确认名称与所属地区；活动、餐饮、住宿和坐标尚未补充。
1003016,3016,public,保定市涞水县三坡镇百里峡村,河北,保定,name_prefix,Bao Ding Shi Lai Shui Xian San Po Zhen Bai Li Xia Cun,1,https://sjfw.mct.gov.cn/site/dataservice/rural,2022-12-07,2026-09-26,,,公开名录确认名称与所属地区；活动、餐饮、住宿和坐标尚未补充。
1003015,3015,public,张家口市蔚县暖泉镇西古堡村,河北,张家口,name_prefix,Zhang Jia Kou Shi Yu Xian Nuan Quan Zhen Xi Gu Bao Cun,1,https://sjfw.mct.gov.cn/site/dataservice/rural,2022-12-07,2026-09-26,,,公开名录确认名称与所属地区；活动、餐饮、住宿和坐标尚未补充。
1003014,3014,public,雄安新区雄县张岗乡王村,河北,河北,province_fallback,Xiong An Xin Qu Xiong Xian Zhang Gang Xiang Wang Cun,1,https://sjfw.mct.gov.cn/site/dataservice/rural,2022-12-07,2026-09-26,,,公开名录确认名称与所属地区；活动、餐饮、住宿和坐标尚未补充。
1003013,3013,public,唐山市曹妃甸区十里海养殖场,河北,唐山,name_prefix,Tang Shan Shi Cao Fei Dian Qu Shi Li Hai Yang Zhi Chang,1,https://sjfw.mct.gov.cn/site/dataservice/rural,2022-12-07,2026-09-26,,,公开名录确认名称与所属地区；活动、餐饮、住宿和坐标尚未补充。
1003012,3012,public,邢台市沙河市柴关乡王硇村,河北,邢台,name_prefix,Xing Tai Shi Sha He Shi Chai Guan Xiang Wang Nao Cun,1,https://sjfw.mct.gov.cn/site/dataservice/rural,2022-12-07,2026-09-26,,,公开名录确认名称与所属地区；活动、餐饮、住宿和坐标尚未补充。
1003011,3011,public,保定市竞秀区江城乡大激店村,河北,保定,name_prefix,Bao Ding Shi Jing Xiu Qu Jiang Cheng Xiang Da Ji Dian Cun,1,https://sjfw.mct.gov.cn/site/dataservice/rural,2022-12-07,2026-09-26,,,公开名录确认名称与所属地区；活动、餐饮、住宿和坐标尚未补充。
1003010,3010,public,石家庄市正定县正定镇塔元庄村,河北,石家庄,name_prefix,Shi Jia Zhuang Shi Zheng Ding Xian Zheng Ding Zhen Ta Yuan Zhuang Cun,1,https://sjfw.mct.gov.cn/site/dataservice/rural,2022-12-07,2026-09-26,,,公开名录确认名称与所属地区；活动、餐饮、住宿和坐标尚未补充。
1003009,3009,public,秦皇岛市北戴河区北戴河村,河北,秦皇岛,name_prefix,Qin Huang Dao Shi Bei Dai He Qu Bei Dai He Cun,1,https://sjfw.mct.gov.cn/site/dataservice/rural,2022-12-07,2026-09-26,,,公开名录确认名称与所属地区；活动、餐饮、住宿和坐标尚未补充。
1003008,3008,public,晋中市昔阳县大寨镇大寨村,山西,晋中,name_prefix,Jin Zhong Shi Xi Yang Xian Da Zhai Zhen Da Zhai Cun,1,https://sjfw.mct.gov.cn/site/dataservice/rural,2022-12-07,2026-09-26,,,公开名录确认名称与所属地区；活动、餐饮、住宿和坐标尚未补充。
1003007,3007,public,吕梁市汾阳市贾家庄镇贾家庄村,山西,吕梁,name_prefix,Lv Liang Shi Fen Yang Shi Jia Jia Zhuang Zhen Jia Jia Zhuang Cun,1,https://sjfw.mct.gov.cn/site/dataservice/rural,2022-12-07,2026-09-26,,,公开名录确认名称与所属地区；活动、餐饮、住宿和坐标尚未补充。
1003006,3006,public,阳泉市平定县娘子关镇娘子关村,山西,阳泉,name_prefix,Yang Quan Shi Ping Ding Xian Niang Zi Guan Zhen Niang Zi Guan Cun,1,https://sjfw.mct.gov.cn/site/dataservice/rural,2022-12-07,2026-09-26,,,公开名录确认名称与所属地区；活动、餐饮、住宿和坐标尚未补充。
1003005,3005,public,长治市上党区振兴新区振兴村,山西,长治,name_prefix,Zhang Zhi Shi Shang Dang Qu Zhen Xing Xin Qu Zhen Xing Cun,1,https://sjfw.mct.gov.cn/site/dataservice/rural,2022-12-07,2026-09-26,,,公开名录确认名称与所属地区；活动、餐饮、住宿和坐标尚未补充。
1003004,3004,public,忻州市岢岚县宋家沟乡宋家沟村,山西,忻州,name_prefix,Xin Zhou Shi Ke Lan Xian Song Jia Gou Xiang Song Jia Gou Cun,1,https://sjfw.mct.gov.cn/site/dataservice/rural,2022-12-07,2026-09-26,,,公开名录确认名称与所属地区；活动、餐饮、住宿和坐标尚未补充。
1003003,3003,public,晋城市城区北石店镇司徒村,山西,晋城,name_prefix,Jin Cheng Shi Cheng Qu Bei Shi Dian Zhen Si Tu Cun,1,https://sjfw.mct.gov.cn/site/dataservice/rural,2022-12-07,2026-09-26,,,公开名录确认名称与所属地区；活动、餐饮、住宿和坐标尚未补充。
1003002,3002,public,晋中市平遥县段村镇横坡村,山西,晋中,name_prefix,Jin Zhong Shi Ping Yao Xian Duan Cun Zhen Heng Po Cun,1,https://sjfw.mct.gov.cn/site/dataservice/rural,2022-12-07,2026-09-26,,,公开名录确认名称与所属地区；活动、餐饮、住宿和坐标尚未补充。
1003001,3001,public,临汾市乡宁县关王庙乡坂儿上村,山西,临汾,name_prefix,Lin Fen Shi Xiang Ning Xian Guan Wang Miao Xiang Ban Er Shang Cun,1,https://sjfw.mct.gov.cn/site/dataservice/rural,2022-12-07,2026-09-26,,,公开名录确认名称与所属地区；活动、餐饮、住宿和坐标尚未补充。
1003000,3000,public,巴彦淖尔市临河区狼山镇富强村,内蒙古,巴彦淖尔,name_prefix,Ba Yan Nao Er Shi Lin He Qu Lang Shan Zhen Fu Qiang Cun,1,https://sjfw.mct.gov.cn/site/dataservice/rural,2022-12-07,2026-09-26,,,公开名录确认名称与所属地区；活动、餐饮、住宿和坐标尚未补充。
1002999,2999,public,呼伦贝尔市额尔古纳市蒙兀室韦苏木室韦村,内蒙古,呼伦贝尔,name_prefix,Hu Lun Bei Er Shi E Er Gu Na Shi Meng Wu Shi Wei Su Mu Shi Wei Cun,1,https://sjfw.mct.gov.cn/site/dataservice/rural,2022-12-07,2026-09-26,,,公开名录确认名称与所属地区；活动、餐饮、住宿和坐标尚未补充。
1002998,2998,public,鄂尔多斯市乌审旗无定河镇巴图湾村,内蒙古,鄂尔多斯,name_prefix,E Er Duo Si Shi Wu Shen Qi Wu Ding He Zhen Ba Tu Wan Cun,1,https://sjfw.mct.gov.cn/site/dataservice/rural,2022-12-07,2026-09-26,,,公开名录确认名称与所属地区；活动、餐饮、住宿和坐标尚未补充。
1002997,2997,public,赤峰市喀喇沁旗西桥镇雷家营子村,内蒙古,赤峰,name_prefix,Chi Feng Shi Ka La Qin Qi Xi Qiao Zhen Lei Jia Ying Zi Cun,1,https://sjfw.mct.gov.cn/site/dataservice/rural,2022-12-07,2026-09-26,,,公开名录确认名称与所属地区；活动、餐饮、住宿和坐标尚未补充。
1002996,2996,public,呼和浩特市新城区保合少镇恼包村,内蒙古,呼和浩特,name_prefix,Hu He Hao Te Shi Xin Cheng Qu Bao He Shao Zhen Nao Bao Cun,1,https://sjfw.mct.gov.cn/site/dataservice/rural,2022-12-07,2026-09-26,,,公开名录确认名称与所属地区；活动、餐饮、住宿和坐标尚未补充。
1002995,2995,public,兴安盟乌兰浩特市义勒力特镇义勒力特嘎查,内蒙古,兴安盟,name_prefix,Xing An Meng Wu Lan Hao Te Shi Yi Lei Li Te Zhen Yi Lei Li Te Ga Cha,1,https://sjfw.mct.gov.cn/site/dataservice/rural,2022-12-07,2026-09-26,,,公开名录确认名称与所属地区；活动、餐饮、住宿和坐标尚未补充。
1002994,2994,public,包头市土默特右旗沟门镇西湾村,内蒙古,包头,name_prefix,Bao Tou Shi Tu Mo Te You Qi Gou Men Zhen Xi Wan Cun,1,https://sjfw.mct.gov.cn/site/dataservice/rural,2022-12-07,2026-09-26,,,公开名录确认名称与所属地区；活动、餐饮、住宿和坐标尚未补充。
1002993,2993,public,呼伦贝尔市鄂伦春自治旗大杨树镇多布库尔猎民村,内蒙古,呼伦贝尔,name_prefix,Hu Lun Bei Er Shi E Lun Chun Zi Zhi Qi Da Yang Shu Zhen Duo Bu Ku Er Lie Min Cun,1,https://sjfw.mct.gov.cn/site/dataservice/rural,2022-12-07,2026-09-26,,,公开名录确认名称与所属地区；活动、餐饮、住宿和坐标尚未补充。
1002992,2992,public,通辽市科左后旗散都苏木车家窝堡村,内蒙古,通辽,name_prefix,Tong Liao Shi Ke Zuo Hou Qi San Dou Su Mu Che Jia Wo Bao Cun,1,https://sjfw.mct.gov.cn/site/dataservice/rural,2022-12-07,2026-09-26,,,公开名录确认名称与所属地区；活动、餐饮、住宿和坐标尚未补充。
1002991,2991,public,丹东市凤城市凤山区大梨树村,辽宁,丹东,name_prefix,Dan Dong Shi Feng Cheng Shi Feng Shan Qu Da Li Shu Cun,1,https://sjfw.mct.gov.cn/site/dataservice/rural,2022-12-07,2026-09-26,,,公开名录确认名称与所属地区；活动、餐饮、住宿和坐标尚未补充。
1002990,2990,public,沈阳市沈北新区石佛寺街道石佛一村,辽宁,沈阳,name_prefix,Shen Yang Shi Shen Bei Xin Qu Shi Fo Si Jie Dao Shi Fu Yi Cun,1,https://sjfw.mct.gov.cn/site/dataservice/rural,2022-12-07,2026-09-26,,,公开名录确认名称与所属地区；活动、餐饮、住宿和坐标尚未补充。
1002989,2989,public,大连市旅顺口区水师营街道小南村,辽宁,大连,name_prefix,Da Lian Shi Lv Shun Kou Qu Shui Shi Ying Jie Dao Xiao Nan Cun,1,https://sjfw.mct.gov.cn/site/dataservice/rural,2022-12-07,2026-09-26,,,公开名录确认名称与所属地区；活动、餐饮、住宿和坐标尚未补充。
1002988,2988,public,本溪市本溪满族自治县小市镇同江峪村,辽宁,本溪,name_prefix,Ben Xi Shi Ben Xi Man Zu Zi Zhi Xian Xiao Shi Zhen Tong Jiang Yu Cun,1,https://sjfw.mct.gov.cn/site/dataservice/rural,2022-12-07,2026-09-26,,,公开名录确认名称与所属地区；活动、餐饮、住宿和坐标尚未补充。
1002987,2987,public,锦州市凌海市翠岩镇牤牛屯村,辽宁,锦州,name_prefix,Jin Zhou Shi Ling Hai Shi Cui Yan Zhen Mang Niu Tun Cun,1,https://sjfw.mct.gov.cn/site/dataservice/rural,2022-12-07,2026-09-26,,,公开名录确认名称与所属地区；活动、餐饮、住宿和坐标尚未补充。
1002986,2986,public,阜新市细河区四合镇黄家沟村,辽宁,阜新,name_prefix,Fu Xin Shi Xi He Qu Si He Zhen Huang Jia Gou Cun,1,https://sjfw.mct.gov.cn/site/dataservice/rural,2022-12-07,2026-09-26,,,公开名录确认名称与所属地区；活动、餐饮、住宿和坐标尚未补充。
1002985,2985,public,鞍山市千山风景名胜区温泉街道上石桥村,辽宁,鞍山,name_prefix,An Shan Shi Qian Shan Feng Jing Ming Sheng Qu Wen Quan Jie Dao Shang Shi Qiao Cun,1,https://sjfw.mct.gov.cn/site/dataservice/rural,2022-12-07,2026-09-26,,,公开名录确认名称与所属地区；活动、餐饮、住宿和坐标尚未补充。
1002984,2984,public,丹东市东港市北井子镇獐岛村,辽宁,丹东,name_prefix,Dan Dong Shi Dong Gang Shi Bei Jing Zi Zhen Zhang Dao Cun,1,https://sjfw.mct.gov.cn/site/dataservice/rural,2022-12-07,2026-09-26,,,公开名录确认名称与所属地区；活动、餐饮、住宿和坐标尚未补充。
1002983,2983,public,抚顺市新宾满族自治县永陵镇赫图阿拉村,辽宁,抚顺,name_prefix,Fu Shun Shi Xin Bin Man Zu Zi Zhi Xian Yong Ling Zhen He Tu A La Cun,1,https://sjfw.mct.gov.cn/site/dataservice/rural,2022-12-07,2026-09-26,,,公开名录确认名称与所属地区；活动、餐饮、住宿和坐标尚未补充。
1002982,2982,public,松原市前郭尔罗斯蒙古族自治县查干湖渔场查干湖屯,吉林,松原,name_prefix,Song Yuan Shi Qian Guo Er Luo Si Meng Gu Zu Zi Zhi Xian Cha Gan Hu Yu Chang Cha Gan Hu Tun,1,https://sjfw.mct.gov.cn/site/dataservice/rural,2022-12-07,2026-09-26,,,公开名录确认名称与所属地区；活动、餐饮、住宿和坐标尚未补充。
1002981,2981,public,延边朝鲜族自治州和龙市东城镇光东村,吉林,延边朝鲜族自治州,name_prefix,Yan Bian Chao Xian Zu Zi Zhi Zhou He Long Shi Dong Cheng Zhen Guang Dong Cun,1,https://sjfw.mct.gov.cn/site/dataservice/rural,2022-12-07,2026-09-26,,,公开名录确认名称与所属地区；活动、餐饮、住宿和坐标尚未补充。
1002980,2980,public,延边朝鲜族自治州和龙市西城镇金达莱村,吉林,延边朝鲜族自治州,name_prefix,Yan Bian Chao Xian Zu Zi Zhi Zhou He Long Shi Xi Cheng Zhen Jin Da Lai Cun,1,https://sjfw.mct.gov.cn/site/dataservice/rural,2022-12-07,2026-09-26,,,公开名录确认名称与所属地区；活动、餐饮、住宿和坐标尚未补充。
1002979,2979,public,吉林市龙潭区乌拉街满族镇韩屯村,吉林,吉林,name_prefix,Ji Lin Shi Long Tan Qu Wu La Jie Man Zu Zhen Han Tun Cun,1,https://sjfw.mct.gov.cn/site/dataservice/rural,2022-12-07,2026-09-26,,,公开名录确认名称与所属地区；活动、餐饮、住宿和坐标尚未补充。
1002978,2978,public,吉林市舒兰市上营镇马鞍岭村,吉林,吉林,name_prefix,Ji Lin Shi Shu Lan Shi Shang Ying Zhen Ma An Ling Cun,1,https://sjfw.mct.gov.cn/site/dataservice/rural,2022-12-07,2026-09-26,,,公开名录确认名称与所属地区；活动、餐饮、住宿和坐标尚未补充。
1002977,2977,public,长白山保护开发区管理委员会池南区漫江村,吉林,吉林,province_fallback,Chang Bai Shan Bao Hu Kai Fa Qu Guan Li Wei Yuan Hui Chi Nan Qu Man Jiang Cun,1,https://sjfw.mct.gov.cn/site/dataservice/rural,2022-12-07,2026-09-26,,,公开名录确认名称与所属地区；活动、餐饮、住宿和坐标尚未补充。
1002976,2976,public,长春市净月高新技术产业开发区玉潭镇友好村,吉林,长春,name_prefix,Chang Chun Shi Jing Yue Gao Xin Ji Shu Chan Ye Kai Fa Qu Yu Tan Zhen You Hao Cun,1,https://sjfw.mct.gov.cn/site/dataservice/rural,2022-12-07,2026-09-26,,,公开名录确认名称与所属地区；活动、餐饮、住宿和坐标尚未补充。
1002975,2975,public,辽源市东辽县安石镇朝阳村,吉林,辽源,name_prefix,Liao Yuan Shi Dong Liao Xian An Shi Zhen Zhao Yang Cun,1,https://sjfw.mct.gov.cn/site/dataservice/rural,2022-12-07,2026-09-26,,,公开名录确认名称与所属地区；活动、餐饮、住宿和坐标尚未补充。
1002974,2974,public,双鸭山市饶河县西林子乡小南河村,黑龙江,双鸭山,name_prefix,Shuang Ya Shan Shi Rao He Xian Xi Lin Zi Xiang Xiao Nan He Cun,1,https://sjfw.mct.gov.cn/site/dataservice/rural,2022-12-07,2026-09-26,,,公开名录确认名称与所属地区；活动、餐饮、住宿和坐标尚未补充。
1002973,2973,public,大兴安岭地区漠河市北极镇北红村,黑龙江,大兴安岭地区,name_prefix,Da Xing An Ling Di Qu Mo He Shi Bei Ji Zhen Bei Hong Cun,1,https://sjfw.mct.gov.cn/site/dataservice/rural,2022-12-07,2026-09-26,,,公开名录确认名称与所属地区；活动、餐饮、住宿和坐标尚未补充。
1002972,2972,public,哈尔滨市宾县宾州镇友联村,黑龙江,哈尔滨,name_prefix,Ha Er Bin Shi Bin Xian Bin Zhou Zhen You Lian Cun,1,https://sjfw.mct.gov.cn/site/dataservice/rural,2022-12-07,2026-09-26,,,公开名录确认名称与所属地区；活动、餐饮、住宿和坐标尚未补充。
1002971,2971,public,牡丹江市宁安市渤海镇小朱家村,黑龙江,牡丹江,name_prefix,Mu Dan Jiang Shi Ning An Shi Bo Hai Zhen Xiao Zhu Jia Cun,1,https://sjfw.mct.gov.cn/site/dataservice/rural,2022-12-07,2026-09-26,,,公开名录确认名称与所属地区；活动、餐饮、住宿和坐标尚未补充。
1002970,2970,public,大庆市杜尔伯特蒙古族自治县连环湖镇南岗村,黑龙江,大庆,name_prefix,Da Qing Shi Du Er Bo Te Meng Gu Zu Zi Zhi Xian Lian Huan Hu Zhen Nan Gang Cun,1,https://sjfw.mct.gov.cn/site/dataservice/rural,2022-12-07,2026-09-26,,,公开名录确认名称与所属地区；活动、餐饮、住宿和坐标尚未补充。
1002969,2969,public,七台河市勃利县青山乡奋斗村,黑龙江,七台河,name_prefix,Qi Tai He Shi Bo Li Xian Qing Shan Xiang Fen Dou Cun,1,https://sjfw.mct.gov.cn/site/dataservice/rural,2022-12-07,2026-09-26,,,公开名录确认名称与所属地区；活动、餐饮、住宿和坐标尚未补充。
1002968,2968,public,伊春市新青区松林林场,黑龙江,伊春,name_prefix,Yi Chun Shi Xin Qing Qu Song Lin Lin Chang,1,https://sjfw.mct.gov.cn/site/dataservice/rural,2022-12-07,2026-09-26,,,公开名录确认名称与所属地区；活动、餐饮、住宿和坐标尚未补充。
1002967,2967,public,双鸭山市饶河县四排乡四排赫哲族村,黑龙江,双鸭山,name_prefix,Shuang Ya Shan Shi Rao He Xian Si Pai Xiang Si Pai He Zhe Zu Cun,1,https://sjfw.mct.gov.cn/site/dataservice/rural,2022-12-07,2026-09-26,,,公开名录确认名称与所属地区；活动、餐饮、住宿和坐标尚未补充。
1002966,2966,public,牡丹江市西安区海南乡中兴村,黑龙江,牡丹江,name_prefix,Mu Dan Jiang Shi Xi An Qu Hai Nan Xiang Zhong Xing Cun,1,https://sjfw.mct.gov.cn/site/dataservice/rural,2022-12-07,2026-09-26,,,公开名录确认名称与所属地区；活动、餐饮、住宿和坐标尚未补充。
1002965,2965,public,齐齐哈尔市铁锋区扎龙镇查罕诺村,黑龙江,齐齐哈尔,name_prefix,Qi Qi Ha Er Shi Tie Feng Qu Zha Long Zhen Cha Han Nuo Cun,1,https://sjfw.mct.gov.cn/site/dataservice/rural,2022-12-07,2026-09-26,,,公开名录确认名称与所属地区；活动、餐饮、住宿和坐标尚未补充。
1002964,2964,public,金山区山阳镇渔业村,上海,上海,municipality,Jin Shan Qu Shan Yang Zhen Yu Ye Cun,1,https://sjfw.mct.gov.cn/site/dataservice/rural,2022-12-07,2026-09-26,,,公开名录确认名称与所属地区；活动、餐饮、住宿和坐标尚未补充。
1002963,2963,public,奉贤区青村镇吴房村,上海,上海,municipality,Feng Xian Qu Qing Cun Zhen Wu Fang Cun,1,https://sjfw.mct.gov.cn/site/dataservice/rural,2022-12-07,2026-09-26,,,公开名录确认名称与所属地区；活动、餐饮、住宿和坐标尚未补充。
1002962,2962,public,崇明区竖新镇仙桥村,上海,上海,municipality,Chong Ming Qu Shu Xin Zhen Xian Qiao Cun,1,https://sjfw.mct.gov.cn/site/dataservice/rural,2022-12-07,2026-09-26,,,公开名录确认名称与所属地区；活动、餐饮、住宿和坐标尚未补充。
1002961,2961,public,闵行区浦江镇革新村,上海,上海,municipality,Min Xing Qu Pu Jiang Zhen Ge Xin Cun,1,https://sjfw.mct.gov.cn/site/dataservice/rural,2022-12-07,2026-09-26,,,公开名录确认名称与所属地区；活动、餐饮、住宿和坐标尚未补充。
1002960,2960,public,崇明区竖新镇前卫村,上海,上海,municipality,Chong Ming Qu Shu Xin Zhen Qian Wei Cun,1,https://sjfw.mct.gov.cn/site/dataservice/rural,2022-12-07,2026-09-26,,,公开名录确认名称与所属地区；活动、餐饮、住宿和坐标尚未补充。
1002959,2959,public,嘉定区马陆镇大裕村,上海,上海,municipality,Jia Ding Qu Ma Lu Zhen Da Yu Cun,1,https://sjfw.mct.gov.cn/site/dataservice/rural,2022-12-07,2026-09-26,,,公开名录确认名称与所属地区；活动、餐饮、住宿和坐标尚未补充。
1002958,2958,public,徐州市贾汪区潘安湖街道马庄村,江苏,徐州,name_prefix,Xu Zhou Shi Jia Wang Qu Pan An Hu Jie Dao Ma Zhuang Cun,1,https://sjfw.mct.gov.cn/site/dataservice/rural,2022-12-07,2026-09-26,,,公开名录确认名称与所属地区；活动、餐饮、住宿和坐标尚未补充。
1002957,2957,public,无锡市宜兴市湖㳇镇洑西村,江苏,无锡,name_prefix,Wu Xi Shi Yi Xing Shi Hu Fu Zhen Fu Xi Cun,1,https://sjfw.mct.gov.cn/site/dataservice/rural,2022-12-07,2026-09-26,,,公开名录确认名称与所属地区；活动、餐饮、住宿和坐标尚未补充。
1002956,2956,public,南京市江宁区江宁街道黄龙岘茶文化村,江苏,南京,name_prefix,Nan Jing Shi Jiang Ning Qu Jiang Ning Jie Dao Huang Long Xian Cha Wen Hua Cun,1,https://sjfw.mct.gov.cn/site/dataservice/rural,2022-12-07,2026-09-26,,,公开名录确认名称与所属地区；活动、餐饮、住宿和坐标尚未补充。
1002955,2955,public,常州市溧阳市戴埠镇李家园村,江苏,常州,name_prefix,Chang Zhou Shi Li Yang Shi Dai Bu Zhen Li Jia Yuan Cun,1,https://sjfw.mct.gov.cn/site/dataservice/rural,2022-12-07,2026-09-26,,,公开名录确认名称与所属地区；活动、餐饮、住宿和坐标尚未补充。
1002954,2954,public,苏州市张家港市南丰镇永联村,江苏,苏州,name_prefix,Su Zhou Shi Zhang Jia Gang Shi Nan Feng Zhen Yong Lian Cun,1,https://sjfw.mct.gov.cn/site/dataservice/rural,2022-12-07,2026-09-26,,,公开名录确认名称与所属地区；活动、餐饮、住宿和坐标尚未补充。
1002953,2953,public,淮安市洪泽区老子山镇龟山村,江苏,淮安,name_prefix,Huai An Shi Hong Ze Qu Lao Zi Shan Zhen Gui Shan Cun,1,https://sjfw.mct.gov.cn/site/dataservice/rural,2022-12-07,2026-09-26,,,公开名录确认名称与所属地区；活动、餐饮、住宿和坐标尚未补充。
1002952,2952,public,常州市金坛区薛埠镇仙姑村,江苏,常州,name_prefix,Chang Zhou Shi Jin Tan Qu Xue Bu Zhen Xian Gu Cun,1,https://sjfw.mct.gov.cn/site/dataservice/rural,2022-12-07,2026-09-26,,,公开名录确认名称与所属地区；活动、餐饮、住宿和坐标尚未补充。
1002951,2951,public,无锡市锡山区东港镇山联村,江苏,无锡,name_prefix,Wu Xi Shi Xi Shan Qu Dong Gang Zhen Shan Lian Cun,1,https://sjfw.mct.gov.cn/site/dataservice/rural,2022-12-07,2026-09-26,,,公开名录确认名称与所属地区；活动、餐饮、住宿和坐标尚未补充。
1002950,2950,public,南京市浦口区江浦街道不老村,江苏,南京,name_prefix,Nan Jing Shi Pu Kou Qu Jiang Pu Jie Dao Bu Lao Cun,1,https://sjfw.mct.gov.cn/site/dataservice/rural,2022-12-07,2026-09-26,,,公开名录确认名称与所属地区；活动、餐饮、住宿和坐标尚未补充。
1002949,2949,public,苏州市常熟市支塘镇蒋巷村,江苏,苏州,name_prefix,Su Zhou Shi Chang Shu Shi Zhi Tang Zhen Jiang Xiang Cun,1,https://sjfw.mct.gov.cn/site/dataservice/rural,2022-12-07,2026-09-26,,,公开名录确认名称与所属地区；活动、餐饮、住宿和坐标尚未补充。
1002948,2948,public,盐城市大丰区大中街道恒北村,江苏,盐城,name_prefix,Yan Cheng Shi Da Feng Qu Da Zhong Jie Dao Heng Bei Cun,1,https://sjfw.mct.gov.cn/site/dataservice/rural,2022-12-07,2026-09-26,,,公开名录确认名称与所属地区；活动、餐饮、住宿和坐标尚未补充。
1002947,2947,public,南通市海门市常乐镇颐生村,江苏,南通,name_prefix,Nan Tong Shi Hai Men Shi Chang Le Zhen Yi Sheng Cun,1,https://sjfw.mct.gov.cn/site/dataservice/rural,2022-12-07,2026-09-26,,,公开名录确认名称与所属地区；活动、餐饮、住宿和坐标尚未补充。
1002946,2946,public,泰州市泰兴市黄桥镇祁巷村,江苏,泰州,name_prefix,Tai Zhou Shi Tai Xing Shi Huang Qiao Zhen Qi Xiang Cun,1,https://sjfw.mct.gov.cn/site/dataservice/rural,2022-12-07,2026-09-26,,,公开名录确认名称与所属地区；活动、餐饮、住宿和坐标尚未补充。
1002945,2945,public,湖州市长兴县水口乡顾渚村,浙江,湖州,name_prefix,Hu Zhou Shi Zhang Xing Xian Shui Kou Xiang Gu Zhu Cun,1,https://sjfw.mct.gov.cn/site/dataservice/rural,2022-12-07,2026-09-26,,,公开名录确认名称与所属地区；活动、餐饮、住宿和坐标尚未补充。
1002944,2944,public,湖州市安吉县天荒坪镇余村村,浙江,湖州,name_prefix,Hu Zhou Shi An Ji Xian Tian Huang Ping Zhen Yu Cun Cun,1,https://sjfw.mct.gov.cn/site/dataservice/rural,2022-12-07,2026-09-26,,,公开名录确认名称与所属地区；活动、餐饮、住宿和坐标尚未补充。
1002943,2943,public,杭州市淳安县枫树岭镇下姜村,浙江,杭州,name_prefix,Hang Zhou Shi Chun An Xian Feng Shu Ling Zhen Xia Jiang Cun,1,https://sjfw.mct.gov.cn/site/dataservice/rural,2022-12-07,2026-09-26,,,公开名录确认名称与所属地区；活动、餐饮、住宿和坐标尚未补充。
1002942,2942,public,舟山市嵊泗县花鸟乡花鸟村,浙江,舟山,name_prefix,Zhou Shan Shi Sheng Si Xian Hua Niao Xiang Hua Niao Cun,1,https://sjfw.mct.gov.cn/site/dataservice/rural,2022-12-07,2026-09-26,,,公开名录确认名称与所属地区；活动、餐饮、住宿和坐标尚未补充。
1002941,2941,public,金华市兰溪市诸葛镇诸葛八卦村,浙江,金华,name_prefix,Jin Hua Shi Lan Xi Shi Zhu Ge Zhen Zhu Ge Ba Gua Cun,1,https://sjfw.mct.gov.cn/site/dataservice/rural,2022-12-07,2026-09-26,,,公开名录确认名称与所属地区；活动、餐饮、住宿和坐标尚未补充。
1002940,2940,public,衢州市开化县华埠镇金星村,浙江,衢州,name_prefix,Qu Zhou Shi Kai Hua Xian Hua Bu Zhen Jin Xing Cun,1,https://sjfw.mct.gov.cn/site/dataservice/rural,2022-12-07,2026-09-26,,,公开名录确认名称与所属地区；活动、餐饮、住宿和坐标尚未补充。
1002939,2939,public,丽水市龙泉市宝溪乡溪头村,浙江,丽水,name_prefix,Li Shui Shi Long Quan Shi Bao Xi Xiang Xi Tou Cun,1,https://sjfw.mct.gov.cn/site/dataservice/rural,2022-12-07,2026-09-26,,,公开名录确认名称与所属地区；活动、餐饮、住宿和坐标尚未补充。
1002938,2938,public,宁波市宁海县前童镇鹿山村,浙江,宁波,name_prefix,Ning Bo Shi Ning Hai Xian Qian Tong Zhen Lu Shan Cun,1,https://sjfw.mct.gov.cn/site/dataservice/rural,2022-12-07,2026-09-26,,,公开名录确认名称与所属地区；活动、餐饮、住宿和坐标尚未补充。
1002937,2937,public,嘉兴市秀洲区新塍镇潘家浜村,浙江,嘉兴,name_prefix,Jia Xing Shi Xiu Zhou Qu Xin Cheng Zhen Pan Jia Bang Cun,1,https://sjfw.mct.gov.cn/site/dataservice/rural,2022-12-07,2026-09-26,,,公开名录确认名称与所属地区；活动、餐饮、住宿和坐标尚未补充。
1002936,2936,public,衢州市江山市大陈乡大陈村,浙江,衢州,name_prefix,Qu Zhou Shi Jiang Shan Shi Da Chen Xiang Da Chen Cun,1,https://sjfw.mct.gov.cn/site/dataservice/rural,2022-12-07,2026-09-26,,,公开名录确认名称与所属地区；活动、餐饮、住宿和坐标尚未补充。
1002935,2935,public,台州市仙居县淡竹乡下叶村,浙江,台州,name_prefix,Tai Zhou Shi Xian Ju Xian Dan Zhu Xiang Xia Ye Cun,1,https://sjfw.mct.gov.cn/site/dataservice/rural,2022-12-07,2026-09-26,,,公开名录确认名称与所属地区；活动、餐饮、住宿和坐标尚未补充。
1002934,2934,public,宁波市奉化区萧王庙街道滕头村,浙江,宁波,name_prefix,Ning Bo Shi Feng Hua Qu Xiao Wang Miao Jie Dao Teng Tou Cun,1,https://sjfw.mct.gov.cn/site/dataservice/rural,2022-12-07,2026-09-26,,,公开名录确认名称与所属地区；活动、餐饮、住宿和坐标尚未补充。
1002933,2933,public,丽水市遂昌县湖山乡红星坪村,浙江,丽水,name_prefix,Li Shui Shi Sui Chang Xian Hu Shan Xiang Hong Xing Ping Cun,1,https://sjfw.mct.gov.cn/site/dataservice/rural,2022-12-07,2026-09-26,,,公开名录确认名称与所属地区；活动、餐饮、住宿和坐标尚未补充。
1002932,2932,public,温州市泰顺县竹里畲族乡竹里村,浙江,温州,name_prefix,Wen Zhou Shi Tai Shun Xian Zhu Li She Zu Xiang Zhu Li Cun,1,https://sjfw.mct.gov.cn/site/dataservice/rural,2022-12-07,2026-09-26,,,公开名录确认名称与所属地区；活动、餐饮、住宿和坐标尚未补充。
1002931,2931,public,黄山市黟县宏村镇宏村,安徽,黄山,name_prefix,Huang Shan Shi Yi Xian Hong Cun Zhen Hong Cun,1,https://sjfw.mct.gov.cn/site/dataservice/rural,2022-12-07,2026-09-26,,,公开名录确认名称与所属地区；活动、餐饮、住宿和坐标尚未补充。
1002930,2930,public,滁州市凤阳县小溪河镇小岗村,安徽,滁州,name_prefix,Chu Zhou Shi Feng Yang Xian Xiao Xi He Zhen Xiao Gang Cun,1,https://sjfw.mct.gov.cn/site/dataservice/rural,2022-12-07,2026-09-26,,,公开名录确认名称与所属地区；活动、餐饮、住宿和坐标尚未补充。
1002929,2929,public,宣城市泾县桃花潭镇查济村,安徽,宣城,name_prefix,Xuan Cheng Shi Jing Xian Tao Hua Tan Zhen Cha Ji Cun,1,https://sjfw.mct.gov.cn/site/dataservice/rural,2022-12-07,2026-09-26,,,公开名录确认名称与所属地区；活动、餐饮、住宿和坐标尚未补充。
1002928,2928,public,宿州市砀山县良梨镇良梨村,安徽,宿州,name_prefix,Su Zhou Shi Dang Shan Xian Liang Li Zhen Liang Li Cun,1,https://sjfw.mct.gov.cn/site/dataservice/rural,2022-12-07,2026-09-26,,,公开名录确认名称与所属地区；活动、餐饮、住宿和坐标尚未补充。
1002927,2927,public,黄山市徽州区西溪南镇西溪南村,安徽,黄山,name_prefix,Huang Shan Shi Hui Zhou Qu Xi Xi Nan Zhen Xi Xi Nan Cun,1,https://sjfw.mct.gov.cn/site/dataservice/rural,2022-12-07,2026-09-26,,,公开名录确认名称与所属地区；活动、餐饮、住宿和坐标尚未补充。
1002926,2926,public,合肥市巢湖市半汤街道汤山村,安徽,合肥,name_prefix,He Fei Shi Chao Hu Shi Ban Tang Jie Dao Tang Shan Cun,1,https://sjfw.mct.gov.cn/site/dataservice/rural,2022-12-07,2026-09-26,,,公开名录确认名称与所属地区；活动、餐饮、住宿和坐标尚未补充。
1002925,2925,public,安庆市太湖县晋熙镇梅河村,安徽,安庆,name_prefix,An Qing Shi Tai Hu Xian Jin Xi Zhen Mei He Cun,1,https://sjfw.mct.gov.cn/site/dataservice/rural,2022-12-07,2026-09-26,,,公开名录确认名称与所属地区；活动、餐饮、住宿和坐标尚未补充。
1002924,2924,public,滁州市天长市铜城镇龙岗村,安徽,滁州,name_prefix,Chu Zhou Shi Tian Zhang Shi Tong Cheng Zhen Long Gang Cun,1,https://sjfw.mct.gov.cn/site/dataservice/rural,2022-12-07,2026-09-26,,,公开名录确认名称与所属地区；活动、餐饮、住宿和坐标尚未补充。
1002923,2923,public,安庆市岳西县黄尾镇黄尾村,安徽,安庆,name_prefix,An Qing Shi Yue Xi Xian Huang Wei Zhen Huang Wei Cun,1,https://sjfw.mct.gov.cn/site/dataservice/rural,2022-12-07,2026-09-26,,,公开名录确认名称与所属地区；活动、餐饮、住宿和坐标尚未补充。
1002922,2922,public,安庆市潜山市天柱山镇茶庄村,安徽,安庆,name_prefix,An Qing Shi Qian Shan Shi Tian Zhu Shan Zhen Cha Zhuang Cun,1,https://sjfw.mct.gov.cn/site/dataservice/rural,2022-12-07,2026-09-26,,,公开名录确认名称与所属地区；活动、餐饮、住宿和坐标尚未补充。
1002921,2921,public,宣城市宁国市云梯畲族乡千秋村,安徽,宣城,name_prefix,Xuan Cheng Shi Ning Guo Shi Yun Ti She Zu Xiang Qian Qiu Cun,1,https://sjfw.mct.gov.cn/site/dataservice/rural,2022-12-07,2026-09-26,,,公开名录确认名称与所属地区；活动、餐饮、住宿和坐标尚未补充。
1002920,2920,public,宣城市广德县太极洞风景区桃园村,安徽,宣城,name_prefix,Xuan Cheng Shi Guang De Xian Tai Ji Dong Feng Jing Qu Tao Yuan Cun,1,https://sjfw.mct.gov.cn/site/dataservice/rural,2022-12-07,2026-09-26,,,公开名录确认名称与所属地区；活动、餐饮、住宿和坐标尚未补充。
1002919,2919,public,三明市泰宁县杉城镇际溪村,福建,三明,name_prefix,San Ming Shi Tai Ning Xian Shan Cheng Zhen Ji Xi Cun,1,https://sjfw.mct.gov.cn/site/dataservice/rural,2022-12-07,2026-09-26,,,公开名录确认名称与所属地区；活动、餐饮、住宿和坐标尚未补充。
1002918,2918,public,龙岩市连城县宣和乡培田村,福建,龙岩,name_prefix,Long Yan Shi Lian Cheng Xian Xuan He Xiang Pei Tian Cun,1,https://sjfw.mct.gov.cn/site/dataservice/rural,2022-12-07,2026-09-26,,,公开名录确认名称与所属地区；活动、餐饮、住宿和坐标尚未补充。
1002917,2917,public,漳州市南靖县梅林镇官洋村,福建,漳州,name_prefix,Zhang Zhou Shi Nan Jing Xian Mei Lin Zhen Guan Yang Cun,1,https://sjfw.mct.gov.cn/site/dataservice/rural,2022-12-07,2026-09-26,,,公开名录确认名称与所属地区；活动、餐饮、住宿和坐标尚未补充。
1002916,2916,public,宁德市寿宁县下党乡下党村,福建,宁德,name_prefix,Ning De Shi Shou Ning Xian Xia Dang Xiang Xia Dang Cun,1,https://sjfw.mct.gov.cn/site/dataservice/rural,2022-12-07,2026-09-26,,,公开名录确认名称与所属地区；活动、餐饮、住宿和坐标尚未补充。
1002915,2915,public,平潭综合实验区流水镇北港村,福建,福建,province_fallback,Ping Tan Zong He Shi Yan Qu Liu Shui Zhen Bei Gang Cun,1,https://sjfw.mct.gov.cn/site/dataservice/rural,2022-12-07,2026-09-26,,,公开名录确认名称与所属地区；活动、餐饮、住宿和坐标尚未补充。
1002914,2914,public,三明市尤溪县洋中镇桂峰村,福建,三明,name_prefix,San Ming Shi You Xi Xian Yang Zhong Zhen Gui Feng Cun,1,https://sjfw.mct.gov.cn/site/dataservice/rural,2022-12-07,2026-09-26,,,公开名录确认名称与所属地区；活动、餐饮、住宿和坐标尚未补充。
1002913,2913,public,宁德市寿宁县犀溪镇西浦村,福建,宁德,name_prefix,Ning De Shi Shou Ning Xian Xi Xi Zhen Xi Pu Cun,1,https://sjfw.mct.gov.cn/site/dataservice/rural,2022-12-07,2026-09-26,,,公开名录确认名称与所属地区；活动、餐饮、住宿和坐标尚未补充。
1002912,2912,public,漳州市长泰县马洋溪生态旅游区山重村,福建,漳州,name_prefix,Zhang Zhou Shi Zhang Tai Xian Ma Yang Xi Sheng Tai Lv You Qu Shan Zhong Cun,1,https://sjfw.mct.gov.cn/site/dataservice/rural,2022-12-07,2026-09-26,,,公开名录确认名称与所属地区；活动、餐饮、住宿和坐标尚未补充。
1002911,2911,public,泉州市惠安县崇武镇大岞村,福建,泉州,name_prefix,Quan Zhou Shi Hui An Xian Chong Wu Zhen Da Zuo Cun,1,https://sjfw.mct.gov.cn/site/dataservice/rural,2022-12-07,2026-09-26,,,公开名录确认名称与所属地区；活动、餐饮、住宿和坐标尚未补充。
1002910,2910,public,宁德市福安市溪潭镇廉村村,福建,宁德,name_prefix,Ning De Shi Fu An Shi Xi Tan Zhen Lian Cun Cun,1,https://sjfw.mct.gov.cn/site/dataservice/rural,2022-12-07,2026-09-26,,,公开名录确认名称与所属地区；活动、餐饮、住宿和坐标尚未补充。
1002909,2909,public,南平市政和县石屯镇石圳村,福建,南平,name_prefix,Nan Ping Shi Zheng He Xian Shi Tun Zhen Shi Zhen Cun,1,https://sjfw.mct.gov.cn/site/dataservice/rural,2022-12-07,2026-09-26,,,公开名录确认名称与所属地区；活动、餐饮、住宿和坐标尚未补充。
1002908,2908,public,上饶市婺源县江湾镇栗木坑村,江西,上饶,name_prefix,Shang Rao Shi Wu Yuan Xian Jiang Wan Zhen Li Mu Keng Cun,1,https://sjfw.mct.gov.cn/site/dataservice/rural,2022-12-07,2026-09-26,,,公开名录确认名称与所属地区；活动、餐饮、住宿和坐标尚未补充。
1002907,2907,public,赣州市大余县黄龙镇大龙村,江西,赣州,name_prefix,Gan Zhou Shi Da Yu Xian Huang Long Zhen Da Long Cun,1,https://sjfw.mct.gov.cn/site/dataservice/rural,2022-12-07,2026-09-26,,,公开名录确认名称与所属地区；活动、餐饮、住宿和坐标尚未补充。
1002906,2906,public,上饶市婺源县赋春镇源头村,江西,上饶,name_prefix,Shang Rao Shi Wu Yuan Xian Fu Chun Zhen Yuan Tou Cun,1,https://sjfw.mct.gov.cn/site/dataservice/rural,2022-12-07,2026-09-26,,,公开名录确认名称与所属地区；活动、餐饮、住宿和坐标尚未补充。
1002905,2905,public,吉安市井冈山市大陇镇大陇村,江西,吉安,name_prefix,Ji An Shi Jing Gang Shan Shi Da Long Zhen Da Long Cun,1,https://sjfw.mct.gov.cn/site/dataservice/rural,2022-12-07,2026-09-26,,,公开名录确认名称与所属地区；活动、餐饮、住宿和坐标尚未补充。
1002904,2904,public,新余市仙女湖风景名胜区仰天岗办事处孝头村,江西,新余,name_prefix,Xin Yu Shi Xian Nv Hu Feng Jing Ming Sheng Qu Yang Tian Gang Ban Shi Chu Xiao Tou Cun,1,https://sjfw.mct.gov.cn/site/dataservice/rural,2022-12-07,2026-09-26,,,公开名录确认名称与所属地区；活动、餐饮、住宿和坐标尚未补充。
1002903,2903,public,宜春市靖安县中源乡三坪村,江西,宜春,name_prefix,Yi Chun Shi Jing An Xian Zhong Yuan Xiang San Ping Cun,1,https://sjfw.mct.gov.cn/site/dataservice/rural,2022-12-07,2026-09-26,,,公开名录确认名称与所属地区；活动、餐饮、住宿和坐标尚未补充。
1002902,2902,public,抚州市资溪县乌石镇新月村,江西,抚州,name_prefix,Fu Zhou Shi Zi Xi Xian Wu Shi Zhen Xin Yue Cun,1,https://sjfw.mct.gov.cn/site/dataservice/rural,2022-12-07,2026-09-26,,,公开名录确认名称与所属地区；活动、餐饮、住宿和坐标尚未补充。
1002901,2901,public,赣州市龙南县临塘乡东坑村,江西,赣州,name_prefix,Gan Zhou Shi Long Nan Xian Lin Tang Xiang Dong Keng Cun,1,https://sjfw.mct.gov.cn/site/dataservice/rural,2022-12-07,2026-09-26,,,公开名录确认名称与所属地区；活动、餐饮、住宿和坐标尚未补充。
1002900,2900,public,鹰潭市余江区杨溪乡琯溪村,江西,鹰潭,name_prefix,Ying Tan Shi Yu Jiang Qu Yang Xi Xiang Guan Xi Cun,1,https://sjfw.mct.gov.cn/site/dataservice/rural,2022-12-07,2026-09-26,,,公开名录确认名称与所属地区；活动、餐饮、住宿和坐标尚未补充。
1002899,2899,public,九江市永修县柘林镇易家河村,江西,九江,name_prefix,Jiu Jiang Shi Yong Xiu Xian Zhe Lin Zhen Yi Jia He Cun,1,https://sjfw.mct.gov.cn/site/dataservice/rural,2022-12-07,2026-09-26,,,公开名录确认名称与所属地区；活动、餐饮、住宿和坐标尚未补充。
1002898,2898,public,吉安市井冈山市厦坪镇菖蒲村,江西,吉安,name_prefix,Ji An Shi Jing Gang Shan Shi Sha Ping Zhen Chang Pu Cun,1,https://sjfw.mct.gov.cn/site/dataservice/rural,2022-12-07,2026-09-26,,,公开名录确认名称与所属地区；活动、餐饮、住宿和坐标尚未补充。
1002897,2897,public,南昌市南昌县黄马乡凤凰村,江西,南昌,name_prefix,Nan Chang Shi Nan Chang Xian Huang Ma Xiang Feng Huang Cun,1,https://sjfw.mct.gov.cn/site/dataservice/rural,2022-12-07,2026-09-26,,,公开名录确认名称与所属地区；活动、餐饮、住宿和坐标尚未补充。
1002896,2896,public,淄博市博山区池上镇中郝峪村,山东,淄博,name_prefix,Zi Bo Shi Bo Shan Qu Chi Shang Zhen Zhong Hao Yu Cun,1,https://sjfw.mct.gov.cn/site/dataservice/rural,2022-12-07,2026-09-26,,,公开名录确认名称与所属地区；活动、餐饮、住宿和坐标尚未补充。
1002895,2895,public,威海市荣成市宁津街道东楮岛村,山东,威海,name_prefix,Wei Hai Shi Rong Cheng Shi Ning Jin Jie Dao Dong Chu Dao Cun,1,https://sjfw.mct.gov.cn/site/dataservice/rural,2022-12-07,2026-09-26,,,公开名录确认名称与所属地区；活动、餐饮、住宿和坐标尚未补充。
1002894,2894,public,临沂市沂南县铜井镇竹泉村,山东,临沂,name_prefix,Lin Yi Shi Yi Nan Xian Tong Jing Zhen Zhu Quan Cun,1,https://sjfw.mct.gov.cn/site/dataservice/rural,2022-12-07,2026-09-26,,,公开名录确认名称与所属地区；活动、餐饮、住宿和坐标尚未补充。
1002893,2893,public,潍坊市青州市王府街道井塘村,山东,潍坊,name_prefix,Wei Fang Shi Qing Zhou Shi Wang Fu Jie Dao Jing Tang Cun,1,https://sjfw.mct.gov.cn/site/dataservice/rural,2022-12-07,2026-09-26,,,公开名录确认名称与所属地区；活动、餐饮、住宿和坐标尚未补充。
1002892,2892,public,临沂市沂水县院东头镇桃棵子村,山东,临沂,name_prefix,Lin Yi Shi Yi Shui Xian Yuan Dong Tou Zhen Tao Ke Zi Cun,1,https://sjfw.mct.gov.cn/site/dataservice/rural,2022-12-07,2026-09-26,,,公开名录确认名称与所属地区；活动、餐饮、住宿和坐标尚未补充。
1002891,2891,public,泰安市岱岳区道朗镇里峪村,山东,泰安,name_prefix,Tai An Shi Dai Yue Qu Dao Lang Zhen Li Yu Cun,1,https://sjfw.mct.gov.cn/site/dataservice/rural,2022-12-07,2026-09-26,,,公开名录确认名称与所属地区；活动、餐饮、住宿和坐标尚未补充。
1002890,2890,public,济宁市邹城市石墙镇上九山村,山东,济宁,name_prefix,Ji Ning Shi Zou Cheng Shi Shi Qiang Zhen Shang Jiu Shan Cun,1,https://sjfw.mct.gov.cn/site/dataservice/rural,2022-12-07,2026-09-26,,,公开名录确认名称与所属地区；活动、餐饮、住宿和坐标尚未补充。
1002889,2889,public,济宁市梁山县大路口乡贾堌堆村,山东,济宁,name_prefix,Ji Ning Shi Liang Shan Xian Da Lu Kou Xiang Jia Gu Dui Cun,1,https://sjfw.mct.gov.cn/site/dataservice/rural,2022-12-07,2026-09-26,,,公开名录确认名称与所属地区；活动、餐饮、住宿和坐标尚未补充。
1002888,2888,public,临沂市兰陵县苍山街道压油沟村,山东,临沂,name_prefix,Lin Yi Shi Lan Ling Xian Cang Shan Jie Dao Ya You Gou Cun,1,https://sjfw.mct.gov.cn/site/dataservice/rural,2022-12-07,2026-09-26,,,公开名录确认名称与所属地区；活动、餐饮、住宿和坐标尚未补充。
1002887,2887,public,日照市莒县东莞镇赵家石河村,山东,日照,name_prefix,Ri Zhao Shi Ju Xian Dong Guan Zhen Zhao Jia Shi He Cun,1,https://sjfw.mct.gov.cn/site/dataservice/rural,2022-12-07,2026-09-26,,,公开名录确认名称与所属地区；活动、餐饮、住宿和坐标尚未补充。
1002886,2886,public,洛阳市栾川县潭头镇重渡村,河南,洛阳,name_prefix,Luo Yang Shi Luan Chuan Xian Tan Tou Zhen Zhong Du Cun,1,https://sjfw.mct.gov.cn/site/dataservice/rural,2022-12-07,2026-09-26,,,公开名录确认名称与所属地区；活动、餐饮、住宿和坐标尚未补充。
1002885,2885,public,南阳市西峡县太平镇东坪村,河南,南阳,name_prefix,Nan Yang Shi Xi Xia Xian Tai Ping Zhen Dong Ping Cun,1,https://sjfw.mct.gov.cn/site/dataservice/rural,2022-12-07,2026-09-26,,,公开名录确认名称与所属地区；活动、餐饮、住宿和坐标尚未补充。
1002884,2884,public,焦作市温县赵堡镇陈家沟村,河南,焦作,name_prefix,Jiao Zuo Shi Wen Xian Zhao Bao Zhen Chen Jia Gou Cun,1,https://sjfw.mct.gov.cn/site/dataservice/rural,2022-12-07,2026-09-26,,,公开名录确认名称与所属地区；活动、餐饮、住宿和坐标尚未补充。
1002883,2883,public,三门峡市卢氏县官道口镇新坪村,河南,三门峡,name_prefix,San Men Xia Shi Lu Shi Xian Guan Dao Kou Zhen Xin Ping Cun,1,https://sjfw.mct.gov.cn/site/dataservice/rural,2022-12-07,2026-09-26,,,公开名录确认名称与所属地区；活动、餐饮、住宿和坐标尚未补充。
1002882,2882,public,开封市兰考县东坝头乡张庄村,河南,开封,name_prefix,Kai Feng Shi Lan Kao Xian Dong Ba Tou Xiang Zhang Zhuang Cun,1,https://sjfw.mct.gov.cn/site/dataservice/rural,2022-12-07,2026-09-26,,,公开名录确认名称与所属地区；活动、餐饮、住宿和坐标尚未补充。
1002881,2881,public,信阳市新县八里畈镇丁李湾村,河南,信阳,name_prefix,Xin Yang Shi Xin Xian Ba Li Fan Zhen Ding Li Wan Cun,1,https://sjfw.mct.gov.cn/site/dataservice/rural,2022-12-07,2026-09-26,,,公开名录确认名称与所属地区；活动、餐饮、住宿和坐标尚未补充。
1002880,2880,public,郑州市新郑市龙湖镇泰山村,河南,郑州,name_prefix,Zheng Zhou Shi Xin Zheng Shi Long Hu Zhen Tai Shan Cun,1,https://sjfw.mct.gov.cn/site/dataservice/rural,2022-12-07,2026-09-26,,,公开名录确认名称与所属地区；活动、餐饮、住宿和坐标尚未补充。
1002879,2879,public,驻马店市平舆县东皇街道大王寨村,河南,驻马店,name_prefix,Zhu Ma Dian Shi Ping Yu Xian Dong Huang Jie Dao Da Wang Zhai Cun,1,https://sjfw.mct.gov.cn/site/dataservice/rural,2022-12-07,2026-09-26,,,公开名录确认名称与所属地区；活动、餐饮、住宿和坐标尚未补充。
1002878,2878,public,周口市淮阳县城关回族镇从庄村,河南,周口,name_prefix,Zhou Kou Shi Huai Yang Xian Cheng Guan Hui Zu Zhen Cong Zhuang Cun,1,https://sjfw.mct.gov.cn/site/dataservice/rural,2022-12-07,2026-09-26,,,公开名录确认名称与所属地区；活动、餐饮、住宿和坐标尚未补充。
1002877,2877,public,鹤壁市淇县灵山街道赵庄村,河南,鹤壁,name_prefix,He Bi Shi Qi Xian Ling Shan Jie Dao Zhao Zhuang Cun,1,https://sjfw.mct.gov.cn/site/dataservice/rural,2022-12-07,2026-09-26,,,公开名录确认名称与所属地区；活动、餐饮、住宿和坐标尚未补充。
1002876,2876,public,荆州市石首市桃花山镇李花山村,湖北,荆州,name_prefix,Jing Zhou Shi Shi Shou Shi Tao Hua Shan Zhen Li Hua Shan Cun,1,https://sjfw.mct.gov.cn/site/dataservice/rural,2022-12-07,2026-09-26,,,公开名录确认名称与所属地区；活动、餐饮、住宿和坐标尚未补充。
1002875,2875,public,黄冈市蕲春县檀林镇雾云山村,湖北,黄冈,name_prefix,Huang Gang Shi Qi Chun Xian Tan Lin Zhen Wu Yun Shan Cun,1,https://sjfw.mct.gov.cn/site/dataservice/rural,2022-12-07,2026-09-26,,,公开名录确认名称与所属地区；活动、餐饮、住宿和坐标尚未补充。
1002874,2874,public,襄阳市保康县马桥镇尧治河村,湖北,襄阳,name_prefix,Xiang Yang Shi Bao Kang Xian Ma Qiao Zhen Yao Zhi He Cun,1,https://sjfw.mct.gov.cn/site/dataservice/rural,2022-12-07,2026-09-26,,,公开名录确认名称与所属地区；活动、餐饮、住宿和坐标尚未补充。
1002873,2873,public,十堰市竹山县文峰乡太和村,湖北,十堰,name_prefix,Shi Yan Shi Zhu Shan Xian Wen Feng Xiang Tai He Cun,1,https://sjfw.mct.gov.cn/site/dataservice/rural,2022-12-07,2026-09-26,,,公开名录确认名称与所属地区；活动、餐饮、住宿和坐标尚未补充。
1002872,2872,public,咸宁市通山县南林桥镇石门村,湖北,咸宁,name_prefix,Xian Ning Shi Tong Shan Xian Nan Lin Qiao Zhen Shi Men Cun,1,https://sjfw.mct.gov.cn/site/dataservice/rural,2022-12-07,2026-09-26,,,公开名录确认名称与所属地区；活动、餐饮、住宿和坐标尚未补充。
1002871,2871,public,孝感市大悟县新城镇金岭村,湖北,孝感,name_prefix,Xiao Gan Shi Da Wu Xian Xin Cheng Zhen Jin Ling Cun,1,https://sjfw.mct.gov.cn/site/dataservice/rural,2022-12-07,2026-09-26,,,公开名录确认名称与所属地区；活动、餐饮、住宿和坐标尚未补充。
1002870,2870,public,荆门市钟祥市客店镇南庄村,湖北,荆门,name_prefix,Jing Men Shi Zhong Xiang Shi Ke Dian Zhen Nan Zhuang Cun,1,https://sjfw.mct.gov.cn/site/dataservice/rural,2022-12-07,2026-09-26,,,公开名录确认名称与所属地区；活动、餐饮、住宿和坐标尚未补充。
1002869,2869,public,恩施土家族苗族自治州利川市南坪乡营上村,湖北,恩施土家族苗族自治州,name_prefix,En Shi Tu Jia Zu Miao Zu Zi Zhi Zhou Li Chuan Shi Nan Ping Xiang Ying Shang Cun,1,https://sjfw.mct.gov.cn/site/dataservice/rural,2022-12-07,2026-09-26,,,公开名录确认名称与所属地区；活动、餐饮、住宿和坐标尚未补充。
1002868,2868,public,恩施土家族苗族自治州恩施市白杨坪乡洞下槽村,湖北,恩施土家族苗族自治州,name_prefix,En Shi Tu Jia Zu Miao Zu Zi Zhi Zhou En Shi Shi Bai Yang Ping Xiang Dong Xia Cao Cun,1,https://sjfw.mct.gov.cn/site/dataservice/rural,2022-12-07,2026-09-26,,,公开名录确认名称与所属地区；活动、餐饮、住宿和坐标尚未补充。
1002867,2867,public,宜昌市五峰县采花乡栗子坪村,湖北,宜昌,name_prefix,Yi Chang Shi Wu Feng Xian Cai Hua Xiang Li Zi Ping Cun,1,https://sjfw.mct.gov.cn/site/dataservice/rural,2022-12-07,2026-09-26,,,公开名录确认名称与所属地区；活动、餐饮、住宿和坐标尚未补充。
1002866,2866,public,神农架林区宋洛乡盘龙村,湖北,湖北,province_fallback,Shen Nong Jia Lin Qu Song Luo Xiang Pan Long Cun,1,https://sjfw.mct.gov.cn/site/dataservice/rural,2022-12-07,2026-09-26,,,公开名录确认名称与所属地区；活动、餐饮、住宿和坐标尚未补充。
1002865,2865,public,湘西土家族苗族自治州花垣县双龙镇十八洞村,湖南,湘西土家族苗族自治州,name_prefix,Xiang Xi Tu Jia Zu Miao Zu Zi Zhi Zhou Hua Yuan Xian Shuang Long Zhen Shi Ba Dong Cun,1,https://sjfw.mct.gov.cn/site/dataservice/rural,2022-12-07,2026-09-26,,,公开名录确认名称与所属地区；活动、餐饮、住宿和坐标尚未补充。
1002864,2864,public,郴州市汝城县文明瑶族乡沙洲瑶族村,湖南,郴州,name_prefix,Chen Zhou Shi Ru Cheng Xian Wen Ming Yao Zu Xiang Sha Zhou Yao Zu Cun,1,https://sjfw.mct.gov.cn/site/dataservice/rural,2022-12-07,2026-09-26,,,公开名录确认名称与所属地区；活动、餐饮、住宿和坐标尚未补充。
1002863,2863,public,湘潭市韶山市银田镇银田村,湖南,湘潭,name_prefix,Xiang Tan Shi Shao Shan Shi Yin Tian Zhen Yin Tian Cun,1,https://sjfw.mct.gov.cn/site/dataservice/rural,2022-12-07,2026-09-26,,,公开名录确认名称与所属地区；活动、餐饮、住宿和坐标尚未补充。
1002862,2862,public,益阳市南县乌嘴乡罗文村,湖南,益阳,name_prefix,Yi Yang Shi Nan Xian Wu Zui Xiang Luo Wen Cun,1,https://sjfw.mct.gov.cn/site/dataservice/rural,2022-12-07,2026-09-26,,,公开名录确认名称与所属地区；活动、餐饮、住宿和坐标尚未补充。
1002861,2861,public,张家界市慈利县三官寺土家族乡罗潭村,湖南,张家界,name_prefix,Zhang Jia Jie Shi Ci Li Xian San Guan Si Tu Jia Zu Xiang Luo Tan Cun,1,https://sjfw.mct.gov.cn/site/dataservice/rural,2022-12-07,2026-09-26,,,公开名录确认名称与所属地区；活动、餐饮、住宿和坐标尚未补充。
1002860,2860,public,长沙市长沙县果园镇浔龙河村,湖南,长沙,name_prefix,Chang Sha Shi Chang Sha Xian Guo Yuan Zhen Xun Long He Cun,1,https://sjfw.mct.gov.cn/site/dataservice/rural,2022-12-07,2026-09-26,,,公开名录确认名称与所属地区；活动、餐饮、住宿和坐标尚未补充。
1002859,2859,public,娄底市双峰县杏子铺镇双源村,湖南,娄底,name_prefix,Lou Di Shi Shuang Feng Xian Xing Zi Pu Zhen Shuang Yuan Cun,1,https://sjfw.mct.gov.cn/site/dataservice/rural,2022-12-07,2026-09-26,,,公开名录确认名称与所属地区；活动、餐饮、住宿和坐标尚未补充。
1002858,2858,public,常德市安乡县安康乡仙桃村,湖南,常德,name_prefix,Chang De Shi An Xiang Xian An Kang Xiang Xian Tao Cun,1,https://sjfw.mct.gov.cn/site/dataservice/rural,2022-12-07,2026-09-26,,,公开名录确认名称与所属地区；活动、餐饮、住宿和坐标尚未补充。
1002857,2857,public,永州市江永县兰溪瑶族乡勾蓝瑶村,湖南,永州,name_prefix,Yong Zhou Shi Jiang Yong Xian Lan Xi Yao Zu Xiang Gou Lan Yao Cun,1,https://sjfw.mct.gov.cn/site/dataservice/rural,2022-12-07,2026-09-26,,,公开名录确认名称与所属地区；活动、餐饮、住宿和坐标尚未补充。
1002856,2856,public,衡阳市衡阳县西渡镇新桥村,湖南,衡阳,name_prefix,Heng Yang Shi Heng Yang Xian Xi Du Zhen Xin Qiao Cun,1,https://sjfw.mct.gov.cn/site/dataservice/rural,2022-12-07,2026-09-26,,,公开名录确认名称与所属地区；活动、餐饮、住宿和坐标尚未补充。
1002855,2855,public,岳阳市汨罗市白水镇西长村,湖南,岳阳,name_prefix,Yue Yang Shi Mi Luo Shi Bai Shui Zhen Xi Zhang Cun,1,https://sjfw.mct.gov.cn/site/dataservice/rural,2022-12-07,2026-09-26,,,公开名录确认名称与所属地区；活动、餐饮、住宿和坐标尚未补充。
1002854,2854,public,梅州市大埔县西河镇北塘村,广东,梅州,name_prefix,Mei Zhou Shi Da Bu Xian Xi He Zhen Bei Tang Cun,1,https://sjfw.mct.gov.cn/site/dataservice/rural,2022-12-07,2026-09-26,,,公开名录确认名称与所属地区；活动、餐饮、住宿和坐标尚未补充。
1002853,2853,public,湛江市霞山区特呈岛村,广东,湛江,name_prefix,Zhan Jiang Shi Xia Shan Qu Te Cheng Dao Cun,1,https://sjfw.mct.gov.cn/site/dataservice/rural,2022-12-07,2026-09-26,,,公开名录确认名称与所属地区；活动、餐饮、住宿和坐标尚未补充。
1002852,2852,public,茂名市信宜市镇隆镇八坊村,广东,茂名,name_prefix,Mao Ming Shi Xin Yi Shi Zhen Long Zhen Ba Fang Cun,1,https://sjfw.mct.gov.cn/site/dataservice/rural,2022-12-07,2026-09-26,,,公开名录确认名称与所属地区；活动、餐饮、住宿和坐标尚未补充。
1002851,2851,public,河源市源城区埔前镇陂角村,广东,河源,name_prefix,He Yuan Shi Yuan Cheng Qu Pu Qian Zhen Bei Jiao Cun,1,https://sjfw.mct.gov.cn/site/dataservice/rural,2022-12-07,2026-09-26,,,公开名录确认名称与所属地区；活动、餐饮、住宿和坐标尚未补充。
1002850,2850,public,惠州市龙门县南昆山生态旅游区中坪尾村,广东,惠州,name_prefix,Hui Zhou Shi Long Men Xian Nan Kun Shan Sheng Tai Lv You Qu Zhong Ping Wei Cun,1,https://sjfw.mct.gov.cn/site/dataservice/rural,2022-12-07,2026-09-26,,,公开名录确认名称与所属地区；活动、餐饮、住宿和坐标尚未补充。
1002849,2849,public,东莞市茶山镇南社村,广东,东莞,name_prefix,Dong Guan Shi Cha Shan Zhen Nan She Cun,1,https://sjfw.mct.gov.cn/site/dataservice/rural,2022-12-07,2026-09-26,,,公开名录确认名称与所属地区；活动、餐饮、住宿和坐标尚未补充。
1002848,2848,public,佛山市顺德区杏坛镇逢简村,广东,佛山,name_prefix,Fo Shan Shi Shun De Qu Xing Tan Zhen Feng Jian Cun,1,https://sjfw.mct.gov.cn/site/dataservice/rural,2022-12-07,2026-09-26,,,公开名录确认名称与所属地区；活动、餐饮、住宿和坐标尚未补充。
1002847,2847,public,韶关市仁化县丹霞街道瑶塘新村,广东,韶关,name_prefix,Shao Guan Shi Ren Hua Xian Dan Xia Jie Dao Yao Tang Xin Cun,1,https://sjfw.mct.gov.cn/site/dataservice/rural,2022-12-07,2026-09-26,,,公开名录确认名称与所属地区；活动、餐饮、住宿和坐标尚未补充。
1002846,2846,public,江门市台山市斗山镇浮石村,广东,江门,name_prefix,Jiang Men Shi Tai Shan Shi Dou Shan Zhen Fu Shi Cun,1,https://sjfw.mct.gov.cn/site/dataservice/rural,2022-12-07,2026-09-26,,,公开名录确认名称与所属地区；活动、餐饮、住宿和坐标尚未补充。
1002845,2845,public,汕尾市陆河县水唇镇罗洞村,广东,汕尾,name_prefix,Shan Wei Shi Lu He Xian Shui Chun Zhen Luo Dong Cun,1,https://sjfw.mct.gov.cn/site/dataservice/rural,2022-12-07,2026-09-26,,,公开名录确认名称与所属地区；活动、餐饮、住宿和坐标尚未补充。
1002844,2844,public,贺州市富川瑶族自治县朝东镇岔山村,广西,贺州,name_prefix,He Zhou Shi Fu Chuan Yao Zu Zi Zhi Xian Chao Dong Zhen Cha Shan Cun,1,https://sjfw.mct.gov.cn/site/dataservice/rural,2022-12-07,2026-09-26,,,公开名录确认名称与所属地区；活动、餐饮、住宿和坐标尚未补充。
1002843,2843,public,崇左市大新县堪圩乡明仕村,广西,崇左,name_prefix,Chong Zuo Shi Da Xin Xian Kan Wei Xiang Ming Shi Cun,1,https://sjfw.mct.gov.cn/site/dataservice/rural,2022-12-07,2026-09-26,,,公开名录确认名称与所属地区；活动、餐饮、住宿和坐标尚未补充。
1002842,2842,public,桂林市龙胜各族自治县龙脊镇大寨村,广西,桂林,name_prefix,Gui Lin Shi Long Sheng Ge Zu Zi Zhi Xian Long Ji Zhen Da Zhai Cun,1,https://sjfw.mct.gov.cn/site/dataservice/rural,2022-12-07,2026-09-26,,,公开名录确认名称与所属地区；活动、餐饮、住宿和坐标尚未补充。
1002841,2841,public,柳州市三江侗族自治县八江镇布央村,广西,柳州,name_prefix,Liu Zhou Shi San Jiang Dong Zu Zi Zhi Xian Ba Jiang Zhen Bu Yang Cun,1,https://sjfw.mct.gov.cn/site/dataservice/rural,2022-12-07,2026-09-26,,,公开名录确认名称与所属地区；活动、餐饮、住宿和坐标尚未补充。
1002840,2840,public,河池市巴马瑶族自治县那桃乡平林村,广西,河池,name_prefix,He Chi Shi Ba Ma Yao Zu Zi Zhi Xian Na Tao Xiang Ping Lin Cun,1,https://sjfw.mct.gov.cn/site/dataservice/rural,2022-12-07,2026-09-26,,,公开名录确认名称与所属地区；活动、餐饮、住宿和坐标尚未补充。
1002839,2839,public,贵港市覃塘区覃塘街道龙凤村,广西,贵港,name_prefix,Gui Gang Shi Tan Tang Qu Tan Tang Jie Dao Long Feng Cun,1,https://sjfw.mct.gov.cn/site/dataservice/rural,2022-12-07,2026-09-26,,,公开名录确认名称与所属地区；活动、餐饮、住宿和坐标尚未补充。
1002838,2838,public,南宁市马山县古零镇小都百屯,广西,南宁,name_prefix,Nan Ning Shi Ma Shan Xian Gu Ling Zhen Xiao Dou Bai Tun,1,https://sjfw.mct.gov.cn/site/dataservice/rural,2022-12-07,2026-09-26,,,公开名录确认名称与所属地区；活动、餐饮、住宿和坐标尚未补充。
1002837,2837,public,来宾市金秀瑶族自治县六巷乡大岭村,广西,来宾,name_prefix,Lai Bin Shi Jin Xiu Yao Zu Zi Zhi Xian Liu Xiang Xiang Da Ling Cun,1,https://sjfw.mct.gov.cn/site/dataservice/rural,2022-12-07,2026-09-26,,,公开名录确认名称与所属地区；活动、餐饮、住宿和坐标尚未补充。
1002836,2836,public,桂林市灵川县大圩镇袁家村,广西,桂林,name_prefix,Gui Lin Shi Ling Chuan Xian Da Wei Zhen Yuan Jia Cun,1,https://sjfw.mct.gov.cn/site/dataservice/rural,2022-12-07,2026-09-26,,,公开名录确认名称与所属地区；活动、餐饮、住宿和坐标尚未补充。
1002835,2835,public,柳州市融水苗族自治县四荣乡荣地村,广西,柳州,name_prefix,Liu Zhou Shi Rong Shui Miao Zu Zi Zhi Xian Si Rong Xiang Rong Di Cun,1,https://sjfw.mct.gov.cn/site/dataservice/rural,2022-12-07,2026-09-26,,,公开名录确认名称与所属地区；活动、餐饮、住宿和坐标尚未补充。
1002834,2834,public,百色市田阳县五村镇巴某村,广西,百色,name_prefix,Bai Se Shi Tian Yang Xian Wu Cun Zhen Ba Mou Cun,1,https://sjfw.mct.gov.cn/site/dataservice/rural,2022-12-07,2026-09-26,,,公开名录确认名称与所属地区；活动、餐饮、住宿和坐标尚未补充。
1002833,2833,public,琼中黎族苗族自治县红毛镇什寒村,海南,海南,province_fallback,Qiong Zhong Li Zu Miao Zu Zi Zhi Xian Hong Mao Zhen Shen Han Cun,1,https://sjfw.mct.gov.cn/site/dataservice/rural,2022-12-07,2026-09-26,,,公开名录确认名称与所属地区；活动、餐饮、住宿和坐标尚未补充。
1002832,2832,public,三亚市吉阳区中廖村,海南,三亚,name_prefix,San Ya Shi Ji Yang Qu Zhong Liao Cun,1,https://sjfw.mct.gov.cn/site/dataservice/rural,2022-12-07,2026-09-26,,,公开名录确认名称与所属地区；活动、餐饮、住宿和坐标尚未补充。
1002831,2831,public,澄迈县老城镇罗驿村,海南,海南,province_fallback,Cheng Mai Xian Lao Cheng Zhen Luo Yi Cun,1,https://sjfw.mct.gov.cn/site/dataservice/rural,2022-12-07,2026-09-26,,,公开名录确认名称与所属地区；活动、餐饮、住宿和坐标尚未补充。
1002830,2830,public,白沙黎族自治县元门乡罗帅村,海南,海南,province_fallback,Bai Sha Li Zu Zi Zhi Xian Yuan Men Xiang Luo Shuai Cun,1,https://sjfw.mct.gov.cn/site/dataservice/rural,2022-12-07,2026-09-26,,,公开名录确认名称与所属地区；活动、餐饮、住宿和坐标尚未补充。
1002829,2829,public,儋州市木棠镇铁匠村,海南,儋州,name_prefix,Dan Zhou Shi Mu Tang Zhen Tie Jiang Cun,1,https://sjfw.mct.gov.cn/site/dataservice/rural,2022-12-07,2026-09-26,,,公开名录确认名称与所属地区；活动、餐饮、住宿和坐标尚未补充。
1002828,2828,public,海口市美兰区演丰镇山尾头村,海南,海口,name_prefix,Hai Kou Shi Mei Lan Qu Yan Feng Zhen Shan Wei Tou Cun,1,https://sjfw.mct.gov.cn/site/dataservice/rural,2022-12-07,2026-09-26,,,公开名录确认名称与所属地区；活动、餐饮、住宿和坐标尚未补充。
1002827,2827,public,定安县龙湖镇高林村,海南,海南,province_fallback,Ding An Xian Long Hu Zhen Gao Lin Cun,1,https://sjfw.mct.gov.cn/site/dataservice/rural,2022-12-07,2026-09-26,,,公开名录确认名称与所属地区；活动、餐饮、住宿和坐标尚未补充。
1002826,2826,public,海口市秀英区永兴镇冯塘村,海南,海口,name_prefix,Hai Kou Shi Xiu Ying Qu Yong Xing Zhen Feng Tang Cun,1,https://sjfw.mct.gov.cn/site/dataservice/rural,2022-12-07,2026-09-26,,,公开名录确认名称与所属地区；活动、餐饮、住宿和坐标尚未补充。
1002825,2825,public,永川区南大街街道黄瓜山村,重庆,重庆,municipality,Yong Chuan Qu Nan Da Jie Jie Dao Huang Gua Shan Cun,1,https://sjfw.mct.gov.cn/site/dataservice/rural,2022-12-07,2026-09-26,,,公开名录确认名称与所属地区；活动、餐饮、住宿和坐标尚未补充。
1002824,2824,public,武隆区仙女山镇荆竹村,重庆,重庆,municipality,Wu Long Qu Xian Nv Shan Zhen Jing Zhu Cun,1,https://sjfw.mct.gov.cn/site/dataservice/rural,2022-12-07,2026-09-26,,,公开名录确认名称与所属地区；活动、餐饮、住宿和坐标尚未补充。
1002823,2823,public,合川区涞滩镇二佛村,重庆,重庆,municipality,He Chuan Qu Lai Tan Zhen Er Fu Cun,1,https://sjfw.mct.gov.cn/site/dataservice/rural,2022-12-07,2026-09-26,,,公开名录确认名称与所属地区；活动、餐饮、住宿和坐标尚未补充。
1002822,2822,public,万盛经济技术开发区关坝镇凉风村,重庆,重庆,municipality,Wan Sheng Jing Ji Ji Shu Kai Fa Qu Guan Ba Zhen Liang Feng Cun,1,https://sjfw.mct.gov.cn/site/dataservice/rural,2022-12-07,2026-09-26,,,公开名录确认名称与所属地区；活动、餐饮、住宿和坐标尚未补充。
1002821,2821,public,大足区宝顶镇慈航社区,重庆,重庆,municipality,Da Zu Qu Bao Ding Zhen Ci Hang She Qu,1,https://sjfw.mct.gov.cn/site/dataservice/rural,2022-12-07,2026-09-26,,,公开名录确认名称与所属地区；活动、餐饮、住宿和坐标尚未补充。
1002820,2820,public,垫江县新民镇明月村,重庆,重庆,municipality,Dian Jiang Xian Xin Min Zhen Ming Yue Cun,1,https://sjfw.mct.gov.cn/site/dataservice/rural,2022-12-07,2026-09-26,,,公开名录确认名称与所属地区；活动、餐饮、住宿和坐标尚未补充。
1002819,2819,public,沙坪坝区曾家镇虎峰山村,重庆,重庆,municipality,Sha Ping Ba Qu Ceng Jia Zhen Hu Feng Shan Cun,1,https://sjfw.mct.gov.cn/site/dataservice/rural,2022-12-07,2026-09-26,,,公开名录确认名称与所属地区；活动、餐饮、住宿和坐标尚未补充。
1002818,2818,public,荣昌区万灵镇大荣寨社区,重庆,重庆,municipality,Rong Chang Qu Wan Ling Zhen Da Rong Zhai She Qu,1,https://sjfw.mct.gov.cn/site/dataservice/rural,2022-12-07,2026-09-26,,,公开名录确认名称与所属地区；活动、餐饮、住宿和坐标尚未补充。
1002817,2817,public,巫溪县古路镇观峰村,重庆,重庆,municipality,Wu Xi Xian Gu Lu Zhen Guan Feng Cun,1,https://sjfw.mct.gov.cn/site/dataservice/rural,2022-12-07,2026-09-26,,,公开名录确认名称与所属地区；活动、餐饮、住宿和坐标尚未补充。
1002816,2816,public,成都市蒲江县甘溪镇明月村,四川,成都,name_prefix,Cheng Du Shi Pu Jiang Xian Gan Xi Zhen Ming Yue Cun,1,https://sjfw.mct.gov.cn/site/dataservice/rural,2022-12-07,2026-09-26,,,公开名录确认名称与所属地区；活动、餐饮、住宿和坐标尚未补充。
1002815,2815,public,德阳市绵竹市孝德镇年画村,四川,德阳,name_prefix,De Yang Shi Mian Zhu Shi Xiao De Zhen Nian Hua Cun,1,https://sjfw.mct.gov.cn/site/dataservice/rural,2022-12-07,2026-09-26,,,公开名录确认名称与所属地区；活动、餐饮、住宿和坐标尚未补充。
1002814,2814,public,成都市郫都区唐昌街道战旗村,四川,成都,name_prefix,Cheng Du Shi Pi Dou Qu Tang Chang Jie Dao Zhan Qi Cun,1,https://sjfw.mct.gov.cn/site/dataservice/rural,2022-12-07,2026-09-26,,,公开名录确认名称与所属地区；活动、餐饮、住宿和坐标尚未补充。
1002813,2813,public,凉山彝族自治州昭觉县支尓莫乡阿土列尔村,四川,凉山彝族自治州,name_prefix,Liang Shan Yi Zu Zi Zhi Zhou Zhao Jue Xian Zhi Er Mo Xiang A Tu Lie Er Cun,1,https://sjfw.mct.gov.cn/site/dataservice/rural,2022-12-07,2026-09-26,,,公开名录确认名称与所属地区；活动、餐饮、住宿和坐标尚未补充。
1002812,2812,public,眉山市丹棱县顺龙乡幸福村,四川,眉山,name_prefix,Mei Shan Shi Dan Leng Xian Shun Long Xiang Xing Fu Cun,1,https://sjfw.mct.gov.cn/site/dataservice/rural,2022-12-07,2026-09-26,,,公开名录确认名称与所属地区；活动、餐饮、住宿和坐标尚未补充。
1002811,2811,public,甘孜藏族自治州丹巴县聂呷乡甲居二村,四川,甘孜藏族自治州,name_prefix,Gan Zi Zang Zu Zi Zhi Zhou Dan Ba Xian Nie Ga Xiang Jia Ju Er Cun,1,https://sjfw.mct.gov.cn/site/dataservice/rural,2022-12-07,2026-09-26,,,公开名录确认名称与所属地区；活动、餐饮、住宿和坐标尚未补充。
1002810,2810,public,成都市彭州市龙门山镇宝山村,四川,成都,name_prefix,Cheng Du Shi Peng Zhou Shi Long Men Shan Zhen Bao Shan Cun,1,https://sjfw.mct.gov.cn/site/dataservice/rural,2022-12-07,2026-09-26,,,公开名录确认名称与所属地区；活动、餐饮、住宿和坐标尚未补充。
1002809,2809,public,乐山市峨边县黑竹沟镇底底古村,四川,乐山,name_prefix,Le Shan Shi E Bian Xian Hei Zhu Gou Zhen Di Di Gu Cun,1,https://sjfw.mct.gov.cn/site/dataservice/rural,2022-12-07,2026-09-26,,,公开名录确认名称与所属地区；活动、餐饮、住宿和坐标尚未补充。
1002808,2808,public,南充市阆中市天林乡五龙村,四川,南充,name_prefix,Nan Chong Shi Lang Zhong Shi Tian Lin Xiang Wu Long Cun,1,https://sjfw.mct.gov.cn/site/dataservice/rural,2022-12-07,2026-09-26,,,公开名录确认名称与所属地区；活动、餐饮、住宿和坐标尚未补充。
1002807,2807,public,成都市都江堰市柳街镇七里社区,四川,成都,name_prefix,Cheng Du Shi Du Jiang Yan Shi Liu Jie Zhen Qi Li She Qu,1,https://sjfw.mct.gov.cn/site/dataservice/rural,2022-12-07,2026-09-26,,,公开名录确认名称与所属地区；活动、餐饮、住宿和坐标尚未补充。
1002806,2806,public,泸州市纳溪区大渡口镇民强村,四川,泸州,name_prefix,Lu Zhou Shi Na Xi Qu Da Du Kou Zhen Min Qiang Cun,1,https://sjfw.mct.gov.cn/site/dataservice/rural,2022-12-07,2026-09-26,,,公开名录确认名称与所属地区；活动、餐饮、住宿和坐标尚未补充。
1002805,2805,public,达州市宣汉县三墩土家族乡大窝村,四川,达州,name_prefix,Da Zhou Shi Xuan Han Xian San Dun Tu Jia Zu Xiang Da Wo Cun,1,https://sjfw.mct.gov.cn/site/dataservice/rural,2022-12-07,2026-09-26,,,公开名录确认名称与所属地区；活动、餐饮、住宿和坐标尚未补充。
1002804,2804,public,遵义市播州区枫香镇花茂村,贵州,遵义,name_prefix,Zun Yi Shi Bo Zhou Qu Feng Xiang Zhen Hua Mao Cun,1,https://sjfw.mct.gov.cn/site/dataservice/rural,2022-12-07,2026-09-26,,,公开名录确认名称与所属地区；活动、餐饮、住宿和坐标尚未补充。
1002803,2803,public,铜仁市江口县太平镇云舍村,贵州,铜仁,name_prefix,Tong Ren Shi Jiang Kou Xian Tai Ping Zhen Yun She Cun,1,https://sjfw.mct.gov.cn/site/dataservice/rural,2022-12-07,2026-09-26,,,公开名录确认名称与所属地区；活动、餐饮、住宿和坐标尚未补充。
1002802,2802,public,黔东南苗族侗族自治州台江县老屯乡长滩村,贵州,黔东南苗族侗族自治州,name_prefix,Qian Dong Nan Miao Zu Dong Zu Zi Zhi Zhou Tai Jiang Xian Lao Tun Xiang Chang Tan Cun,1,https://sjfw.mct.gov.cn/site/dataservice/rural,2022-12-07,2026-09-26,,,公开名录确认名称与所属地区；活动、餐饮、住宿和坐标尚未补充。
1002801,2801,public,六盘水市盘州市淤泥乡岩博村,贵州,六盘水,name_prefix,Liu Pan Shui Shi Pan Zhou Shi Yu Ni Xiang Yan Bo Cun,1,https://sjfw.mct.gov.cn/site/dataservice/rural,2022-12-07,2026-09-26,,,公开名录确认名称与所属地区；活动、餐饮、住宿和坐标尚未补充。
1002800,2800,public,安顺市平坝区乐平镇塘约村,贵州,安顺,name_prefix,An Shun Shi Ping Ba Qu Le Ping Zhen Tang Yue Cun,1,https://sjfw.mct.gov.cn/site/dataservice/rural,2022-12-07,2026-09-26,,,公开名录确认名称与所属地区；活动、餐饮、住宿和坐标尚未补充。
1002799,2799,public,黔南布依族苗族自治州惠水县好花红镇好花红村,贵州,黔南布依族苗族自治州,name_prefix,Qian Nan Bu Yi Zu Miao Zu Zi Zhi Zhou Hui Shui Xian Hao Hua Hong Zhen Hao Hua Hong Cun,1,https://sjfw.mct.gov.cn/site/dataservice/rural,2022-12-07,2026-09-26,,,公开名录确认名称与所属地区；活动、餐饮、住宿和坐标尚未补充。
1002798,2798,public,遵义市播州区平正仡佬族乡团结村,贵州,遵义,name_prefix,Zun Yi Shi Bo Zhou Qu Ping Zheng Ge Lao Zu Xiang Tuan Jie Cun,1,https://sjfw.mct.gov.cn/site/dataservice/rural,2022-12-07,2026-09-26,,,公开名录确认名称与所属地区；活动、餐饮、住宿和坐标尚未补充。
1002797,2797,public,遵义市新蒲新区新舟镇槐安村,贵州,遵义,name_prefix,Zun Yi Shi Xin Pu Xin Qu Xin Zhou Zhen Huai An Cun,1,https://sjfw.mct.gov.cn/site/dataservice/rural,2022-12-07,2026-09-26,,,公开名录确认名称与所属地区；活动、餐饮、住宿和坐标尚未补充。
1002796,2796,public,贵阳市开阳县南江布依族苗族乡龙广村,贵州,贵阳,name_prefix,Gui Yang Shi Kai Yang Xian Nan Jiang Bu Yi Zu Miao Zu Xiang Long Guang Cun,1,https://sjfw.mct.gov.cn/site/dataservice/rural,2022-12-07,2026-09-26,,,公开名录确认名称与所属地区；活动、餐饮、住宿和坐标尚未补充。
1002795,2795,public,黔西南布依族苗族自治州兴义市万峰林街道上纳灰村,贵州,黔西南布依族苗族自治州,name_prefix,Qian Xi Nan Bu Yi Zu Miao Zu Zi Zhi Zhou Xing Yi Shi Wan Feng Lin Jie Dao Shang Na Hui Cun,1,https://sjfw.mct.gov.cn/site/dataservice/rural,2022-12-07,2026-09-26,,,公开名录确认名称与所属地区；活动、餐饮、住宿和坐标尚未补充。
1002794,2794,public,六盘水市水城县蟠龙镇百车河村,贵州,六盘水,name_prefix,Liu Pan Shui Shi Shui Cheng Xian Pan Long Zhen Bai Che He Cun,1,https://sjfw.mct.gov.cn/site/dataservice/rural,2022-12-07,2026-09-26,,,公开名录确认名称与所属地区；活动、餐饮、住宿和坐标尚未补充。
1002793,2793,public,毕节市大方县核桃乡木寨村,贵州,毕节,name_prefix,Bi Jie Shi Da Fang Xian He Tao Xiang Mu Zhai Cun,1,https://sjfw.mct.gov.cn/site/dataservice/rural,2022-12-07,2026-09-26,,,公开名录确认名称与所属地区；活动、餐饮、住宿和坐标尚未补充。
1002792,2792,public,大理白族自治州大理市双廊镇双廊村,云南,大理白族自治州,name_prefix,Da Li Bai Zu Zi Zhi Zhou Da Li Shi Shuang Lang Zhen Shuang Lang Cun,1,https://sjfw.mct.gov.cn/site/dataservice/rural,2022-12-07,2026-09-26,,,公开名录确认名称与所属地区；活动、餐饮、住宿和坐标尚未补充。
1002791,2791,public,大理白族自治州大理市双廊镇大建旁村,云南,大理白族自治州,name_prefix,Da Li Bai Zu Zi Zhi Zhou Da Li Shi Shuang Lang Zhen Da Jian Pang Cun,1,https://sjfw.mct.gov.cn/site/dataservice/rural,2022-12-07,2026-09-26,,,公开名录确认名称与所属地区；活动、餐饮、住宿和坐标尚未补充。
1002790,2790,public,文山壮族苗族自治州丘北县双龙营镇仙人洞村,云南,文山壮族苗族自治州,name_prefix,Wen Shan Zhuang Zu Miao Zu Zi Zhi Zhou Qiu Bei Xian Shuang Long Ying Zhen Xian Ren Dong Cun,1,https://sjfw.mct.gov.cn/site/dataservice/rural,2022-12-07,2026-09-26,,,公开名录确认名称与所属地区；活动、餐饮、住宿和坐标尚未补充。
1002789,2789,public,普洱市宁洱哈尼族彝族自治县同心镇那柯里村,云南,普洱,name_prefix,Pu Er Shi Ning Er Ha Ni Zu Yi Zu Zi Zhi Xian Tong Xin Zhen Na Ke Li Cun,1,https://sjfw.mct.gov.cn/site/dataservice/rural,2022-12-07,2026-09-26,,,公开名录确认名称与所属地区；活动、餐饮、住宿和坐标尚未补充。
1002788,2788,public,昆明市安宁市温泉街道温泉小村,云南,昆明,name_prefix,Kun Ming Shi An Ning Shi Wen Quan Jie Dao Wen Quan Xiao Cun,1,https://sjfw.mct.gov.cn/site/dataservice/rural,2022-12-07,2026-09-26,,,公开名录确认名称与所属地区；活动、餐饮、住宿和坐标尚未补充。
1002787,2787,public,红河哈尼族彝族自治州建水县西庄镇团山村,云南,红河哈尼族彝族自治州,name_prefix,Hong He Ha Ni Zu Yi Zu Zi Zhi Zhou Jian Shui Xian Xi Zhuang Zhen Tuan Shan Cun,1,https://sjfw.mct.gov.cn/site/dataservice/rural,2022-12-07,2026-09-26,,,公开名录确认名称与所属地区；活动、餐饮、住宿和坐标尚未补充。
1002786,2786,public,昆明市宜良县耿家营乡河湾村,云南,昆明,name_prefix,Kun Ming Shi Yi Liang Xian Geng Jia Ying Xiang He Wan Cun,1,https://sjfw.mct.gov.cn/site/dataservice/rural,2022-12-07,2026-09-26,,,公开名录确认名称与所属地区；活动、餐饮、住宿和坐标尚未补充。
1002785,2785,public,西双版纳傣族自治州勐海县打洛镇勐景来村,云南,西双版纳傣族自治州,name_prefix,Xi Shuang Ban Na Dai Zu Zi Zhi Zhou Meng Hai Xian Da Luo Zhen Meng Jing Lai Cun,1,https://sjfw.mct.gov.cn/site/dataservice/rural,2022-12-07,2026-09-26,,,公开名录确认名称与所属地区；活动、餐饮、住宿和坐标尚未补充。
1002784,2784,public,玉溪市红塔区大营街道大营街社区,云南,玉溪,name_prefix,Yu Xi Shi Hong Ta Qu Da Ying Jie Dao Da Ying Jie She Qu,1,https://sjfw.mct.gov.cn/site/dataservice/rural,2022-12-07,2026-09-26,,,公开名录确认名称与所属地区；活动、餐饮、住宿和坐标尚未补充。
1002783,2783,public,丽江市古城区大研街道义尚社区文林村民小组,云南,丽江,name_prefix,Li Jiang Shi Gu Cheng Qu Da Yan Jie Dao Yi Shang She Qu Wen Lin Cun Min Xiao Zu,1,https://sjfw.mct.gov.cn/site/dataservice/rural,2022-12-07,2026-09-26,,,公开名录确认名称与所属地区；活动、餐饮、住宿和坐标尚未补充。
1002782,2782,public,西双版纳傣族自治州勐腊县勐腊镇曼龙勒村民小组,云南,西双版纳傣族自治州,name_prefix,Xi Shuang Ban Na Dai Zu Zi Zhi Zhou Meng La Xian Meng La Zhen Man Long Lei Cun Min Xiao Zu,1,https://sjfw.mct.gov.cn/site/dataservice/rural,2022-12-07,2026-09-26,,,公开名录确认名称与所属地区；活动、餐饮、住宿和坐标尚未补充。
1002781,2781,public,曲靖市罗平县鲁布革乡腊者村,云南,曲靖,name_prefix,Qu Jing Shi Luo Ping Xian Lu Bu Ge Xiang La Zhe Cun,1,https://sjfw.mct.gov.cn/site/dataservice/rural,2022-12-07,2026-09-26,,,公开名录确认名称与所属地区；活动、餐饮、住宿和坐标尚未补充。
1002780,2780,public,普洱市思茅区南屏镇曼连社区高家寨村民小组,云南,普洱,name_prefix,Pu Er Shi Si Mao Qu Nan Ping Zhen Man Lian She Qu Gao Jia Zhai Cun Min Xiao Zu,1,https://sjfw.mct.gov.cn/site/dataservice/rural,2022-12-07,2026-09-26,,,公开名录确认名称与所属地区；活动、餐饮、住宿和坐标尚未补充。
1002779,2779,public,拉萨市尼木县卡如乡卡如村,西藏,拉萨,name_prefix,La Sa Shi Ni Mu Xian Ka Ru Xiang Ka Ru Cun,1,https://sjfw.mct.gov.cn/site/dataservice/rural,2022-12-07,2026-09-26,,,公开名录确认名称与所属地区；活动、餐饮、住宿和坐标尚未补充。
1002778,2778,public,林芝市波密县古乡巴卡村,西藏,林芝,name_prefix,Lin Zhi Shi Bo Mi Xian Gu Xiang Ba Ka Cun,1,https://sjfw.mct.gov.cn/site/dataservice/rural,2022-12-07,2026-09-26,,,公开名录确认名称与所属地区；活动、餐饮、住宿和坐标尚未补充。
1002777,2777,public,林芝市巴宜区林芝镇真巴村,西藏,林芝,name_prefix,Lin Zhi Shi Ba Yi Qu Lin Zhi Zhen Zhen Ba Cun,1,https://sjfw.mct.gov.cn/site/dataservice/rural,2022-12-07,2026-09-26,,,公开名录确认名称与所属地区；活动、餐饮、住宿和坐标尚未补充。
1002776,2776,public,昌都市江达县岗托镇岗托村,西藏,昌都,name_prefix,Chang Du Shi Jiang Da Xian Gang Tuo Zhen Gang Tuo Cun,1,https://sjfw.mct.gov.cn/site/dataservice/rural,2022-12-07,2026-09-26,,,公开名录确认名称与所属地区；活动、餐饮、住宿和坐标尚未补充。
1002775,2775,public,那曲市尼玛县文部乡南村,西藏,那曲,name_prefix,Na Qu Shi Ni Ma Xian Wen Bu Xiang Nan Cun,1,https://sjfw.mct.gov.cn/site/dataservice/rural,2022-12-07,2026-09-26,,,公开名录确认名称与所属地区；活动、餐饮、住宿和坐标尚未补充。
1002774,2774,public,拉萨市当雄县羊八井镇巴嘎村,西藏,拉萨,name_prefix,La Sa Shi Dang Xiong Xian Yang Ba Jing Zhen Ba Ga Cun,1,https://sjfw.mct.gov.cn/site/dataservice/rural,2022-12-07,2026-09-26,,,公开名录确认名称与所属地区；活动、餐饮、住宿和坐标尚未补充。
1002773,2773,public,拉萨市达孜区德庆镇白纳村,西藏,拉萨,name_prefix,La Sa Shi Da Zi Qu De Qing Zhen Bai Na Cun,1,https://sjfw.mct.gov.cn/site/dataservice/rural,2022-12-07,2026-09-26,,,公开名录确认名称与所属地区；活动、餐饮、住宿和坐标尚未补充。
1002772,2772,public,山南市隆子县玉麦乡玉麦村,西藏,山南,name_prefix,Shan Nan Shi Long Zi Xian Yu Mai Xiang Yu Mai Cun,1,https://sjfw.mct.gov.cn/site/dataservice/rural,2022-12-07,2026-09-26,,,公开名录确认名称与所属地区；活动、餐饮、住宿和坐标尚未补充。
1002771,2771,public,山南市错那县麻麻门巴民族乡麻麻村,西藏,山南,name_prefix,Shan Nan Shi Cuo Na Xian Ma Ma Men Ba Min Zu Xiang Ma Ma Cun,1,https://sjfw.mct.gov.cn/site/dataservice/rural,2022-12-07,2026-09-26,,,公开名录确认名称与所属地区；活动、餐饮、住宿和坐标尚未补充。
1002770,2770,public,咸阳市礼泉县烟霞镇袁家村,陕西,咸阳,name_prefix,Xian Yang Shi Li Quan Xian Yan Xia Zhen Yuan Jia Cun,1,https://sjfw.mct.gov.cn/site/dataservice/rural,2022-12-07,2026-09-26,,,公开名录确认名称与所属地区；活动、餐饮、住宿和坐标尚未补充。
1002769,2769,public,商洛市商南县金丝峡镇太子坪村,陕西,商洛,name_prefix,Shang Luo Shi Shang Nan Xian Jin Si Xia Zhen Tai Zi Ping Cun,1,https://sjfw.mct.gov.cn/site/dataservice/rural,2022-12-07,2026-09-26,,,公开名录确认名称与所属地区；活动、餐饮、住宿和坐标尚未补充。
1002768,2768,public,商洛市柞水县营盘镇朱家湾村,陕西,商洛,name_prefix,Shang Luo Shi Zha Shui Xian Ying Pan Zhen Zhu Jia Wan Cun,1,https://sjfw.mct.gov.cn/site/dataservice/rural,2022-12-07,2026-09-26,,,公开名录确认名称与所属地区；活动、餐饮、住宿和坐标尚未补充。
1002767,2767,public,榆林市佳县坑镇赤牛坬村,陕西,榆林,name_prefix,Yu Lin Shi Jia Xian Keng Zhen Chi Niu Gua Cun,1,https://sjfw.mct.gov.cn/site/dataservice/rural,2022-12-07,2026-09-26,,,公开名录确认名称与所属地区；活动、餐饮、住宿和坐标尚未补充。
1002766,2766,public,铜川市耀州区石柱镇马咀村,陕西,铜川,name_prefix,Tong Chuan Shi Yao Zhou Qu Shi Zhu Zhen Ma Ju Cun,1,https://sjfw.mct.gov.cn/site/dataservice/rural,2022-12-07,2026-09-26,,,公开名录确认名称与所属地区；活动、餐饮、住宿和坐标尚未补充。
1002765,2765,public,渭南市白水县杜康镇和家卓村,陕西,渭南,name_prefix,Wei Nan Shi Bai Shui Xian Du Kang Zhen He Jia Zhuo Cun,1,https://sjfw.mct.gov.cn/site/dataservice/rural,2022-12-07,2026-09-26,,,公开名录确认名称与所属地区；活动、餐饮、住宿和坐标尚未补充。
1002764,2764,public,汉中市留坝县火烧店镇堰坎村,陕西,汉中,name_prefix,Han Zhong Shi Liu Ba Xian Huo Shao Dian Zhen Yan Kan Cun,1,https://sjfw.mct.gov.cn/site/dataservice/rural,2022-12-07,2026-09-26,,,公开名录确认名称与所属地区；活动、餐饮、住宿和坐标尚未补充。
1002763,2763,public,安康市石泉县饶峰镇胜利村,陕西,安康,name_prefix,An Kang Shi Shi Quan Xian Rao Feng Zhen Sheng Li Cun,1,https://sjfw.mct.gov.cn/site/dataservice/rural,2022-12-07,2026-09-26,,,公开名录确认名称与所属地区；活动、餐饮、住宿和坐标尚未补充。
1002762,2762,public,宝鸡市太白县黄柏塬镇黄柏塬村,陕西,宝鸡,name_prefix,Bao Ji Shi Tai Bai Xian Huang Bai Yuan Zhen Huang Bai Yuan Cun,1,https://sjfw.mct.gov.cn/site/dataservice/rural,2022-12-07,2026-09-26,,,公开名录确认名称与所属地区；活动、餐饮、住宿和坐标尚未补充。
1002761,2761,public,韩城市西庄镇党家村,陕西,韩城,name_prefix,Han Cheng Shi Xi Zhuang Zhen Dang Jia Cun,1,https://sjfw.mct.gov.cn/site/dataservice/rural,2022-12-07,2026-09-26,,,公开名录确认名称与所属地区；活动、餐饮、住宿和坐标尚未补充。
1002760,2760,public,安康市岚皋县四季镇天坪村,陕西,安康,name_prefix,An Kang Shi Lan Gao Xian Si Ji Zhen Tian Ping Cun,1,https://sjfw.mct.gov.cn/site/dataservice/rural,2022-12-07,2026-09-26,,,公开名录确认名称与所属地区；活动、餐饮、住宿和坐标尚未补充。
1002759,2759,public,酒泉市敦煌市月牙泉镇月牙泉村,甘肃,酒泉,name_prefix,Jiu Quan Shi Dun Huang Shi Yue Ya Quan Zhen Yue Ya Quan Cun,1,https://sjfw.mct.gov.cn/site/dataservice/rural,2022-12-07,2026-09-26,,,公开名录确认名称与所属地区；活动、餐饮、住宿和坐标尚未补充。
1002758,2758,public,庆阳市华池县南梁镇荔园堡村,甘肃,庆阳,name_prefix,Qing Yang Shi Hua Chi Xian Nan Liang Zhen Li Yuan Bao Cun,1,https://sjfw.mct.gov.cn/site/dataservice/rural,2022-12-07,2026-09-26,,,公开名录确认名称与所属地区；活动、餐饮、住宿和坐标尚未补充。
1002757,2757,public,甘南藏族自治州卓尼县木耳镇博峪村,甘肃,甘南藏族自治州,name_prefix,Gan Nan Zang Zu Zi Zhi Zhou Zhuo Ni Xian Mu Er Zhen Bo Yu Cun,1,https://sjfw.mct.gov.cn/site/dataservice/rural,2022-12-07,2026-09-26,,,公开名录确认名称与所属地区；活动、餐饮、住宿和坐标尚未补充。
1002756,2756,public,武威市天祝藏族自治县天堂镇天堂村,甘肃,武威,name_prefix,Wu Wei Shi Tian Zhu Zang Zu Zi Zhi Xian Tian Tang Zhen Tian Tang Cun,1,https://sjfw.mct.gov.cn/site/dataservice/rural,2022-12-07,2026-09-26,,,公开名录确认名称与所属地区；活动、餐饮、住宿和坐标尚未补充。
1002755,2755,public,临夏回族自治州临夏市折桥镇折桥村,甘肃,临夏回族自治州,name_prefix,Lin Xia Hui Zu Zi Zhi Zhou Lin Xia Shi Zhe Qiao Zhen Zhe Qiao Cun,1,https://sjfw.mct.gov.cn/site/dataservice/rural,2022-12-07,2026-09-26,,,公开名录确认名称与所属地区；活动、餐饮、住宿和坐标尚未补充。
1002754,2754,public,甘南藏族自治州碌曲县尕海乡尕秀村,甘肃,甘南藏族自治州,name_prefix,Gan Nan Zang Zu Zi Zhi Zhou Lu Qu Xian Ga Hai Xiang Ga Xiu Cun,1,https://sjfw.mct.gov.cn/site/dataservice/rural,2022-12-07,2026-09-26,,,公开名录确认名称与所属地区；活动、餐饮、住宿和坐标尚未补充。
1002753,2753,public,酒泉市敦煌市阳关镇龙勒村,甘肃,酒泉,name_prefix,Jiu Quan Shi Dun Huang Shi Yang Guan Zhen Long Lei Cun,1,https://sjfw.mct.gov.cn/site/dataservice/rural,2022-12-07,2026-09-26,,,公开名录确认名称与所属地区；活动、餐饮、住宿和坐标尚未补充。
1002752,2752,public,陇南市康县长坝镇花桥村,甘肃,陇南,name_prefix,Long Nan Shi Kang Xian Zhang Ba Zhen Hua Qiao Cun,1,https://sjfw.mct.gov.cn/site/dataservice/rural,2022-12-07,2026-09-26,,,公开名录确认名称与所属地区；活动、餐饮、住宿和坐标尚未补充。
1002751,2751,public,张掖市民乐县民联镇东寨村,甘肃,张掖,name_prefix,Zhang Ye Shi Min Yue Xian Min Lian Zhen Dong Zhai Cun,1,https://sjfw.mct.gov.cn/site/dataservice/rural,2022-12-07,2026-09-26,,,公开名录确认名称与所属地区；活动、餐饮、住宿和坐标尚未补充。
1002750,2750,public,甘南藏族自治州夏河县曲奥乡香告村,甘肃,甘南藏族自治州,name_prefix,Gan Nan Zang Zu Zi Zhi Zhou Xia He Xian Qu Ao Xiang Xiang Gao Cun,1,https://sjfw.mct.gov.cn/site/dataservice/rural,2022-12-07,2026-09-26,,,公开名录确认名称与所属地区；活动、餐饮、住宿和坐标尚未补充。
1002749,2749,public,庆阳市西峰区显胜乡毛寺村,甘肃,庆阳,name_prefix,Qing Yang Shi Xi Feng Qu Xian Sheng Xiang Mao Si Cun,1,https://sjfw.mct.gov.cn/site/dataservice/rural,2022-12-07,2026-09-26,,,公开名录确认名称与所属地区；活动、餐饮、住宿和坐标尚未补充。
1002748,2748,public,张掖市临泽县板桥镇红沟村,甘肃,张掖,name_prefix,Zhang Ye Shi Lin Ze Xian Ban Qiao Zhen Hong Gou Cun,1,https://sjfw.mct.gov.cn/site/dataservice/rural,2022-12-07,2026-09-26,,,公开名录确认名称与所属地区；活动、餐饮、住宿和坐标尚未补充。
1002747,2747,public,西宁市湟中县拦隆口镇拦一村,青海,西宁,name_prefix,Xi Ning Shi Huang Zhong Xian Lan Long Kou Zhen Lan Yi Cun,1,https://sjfw.mct.gov.cn/site/dataservice/rural,2022-12-07,2026-09-26,,,公开名录确认名称与所属地区；活动、餐饮、住宿和坐标尚未补充。
1002746,2746,public,海东市互助土族自治县东和乡麻吉村,青海,海东,name_prefix,Hai Dong Shi Hu Zhu Tu Zu Zi Zhi Xian Dong He Xiang Ma Ji Cun,1,https://sjfw.mct.gov.cn/site/dataservice/rural,2022-12-07,2026-09-26,,,公开名录确认名称与所属地区；活动、餐饮、住宿和坐标尚未补充。
1002745,2745,public,西宁市湟中县土门关乡上山庄村,青海,西宁,name_prefix,Xi Ning Shi Huang Zhong Xian Tu Men Guan Xiang Shang Shan Zhuang Cun,1,https://sjfw.mct.gov.cn/site/dataservice/rural,2022-12-07,2026-09-26,,,公开名录确认名称与所属地区；活动、餐饮、住宿和坐标尚未补充。
1002744,2744,public,西宁市大通回族土族自治县朔北藏族乡边麻沟村,青海,西宁,name_prefix,Xi Ning Shi Da Tong Hui Zu Tu Zu Zi Zhi Xian Shuo Bei Zang Zu Xiang Bian Ma Gou Cun,1,https://sjfw.mct.gov.cn/site/dataservice/rural,2022-12-07,2026-09-26,,,公开名录确认名称与所属地区；活动、餐饮、住宿和坐标尚未补充。
1002743,2743,public,西宁市湟中县田家寨镇田家寨村,青海,西宁,name_prefix,Xi Ning Shi Huang Zhong Xian Tian Jia Zhai Zhen Tian Jia Zhai Cun,1,https://sjfw.mct.gov.cn/site/dataservice/rural,2022-12-07,2026-09-26,,,公开名录确认名称与所属地区；活动、餐饮、住宿和坐标尚未补充。
1002742,2742,public,海西蒙古族藏族自治州乌兰县茶卡镇莫河骆驼场,青海,海西蒙古族藏族自治州,name_prefix,Hai Xi Meng Gu Zu Zang Zu Zi Zhi Zhou Wu Lan Xian Cha Ka Zhen Mo He Luo Tuo Chang,1,https://sjfw.mct.gov.cn/site/dataservice/rural,2022-12-07,2026-09-26,,,公开名录确认名称与所属地区；活动、餐饮、住宿和坐标尚未补充。
1002741,2741,public,海东市互助土族自治县威远镇卓扎滩村,青海,海东,name_prefix,Hai Dong Shi Hu Zhu Tu Zu Zi Zhi Xian Wei Yuan Zhen Zhuo Zha Tan Cun,1,https://sjfw.mct.gov.cn/site/dataservice/rural,2022-12-07,2026-09-26,,,公开名录确认名称与所属地区；活动、餐饮、住宿和坐标尚未补充。
1002740,2740,public,西宁市湟源县日月藏族乡兔儿干村,青海,西宁,name_prefix,Xi Ning Shi Huang Yuan Xian Ri Yue Zang Zu Xiang Tu Er Gan Cun,1,https://sjfw.mct.gov.cn/site/dataservice/rural,2022-12-07,2026-09-26,,,公开名录确认名称与所属地区；活动、餐饮、住宿和坐标尚未补充。
1002739,2739,public,中卫市沙坡头区迎水桥镇沙坡头村,宁夏,中卫,name_prefix,Zhong Wei Shi Sha Po Tou Qu Ying Shui Qiao Zhen Sha Po Tou Cun,1,https://sjfw.mct.gov.cn/site/dataservice/rural,2022-12-07,2026-09-26,,,公开名录确认名称与所属地区；活动、餐饮、住宿和坐标尚未补充。
1002738,2738,public,固原市西吉县吉强镇龙王坝村,宁夏,固原,name_prefix,Gu Yuan Shi Xi Ji Xian Ji Qiang Zhen Long Wang Ba Cun,1,https://sjfw.mct.gov.cn/site/dataservice/rural,2022-12-07,2026-09-26,,,公开名录确认名称与所属地区；活动、餐饮、住宿和坐标尚未补充。
1002737,2737,public,固原市隆德县陈靳乡新和村,宁夏,固原,name_prefix,Gu Yuan Shi Long De Xian Chen Jin Xiang Xin He Cun,1,https://sjfw.mct.gov.cn/site/dataservice/rural,2022-12-07,2026-09-26,,,公开名录确认名称与所属地区；活动、餐饮、住宿和坐标尚未补充。
1002736,2736,public,银川市永宁县闽宁镇原隆村,宁夏,银川,name_prefix,Yin Chuan Shi Yong Ning Xian Min Ning Zhen Yuan Long Cun,1,https://sjfw.mct.gov.cn/site/dataservice/rural,2022-12-07,2026-09-26,,,公开名录确认名称与所属地区；活动、餐饮、住宿和坐标尚未补充。
1002735,2735,public,固原市隆德县城关镇红崖村,宁夏,固原,name_prefix,Gu Yuan Shi Long De Xian Cheng Guan Zhen Hong Ya Cun,1,https://sjfw.mct.gov.cn/site/dataservice/rural,2022-12-07,2026-09-26,,,公开名录确认名称与所属地区；活动、餐饮、住宿和坐标尚未补充。
1002734,2734,public,石嘴山市大武口区长胜街道龙泉村,宁夏,石嘴山,name_prefix,Shi Zui Shan Shi Da Wu Kou Qu Zhang Sheng Jie Dao Long Quan Cun,1,https://sjfw.mct.gov.cn/site/dataservice/rural,2022-12-07,2026-09-26,,,公开名录确认名称与所属地区；活动、餐饮、住宿和坐标尚未补充。
1002733,2733,public,吴忠市利通区上桥镇牛家坊村,宁夏,吴忠,name_prefix,Wu Zhong Shi Li Tong Qu Shang Qiao Zhen Niu Jia Fang Cun,1,https://sjfw.mct.gov.cn/site/dataservice/rural,2022-12-07,2026-09-26,,,公开名录确认名称与所属地区；活动、餐饮、住宿和坐标尚未补充。
1002732,2732,public,银川市西夏区镇北堡镇镇北堡村,宁夏,银川,name_prefix,Yin Chuan Shi Xi Xia Qu Zhen Bei Bao Zhen Zhen Bei Bao Cun,1,https://sjfw.mct.gov.cn/site/dataservice/rural,2022-12-07,2026-09-26,,,公开名录确认名称与所属地区；活动、餐饮、住宿和坐标尚未补充。
1002731,2731,public,吴忠市盐池县高沙窝镇兴武营村,宁夏,吴忠,name_prefix,Wu Zhong Shi Yan Chi Xian Gao Sha Wo Zhen Xing Wu Ying Cun,1,https://sjfw.mct.gov.cn/site/dataservice/rural,2022-12-07,2026-09-26,,,公开名录确认名称与所属地区；活动、餐饮、住宿和坐标尚未补充。
1002730,2730,public,乌鲁木齐市乌鲁木齐县水西沟镇平西梁村,新疆,乌鲁木齐,name_prefix,Wu Lu Mu Qi Shi Wu Lu Mu Qi Xian Shui Xi Gou Zhen Ping Xi Liang Cun,1,https://sjfw.mct.gov.cn/site/dataservice/rural,2022-12-07,2026-09-26,,,公开名录确认名称与所属地区；活动、餐饮、住宿和坐标尚未补充。
1002729,2729,public,阿勒泰地区布尔津县禾木喀纳斯蒙古族乡禾木村,新疆,阿勒泰地区,name_prefix,A Lei Tai Di Qu Bu Er Jin Xian He Mu Ka Na Si Meng Gu Zu Xiang He Mu Cun,1,https://sjfw.mct.gov.cn/site/dataservice/rural,2022-12-07,2026-09-26,,,公开名录确认名称与所属地区；活动、餐饮、住宿和坐标尚未补充。
1002728,2728,public,伊犁哈萨克自治州特克斯县喀拉达拉镇琼库什台村,新疆,伊犁哈萨克自治州,name_prefix,Yi Li Ha Sa Ke Zi Zhi Zhou Te Ke Si Xian Ka La Da La Zhen Qiong Ku Shen Tai Cun,1,https://sjfw.mct.gov.cn/site/dataservice/rural,2022-12-07,2026-09-26,,,公开名录确认名称与所属地区；活动、餐饮、住宿和坐标尚未补充。
1002727,2727,public,吐鲁番市高昌区亚尔镇上湖村,新疆,吐鲁番,name_prefix,Tu Lu Fan Shi Gao Chang Qu Ya Er Zhen Shang Hu Cun,1,https://sjfw.mct.gov.cn/site/dataservice/rural,2022-12-07,2026-09-26,,,公开名录确认名称与所属地区；活动、餐饮、住宿和坐标尚未补充。
1002726,2726,public,塔城地区额敏县加尔布拉克农场酒花村,新疆,塔城地区,name_prefix,Ta Cheng Di Qu E Min Xian Jia Er Bu La Ke Nong Chang Jiu Hua Cun,1,https://sjfw.mct.gov.cn/site/dataservice/rural,2022-12-07,2026-09-26,,,公开名录确认名称与所属地区；活动、餐饮、住宿和坐标尚未补充。
1002725,2725,public,巴音郭楞蒙古自治州库尔勒市巴州阿瓦提农场,新疆,巴音郭楞蒙古自治州,name_prefix,Ba Yin Guo Leng Meng Gu Zi Zhi Zhou Ku Er Lei Shi Ba Zhou A Wa Ti Nong Chang,1,https://sjfw.mct.gov.cn/site/dataservice/rural,2022-12-07,2026-09-26,,,公开名录确认名称与所属地区；活动、餐饮、住宿和坐标尚未补充。
1002724,2724,public,克拉玛依市乌尔禾区乌尔禾镇哈克村,新疆,克拉玛依,name_prefix,Ke La Ma Yi Shi Wu Er He Qu Wu Er He Zhen Ha Ke Cun,1,https://sjfw.mct.gov.cn/site/dataservice/rural,2022-12-07,2026-09-26,,,公开名录确认名称与所属地区；活动、餐饮、住宿和坐标尚未补充。
1002723,2723,public,哈密市巴里坤哈萨克自治县石人子乡石人子村,新疆,哈密,name_prefix,Ha Mi Shi Ba Li Kun Ha Sa Ke Zi Zhi Xian Shi Ren Zi Xiang Shi Ren Zi Cun,1,https://sjfw.mct.gov.cn/site/dataservice/rural,2022-12-07,2026-09-26,,,公开名录确认名称与所属地区；活动、餐饮、住宿和坐标尚未补充。
1002722,2722,public,阿克苏地区阿瓦提县英艾日克镇恰其村,新疆,阿克苏地区,name_prefix,A Ke Su Di Qu A Wa Ti Xian Ying Ai Ri Ke Zhen Qia Qi Cun,1,https://sjfw.mct.gov.cn/site/dataservice/rural,2022-12-07,2026-09-26,,,公开名录确认名称与所属地区；活动、餐饮、住宿和坐标尚未补充。
1002721,2721,public,第四师可克达拉市62团金边镇,新疆,第四师可克达拉,name_prefix,Di Si Shi Ke Ke Da La Shi 62 Tuan Jin Bian Zhen,1,https://sjfw.mct.gov.cn/site/dataservice/rural,2022-12-07,2026-09-26,,,公开名录确认名称与所属地区；活动、餐饮、住宿和坐标尚未补充。
1002720,2720,public,第十师北屯市185团3连,新疆,第十师北屯,name_prefix,Di Shi Shi Bei Tun Shi 185 Tuan 3 Lian,1,https://sjfw.mct.gov.cn/site/dataservice/rural,2022-12-07,2026-09-26,,,公开名录确认名称与所属地区；活动、餐饮、住宿和坐标尚未补充。
1002719,2719,public,第二师铁门关市31团2连,新疆,第二师铁门关,name_prefix,Di Er Shi Tie Men Guan Shi 31 Tuan 2 Lian,1,https://sjfw.mct.gov.cn/site/dataservice/rural,2022-12-07,2026-09-26,,,公开名录确认名称与所属地区；活动、餐饮、住宿和坐标尚未补充。
1002718,2718,public,第一师阿拉尔市11团13连,新疆,第一师阿拉尔,name_prefix,Di Yi Shi A La Er Shi 11 Tuan 13 Lian,1,https://sjfw.mct.gov.cn/site/dataservice/rural,2022-12-07,2026-09-26,,,公开名录确认名称与所属地区；活动、餐饮、住宿和坐标尚未补充。
1002717,2717,public,第八师石河子市152团10连,新疆,第八师石河子,name_prefix,Di Ba Shi Shi He Zi Shi 152 Tuan 10 Lian,1,https://sjfw.mct.gov.cn/site/dataservice/rural,2022-12-07,2026-09-26,,,公开名录确认名称与所属地区；活动、餐饮、住宿和坐标尚未补充。
1002716,2716,public,第四师可克达拉市78团5连,新疆,第四师可克达拉,name_prefix,Di Si Shi Ke Ke Da La Shi 78 Tuan 5 Lian,1,https://sjfw.mct.gov.cn/site/dataservice/rural,2022-12-07,2026-09-26,,,公开名录确认名称与所属地区；活动、餐饮、住宿和坐标尚未补充。
1002715,2715,public,门头沟区斋堂镇爨底下村,北京,北京,municipality,Men Tou Gou Qu Zhai Tang Zhen Cuan Di Xia Cun,2,https://sjfw.mct.gov.cn/site/dataservice/rural,2022-12-07,2026-09-26,,,公开名录确认名称与所属地区；活动、餐饮、住宿和坐标尚未补充。
1002714,2714,public,延庆区刘斌堡乡小观头村,北京,北京,municipality,Yan Qing Qu Liu Bin Bao Xiang Xiao Guan Tou Cun,2,https://sjfw.mct.gov.cn/site/dataservice/rural,2022-12-07,2026-09-26,,,公开名录确认名称与所属地区；活动、餐饮、住宿和坐标尚未补充。
1002713,2713,public,延庆区八达岭镇石峡村,北京,北京,municipality,Yan Qing Qu Ba Da Ling Zhen Shi Xia Cun,2,https://sjfw.mct.gov.cn/site/dataservice/rural,2022-12-07,2026-09-26,,,公开名录确认名称与所属地区；活动、餐饮、住宿和坐标尚未补充。
1002712,2712,public,怀柔区渤海镇六渡河村,北京,北京,municipality,Huai Rou Qu Bo Hai Zhen Liu Du He Cun,2,https://sjfw.mct.gov.cn/site/dataservice/rural,2022-12-07,2026-09-26,,,公开名录确认名称与所属地区；活动、餐饮、住宿和坐标尚未补充。
1002711,2711,public,密云区溪翁庄镇金叵罗村,北京,北京,municipality,Mi Yun Qu Xi Weng Zhuang Zhen Jin Po Luo Cun,2,https://sjfw.mct.gov.cn/site/dataservice/rural,2022-12-07,2026-09-26,,,公开名录确认名称与所属地区；活动、餐饮、住宿和坐标尚未补充。
1002710,2710,public,顺义区龙湾屯镇焦庄户村,北京,北京,municipality,Shun Yi Qu Long Wan Tun Zhen Jiao Zhuang Hu Cun,2,https://sjfw.mct.gov.cn/site/dataservice/rural,2022-12-07,2026-09-26,,,公开名录确认名称与所属地区；活动、餐饮、住宿和坐标尚未补充。
1002709,2709,public,延庆区旧县镇东龙湾村,北京,北京,municipality,Yan Qing Qu Jiu Xian Zhen Dong Long Wan Cun,2,https://sjfw.mct.gov.cn/site/dataservice/rural,2022-12-07,2026-09-26,,,公开名录确认名称与所属地区；活动、餐饮、住宿和坐标尚未补充。
1002708,2708,public,怀柔区琉璃庙镇双文铺村,北京,北京,municipality,Huai Rou Qu Liu Li Miao Zhen Shuang Wen Pu Cun,2,https://sjfw.mct.gov.cn/site/dataservice/rural,2022-12-07,2026-09-26,,,公开名录确认名称与所属地区；活动、餐饮、住宿和坐标尚未补充。
1002707,2707,public,怀柔区九渡河镇西水峪村,北京,北京,municipality,Huai Rou Qu Jiu Du He Zhen Xi Shui Yu Cun,2,https://sjfw.mct.gov.cn/site/dataservice/rural,2022-12-07,2026-09-26,,,公开名录确认名称与所属地区；活动、餐饮、住宿和坐标尚未补充。
1002706,2706,public,怀柔区怀柔镇芦庄村,北京,北京,municipality,Huai Rou Qu Huai Rou Zhen Lu Zhuang Cun,2,https://sjfw.mct.gov.cn/site/dataservice/rural,2022-12-07,2026-09-26,,,公开名录确认名称与所属地区；活动、餐饮、住宿和坐标尚未补充。
1002705,2705,public,房山区十渡镇平峪村,北京,北京,municipality,Fang Shan Qu Shi Du Zhen Ping Yu Cun,2,https://sjfw.mct.gov.cn/site/dataservice/rural,2022-12-07,2026-09-26,,,公开名录确认名称与所属地区；活动、餐饮、住宿和坐标尚未补充。
1002704,2704,public,顺义区马坡镇石家营村,北京,北京,municipality,Shun Yi Qu Ma Po Zhen Shi Jia Ying Cun,2,https://sjfw.mct.gov.cn/site/dataservice/rural,2022-12-07,2026-09-26,,,公开名录确认名称与所属地区；活动、餐饮、住宿和坐标尚未补充。
1002703,2703,public,平谷区镇罗营镇玻璃台村,北京,北京,municipality,Ping Gu Qu Zhen Luo Ying Zhen Bo Li Tai Cun,2,https://sjfw.mct.gov.cn/site/dataservice/rural,2022-12-07,2026-09-26,,,公开名录确认名称与所属地区；活动、餐饮、住宿和坐标尚未补充。
1002702,2702,public,延庆区张山营镇后黑龙庙村,北京,北京,municipality,Yan Qing Qu Zhang Shan Ying Zhen Hou Hei Long Miao Cun,2,https://sjfw.mct.gov.cn/site/dataservice/rural,2022-12-07,2026-09-26,,,公开名录确认名称与所属地区；活动、餐饮、住宿和坐标尚未补充。
1002701,2701,public,房山区张坊镇穆家口村,北京,北京,municipality,Fang Shan Qu Zhang Fang Zhen Mu Jia Kou Cun,2,https://sjfw.mct.gov.cn/site/dataservice/rural,2022-12-07,2026-09-26,,,公开名录确认名称与所属地区；活动、餐饮、住宿和坐标尚未补充。
1002700,2700,public,怀柔区琉璃庙镇白河北村,北京,北京,municipality,Huai Rou Qu Liu Li Miao Zhen Bai He Bei Cun,2,https://sjfw.mct.gov.cn/site/dataservice/rural,2022-12-07,2026-09-26,,,公开名录确认名称与所属地区；活动、餐饮、住宿和坐标尚未补充。
1002699,2699,public,平谷区山东庄镇鱼子山村,北京,北京,municipality,Ping Gu Qu Shan Dong Zhuang Zhen Yu Zi Shan Cun,2,https://sjfw.mct.gov.cn/site/dataservice/rural,2022-12-07,2026-09-26,,,公开名录确认名称与所属地区；活动、餐饮、住宿和坐标尚未补充。
1002698,2698,public,昌平区十三陵镇仙人洞村,北京,北京,municipality,Chang Ping Qu Shi San Ling Zhen Xian Ren Dong Cun,2,https://sjfw.mct.gov.cn/site/dataservice/rural,2022-12-07,2026-09-26,,,公开名录确认名称与所属地区；活动、餐饮、住宿和坐标尚未补充。
1002697,2697,public,怀柔区雁栖镇官地村,北京,北京,municipality,Huai Rou Qu Yan Qi Zhen Guan Di Cun,2,https://sjfw.mct.gov.cn/site/dataservice/rural,2022-12-07,2026-09-26,,,公开名录确认名称与所属地区；活动、餐饮、住宿和坐标尚未补充。
1002696,2696,public,平谷区镇罗营镇张家台村,北京,北京,municipality,Ping Gu Qu Zhen Luo Ying Zhen Zhang Jia Tai Cun,2,https://sjfw.mct.gov.cn/site/dataservice/rural,2022-12-07,2026-09-26,,,公开名录确认名称与所属地区；活动、餐饮、住宿和坐标尚未补充。
1002695,2695,public,密云区巨各庄镇蔡家洼村,北京,北京,municipality,Mi Yun Qu Ju Ge Zhuang Zhen Cai Jia Wa Cun,2,https://sjfw.mct.gov.cn/site/dataservice/rural,2022-12-07,2026-09-26,,,公开名录确认名称与所属地区；活动、餐饮、住宿和坐标尚未补充。
1002694,2694,public,平谷区金海湖镇黄草洼村,北京,北京,municipality,Ping Gu Qu Jin Hai Hu Zhen Huang Cao Wa Cun,2,https://sjfw.mct.gov.cn/site/dataservice/rural,2022-12-07,2026-09-26,,,公开名录确认名称与所属地区；活动、餐饮、住宿和坐标尚未补充。
1002693,2693,public,延庆区井庄镇三司村,北京,北京,municipality,Yan Qing Qu Jing Zhuang Zhen San Si Cun,2,https://sjfw.mct.gov.cn/site/dataservice/rural,2022-12-07,2026-09-26,,,公开名录确认名称与所属地区；活动、餐饮、住宿和坐标尚未补充。
1002692,2692,public,西青区辛口镇水高庄村,天津,天津,municipality,Xi Qing Qu Xin Kou Zhen Shui Gao Zhuang Cun,2,https://sjfw.mct.gov.cn/site/dataservice/rural,2022-12-07,2026-09-26,,,公开名录确认名称与所属地区；活动、餐饮、住宿和坐标尚未补充。
1002691,2691,public,北辰区西堤头镇赵庄子村,天津,天津,municipality,Bei Chen Qu Xi Di Tou Zhen Zhao Zhuang Zi Cun,2,https://sjfw.mct.gov.cn/site/dataservice/rural,2022-12-07,2026-09-26,,,公开名录确认名称与所属地区；活动、餐饮、住宿和坐标尚未补充。
1002690,2690,public,宝坻区黄庄镇小辛码头村,天津,天津,municipality,Bao Di Qu Huang Zhuang Zhen Xiao Xin Ma Tou Cun,2,https://sjfw.mct.gov.cn/site/dataservice/rural,2022-12-07,2026-09-26,,,公开名录确认名称与所属地区；活动、餐饮、住宿和坐标尚未补充。
1002689,2689,public,蓟州区下营镇东山村,天津,天津,municipality,Ji Zhou Qu Xia Ying Zhen Dong Shan Cun,2,https://sjfw.mct.gov.cn/site/dataservice/rural,2022-12-07,2026-09-26,,,公开名录确认名称与所属地区；活动、餐饮、住宿和坐标尚未补充。
1002688,2688,public,蓟州区官庄镇砖瓦窑村,天津,天津,municipality,Ji Zhou Qu Guan Zhuang Zhen Zhuan Wa Yao Cun,2,https://sjfw.mct.gov.cn/site/dataservice/rural,2022-12-07,2026-09-26,,,公开名录确认名称与所属地区；活动、餐饮、住宿和坐标尚未补充。
1002687,2687,public,西青区辛口镇大杜庄村,天津,天津,municipality,Xi Qing Qu Xin Kou Zhen Da Du Zhuang Cun,2,https://sjfw.mct.gov.cn/site/dataservice/rural,2022-12-07,2026-09-26,,,公开名录确认名称与所属地区；活动、餐饮、住宿和坐标尚未补充。
1002686,2686,public,蓟州区穿芳峪镇英歌寨村,天津,天津,municipality,Ji Zhou Qu Chuan Fang Yu Zhen Ying Ge Zhai Cun,2,https://sjfw.mct.gov.cn/site/dataservice/rural,2022-12-07,2026-09-26,,,公开名录确认名称与所属地区；活动、餐饮、住宿和坐标尚未补充。
1002685,2685,public,蓟州区官庄镇联合村,天津,天津,municipality,Ji Zhou Qu Guan Zhuang Zhen Lian He Cun,2,https://sjfw.mct.gov.cn/site/dataservice/rural,2022-12-07,2026-09-26,,,公开名录确认名称与所属地区；活动、餐饮、住宿和坐标尚未补充。
1002684,2684,public,宝坻区牛家牌镇赵家湾村,天津,天津,municipality,Bao Di Qu Niu Jia Pai Zhen Zhao Jia Wan Cun,2,https://sjfw.mct.gov.cn/site/dataservice/rural,2022-12-07,2026-09-26,,,公开名录确认名称与所属地区；活动、餐饮、住宿和坐标尚未补充。
1002683,2683,public,蓟州区下营镇青山岭村,天津,天津,municipality,Ji Zhou Qu Xia Ying Zhen Qing Shan Ling Cun,2,https://sjfw.mct.gov.cn/site/dataservice/rural,2022-12-07,2026-09-26,,,公开名录确认名称与所属地区；活动、餐饮、住宿和坐标尚未补充。
1002682,2682,public,西青区辛口镇第六埠村,天津,天津,municipality,Xi Qing Qu Xin Kou Zhen Di Liu Bu Cun,2,https://sjfw.mct.gov.cn/site/dataservice/rural,2022-12-07,2026-09-26,,,公开名录确认名称与所属地区；活动、餐饮、住宿和坐标尚未补充。
1002681,2681,public,承德市滦平县巴克什营镇花楼沟村,河北,承德,name_prefix,Cheng De Shi Luan Ping Xian Ba Ke Shen Ying Zhen Hua Lou Gou Cun,2,https://sjfw.mct.gov.cn/site/dataservice/rural,2022-12-07,2026-09-26,,,公开名录确认名称与所属地区；活动、餐饮、住宿和坐标尚未补充。
1002680,2680,public,保定市阜平县龙泉关镇骆驼湾村,河北,保定,name_prefix,Bao Ding Shi Fu Ping Xian Long Quan Guan Zhen Luo Tuo Wan Cun,2,https://sjfw.mct.gov.cn/site/dataservice/rural,2022-12-07,2026-09-26,,,公开名录确认名称与所属地区；活动、餐饮、住宿和坐标尚未补充。
1002679,2679,public,承德市围场县御道口乡御道口村,河北,承德,name_prefix,Cheng De Shi Wei Chang Xian Yu Dao Kou Xiang Yu Dao Kou Cun,2,https://sjfw.mct.gov.cn/site/dataservice/rural,2022-12-07,2026-09-26,,,公开名录确认名称与所属地区；活动、餐饮、住宿和坐标尚未补充。
1002678,2678,public,唐山市迁安市大五里乡山叶口村,河北,唐山,name_prefix,Tang Shan Shi Qian An Shi Da Wu Li Xiang Shan Ye Kou Cun,2,https://sjfw.mct.gov.cn/site/dataservice/rural,2022-12-07,2026-09-26,,,公开名录确认名称与所属地区；活动、餐饮、住宿和坐标尚未补充。
1002677,2677,public,保定市易县安格庄乡安格庄村,河北,保定,name_prefix,Bao Ding Shi Yi Xian An Ge Zhuang Xiang An Ge Zhuang Cun,2,https://sjfw.mct.gov.cn/site/dataservice/rural,2022-12-07,2026-09-26,,,公开名录确认名称与所属地区；活动、餐饮、住宿和坐标尚未补充。
1002676,2676,public,邢台市内丘县南赛乡神头村,河北,邢台,name_prefix,Xing Tai Shi Nei Qiu Xian Nan Sai Xiang Shen Tou Cun,2,https://sjfw.mct.gov.cn/site/dataservice/rural,2022-12-07,2026-09-26,,,公开名录确认名称与所属地区；活动、餐饮、住宿和坐标尚未补充。
1002675,2675,public,邯郸市涉县井店镇刘家村,河北,邯郸,name_prefix,Han Dan Shi She Xian Jing Dian Zhen Liu Jia Cun,2,https://sjfw.mct.gov.cn/site/dataservice/rural,2022-12-07,2026-09-26,,,公开名录确认名称与所属地区；活动、餐饮、住宿和坐标尚未补充。
1002674,2674,public,廊坊市香河县蒋辛屯镇北李庄村,河北,廊坊,name_prefix,Lang Fang Shi Xiang He Xian Jiang Xin Tun Zhen Bei Li Zhuang Cun,2,https://sjfw.mct.gov.cn/site/dataservice/rural,2022-12-07,2026-09-26,,,公开名录确认名称与所属地区；活动、餐饮、住宿和坐标尚未补充。
1002673,2673,public,石家庄市灵寿县南营乡车谷砣村,河北,石家庄,name_prefix,Shi Jia Zhuang Shi Ling Shou Xian Nan Ying Xiang Che Gu Tuo Cun,2,https://sjfw.mct.gov.cn/site/dataservice/rural,2022-12-07,2026-09-26,,,公开名录确认名称与所属地区；活动、餐饮、住宿和坐标尚未补充。
1002672,2672,public,秦皇岛市北戴河区戴河镇西古城村,河北,秦皇岛,name_prefix,Qin Huang Dao Shi Bei Dai He Qu Dai He Zhen Xi Gu Cheng Cun,2,https://sjfw.mct.gov.cn/site/dataservice/rural,2022-12-07,2026-09-26,,,公开名录确认名称与所属地区；活动、餐饮、住宿和坐标尚未补充。
1002671,2671,public,唐山市迁安市大崔庄镇白羊峪村,河北,唐山,name_prefix,Tang Shan Shi Qian An Shi Da Cui Zhuang Zhen Bai Yang Yu Cun,2,https://sjfw.mct.gov.cn/site/dataservice/rural,2022-12-07,2026-09-26,,,公开名录确认名称与所属地区；活动、餐饮、住宿和坐标尚未补充。
1002670,2670,public,邢台市信都区浆水镇前南峪村,河北,邢台,name_prefix,Xing Tai Shi Xin Dou Qu Jiang Shui Zhen Qian Nan Yu Cun,2,https://sjfw.mct.gov.cn/site/dataservice/rural,2022-12-07,2026-09-26,,,公开名录确认名称与所属地区；活动、餐饮、住宿和坐标尚未补充。
1002669,2669,public,石家庄市井陉县南障城镇吕家村,河北,石家庄,name_prefix,Shi Jia Zhuang Shi Jing Xing Xian Nan Zhang Cheng Zhen Lv Jia Cun,2,https://sjfw.mct.gov.cn/site/dataservice/rural,2022-12-07,2026-09-26,,,公开名录确认名称与所属地区；活动、餐饮、住宿和坐标尚未补充。
1002668,2668,public,石家庄市晋州市周家庄乡第九生产队,河北,石家庄,name_prefix,Shi Jia Zhuang Shi Jin Zhou Shi Zhou Jia Zhuang Xiang Di Jiu Sheng Chan Dui,2,https://sjfw.mct.gov.cn/site/dataservice/rural,2022-12-07,2026-09-26,,,公开名录确认名称与所属地区；活动、餐饮、住宿和坐标尚未补充。
1002667,2667,public,承德市丰宁县大滩镇小北沟村,河北,承德,name_prefix,Cheng De Shi Feng Ning Xian Da Tan Zhen Xiao Bei Gou Cun,2,https://sjfw.mct.gov.cn/site/dataservice/rural,2022-12-07,2026-09-26,,,公开名录确认名称与所属地区；活动、餐饮、住宿和坐标尚未补充。
1002666,2666,public,沧州市青县曹寺乡张广王村,河北,沧州,name_prefix,Cang Zhou Shi Qing Xian Cao Si Xiang Zhang Guang Wang Cun,2,https://sjfw.mct.gov.cn/site/dataservice/rural,2022-12-07,2026-09-26,,,公开名录确认名称与所属地区；活动、餐饮、住宿和坐标尚未补充。
1002665,2665,public,邯郸市邯山区河沙镇镇小堤村,河北,邯郸,name_prefix,Han Dan Shi Han Shan Qu He Sha Zhen Zhen Xiao Di Cun,2,https://sjfw.mct.gov.cn/site/dataservice/rural,2022-12-07,2026-09-26,,,公开名录确认名称与所属地区；活动、餐饮、住宿和坐标尚未补充。
1002664,2664,public,秦皇岛市北戴河区海滨镇陆庄村,河北,秦皇岛,name_prefix,Qin Huang Dao Shi Bei Dai He Qu Hai Bin Zhen Lu Zhuang Cun,2,https://sjfw.mct.gov.cn/site/dataservice/rural,2022-12-07,2026-09-26,,,公开名录确认名称与所属地区；活动、餐饮、住宿和坐标尚未补充。
1002663,2663,public,保定市阜平县龙泉关镇顾家台村,河北,保定,name_prefix,Bao Ding Shi Fu Ping Xian Long Quan Guan Zhen Gu Jia Tai Cun,2,https://sjfw.mct.gov.cn/site/dataservice/rural,2022-12-07,2026-09-26,,,公开名录确认名称与所属地区；活动、餐饮、住宿和坐标尚未补充。
1002662,2662,public,邢台市信都区路罗镇英谈村,河北,邢台,name_prefix,Xing Tai Shi Xin Dou Qu Lu Luo Zhen Ying Tan Cun,2,https://sjfw.mct.gov.cn/site/dataservice/rural,2022-12-07,2026-09-26,,,公开名录确认名称与所属地区；活动、餐饮、住宿和坐标尚未补充。
1002661,2661,public,邯郸市峰峰矿区和村镇东和村,河北,邯郸,name_prefix,Han Dan Shi Feng Feng Kuang Qu He Cun Zhen Dong He Cun,2,https://sjfw.mct.gov.cn/site/dataservice/rural,2022-12-07,2026-09-26,,,公开名录确认名称与所属地区；活动、餐饮、住宿和坐标尚未补充。
1002660,2660,public,秦皇岛市青龙满族自治县隔河头乡花果山村,河北,秦皇岛,name_prefix,Qin Huang Dao Shi Qing Long Man Zu Zi Zhi Xian Ge He Tou Xiang Hua Guo Shan Cun,2,https://sjfw.mct.gov.cn/site/dataservice/rural,2022-12-07,2026-09-26,,,公开名录确认名称与所属地区；活动、餐饮、住宿和坐标尚未补充。
1002659,2659,public,保定市易县西陵镇凤凰台村,河北,保定,name_prefix,Bao Ding Shi Yi Xian Xi Ling Zhen Feng Huang Tai Cun,2,https://sjfw.mct.gov.cn/site/dataservice/rural,2022-12-07,2026-09-26,,,公开名录确认名称与所属地区；活动、餐饮、住宿和坐标尚未补充。
1002658,2658,public,邯郸市涉县关防乡后池村,河北,邯郸,name_prefix,Han Dan Shi She Xian Guan Fang Xiang Hou Chi Cun,2,https://sjfw.mct.gov.cn/site/dataservice/rural,2022-12-07,2026-09-26,,,公开名录确认名称与所属地区；活动、餐饮、住宿和坐标尚未补充。
1002657,2657,public,朔州市怀仁市马辛庄乡鲁沟村,山西,朔州,name_prefix,Shuo Zhou Shi Huai Ren Shi Ma Xin Zhuang Xiang Lu Gou Cun,2,https://sjfw.mct.gov.cn/site/dataservice/rural,2022-12-07,2026-09-26,,,公开名录确认名称与所属地区；活动、餐饮、住宿和坐标尚未补充。
1002656,2656,public,太原市阳曲县黄寨镇上安村,山西,太原,name_prefix,Tai Yuan Shi Yang Qu Xian Huang Zhai Zhen Shang An Cun,2,https://sjfw.mct.gov.cn/site/dataservice/rural,2022-12-07,2026-09-26,,,公开名录确认名称与所属地区；活动、餐饮、住宿和坐标尚未补充。
1002655,2655,public,长治市武乡县蟠龙镇砖壁村,山西,长治,name_prefix,Zhang Zhi Shi Wu Xiang Xian Pan Long Zhen Zhuan Bi Cun,2,https://sjfw.mct.gov.cn/site/dataservice/rural,2022-12-07,2026-09-26,,,公开名录确认名称与所属地区；活动、餐饮、住宿和坐标尚未补充。
1002654,2654,public,长治市壶关县桥上乡大河村,山西,长治,name_prefix,Zhang Zhi Shi Hu Guan Xian Qiao Shang Xiang Da He Cun,2,https://sjfw.mct.gov.cn/site/dataservice/rural,2022-12-07,2026-09-26,,,公开名录确认名称与所属地区；活动、餐饮、住宿和坐标尚未补充。
1002653,2653,public,临汾市安泽县府城镇飞岭村,山西,临汾,name_prefix,Lin Fen Shi An Ze Xian Fu Cheng Zhen Fei Ling Cun,2,https://sjfw.mct.gov.cn/site/dataservice/rural,2022-12-07,2026-09-26,,,公开名录确认名称与所属地区；活动、餐饮、住宿和坐标尚未补充。
1002652,2652,public,晋城市陵川县附城镇丈河村,山西,晋城,name_prefix,Jin Cheng Shi Ling Chuan Xian Fu Cheng Zhen Zhang He Cun,2,https://sjfw.mct.gov.cn/site/dataservice/rural,2022-12-07,2026-09-26,,,公开名录确认名称与所属地区；活动、餐饮、住宿和坐标尚未补充。
1002651,2651,public,忻州市忻府区合索乡北合索村,山西,忻州,name_prefix,Xin Zhou Shi Xin Fu Qu He Suo Xiang Bei He Suo Cun,2,https://sjfw.mct.gov.cn/site/dataservice/rural,2022-12-07,2026-09-26,,,公开名录确认名称与所属地区；活动、餐饮、住宿和坐标尚未补充。
1002650,2650,public,阳泉市城区义井镇小河村,山西,阳泉,name_prefix,Yang Quan Shi Cheng Qu Yi Jing Zhen Xiao He Cun,2,https://sjfw.mct.gov.cn/site/dataservice/rural,2022-12-07,2026-09-26,,,公开名录确认名称与所属地区；活动、餐饮、住宿和坐标尚未补充。
1002649,2649,public,晋中市介休市龙凤镇南庄村,山西,晋中,name_prefix,Jin Zhong Shi Jie Xiu Shi Long Feng Zhen Nan Zhuang Cun,2,https://sjfw.mct.gov.cn/site/dataservice/rural,2022-12-07,2026-09-26,,,公开名录确认名称与所属地区；活动、餐饮、住宿和坐标尚未补充。
1002648,2648,public,晋城市城区钟家庄街道洞头村,山西,晋城,name_prefix,Jin Cheng Shi Cheng Qu Zhong Jia Zhuang Jie Dao Dong Tou Cun,2,https://sjfw.mct.gov.cn/site/dataservice/rural,2022-12-07,2026-09-26,,,公开名录确认名称与所属地区；活动、餐饮、住宿和坐标尚未补充。
1002647,2647,public,晋中市榆次区乌金山镇后沟村,山西,晋中,name_prefix,Jin Zhong Shi Yu Ci Qu Wu Jin Shan Zhen Hou Gou Cun,2,https://sjfw.mct.gov.cn/site/dataservice/rural,2022-12-07,2026-09-26,,,公开名录确认名称与所属地区；活动、餐饮、住宿和坐标尚未补充。
1002646,2646,public,阳泉市郊区平坦镇桃林沟村,山西,阳泉,name_prefix,Yang Quan Shi Jiao Qu Ping Tan Zhen Tao Lin Gou Cun,2,https://sjfw.mct.gov.cn/site/dataservice/rural,2022-12-07,2026-09-26,,,公开名录确认名称与所属地区；活动、餐饮、住宿和坐标尚未补充。
1002645,2645,public,晋城市泽州县金村镇东六庄村,山西,晋城,name_prefix,Jin Cheng Shi Ze Zhou Xian Jin Cun Zhen Dong Liu Zhuang Cun,2,https://sjfw.mct.gov.cn/site/dataservice/rural,2022-12-07,2026-09-26,,,公开名录确认名称与所属地区；活动、餐饮、住宿和坐标尚未补充。
1002644,2644,public,大同市灵丘县红石塄乡下车河村,山西,大同,name_prefix,Da Tong Shi Ling Qiu Xian Hong Shi Leng Xiang Xia Che He Cun,2,https://sjfw.mct.gov.cn/site/dataservice/rural,2022-12-07,2026-09-26,,,公开名录确认名称与所属地区；活动、餐饮、住宿和坐标尚未补充。
1002643,2643,public,运城市永济市开张镇东开张村,山西,运城,name_prefix,Yun Cheng Shi Yong Ji Shi Kai Zhang Zhen Dong Kai Zhang Cun,2,https://sjfw.mct.gov.cn/site/dataservice/rural,2022-12-07,2026-09-26,,,公开名录确认名称与所属地区；活动、餐饮、住宿和坐标尚未补充。
1002642,2642,public,临汾市曲沃县里村镇朝阳村,山西,临汾,name_prefix,Lin Fen Shi Qu Wo Xian Li Cun Zhen Zhao Yang Cun,2,https://sjfw.mct.gov.cn/site/dataservice/rural,2022-12-07,2026-09-26,,,公开名录确认名称与所属地区；活动、餐饮、住宿和坐标尚未补充。
1002641,2641,public,太原市娄烦县天池店乡河北村,山西,太原,name_prefix,Tai Yuan Shi Lou Fan Xian Tian Chi Dian Xiang He Bei Cun,2,https://sjfw.mct.gov.cn/site/dataservice/rural,2022-12-07,2026-09-26,,,公开名录确认名称与所属地区；活动、餐饮、住宿和坐标尚未补充。
1002640,2640,public,晋城市阳城县润城镇中庄村,山西,晋城,name_prefix,Jin Cheng Shi Yang Cheng Xian Run Cheng Zhen Zhong Zhuang Cun,2,https://sjfw.mct.gov.cn/site/dataservice/rural,2022-12-07,2026-09-26,,,公开名录确认名称与所属地区；活动、餐饮、住宿和坐标尚未补充。
1002639,2639,public,呼伦贝尔市额尔古纳市恩和俄罗斯族民族乡恩和村,内蒙古,呼伦贝尔,name_prefix,Hu Lun Bei Er Shi E Er Gu Na Shi En He E Luo Si Zu Min Zu Xiang En He Cun,2,https://sjfw.mct.gov.cn/site/dataservice/rural,2022-12-07,2026-09-26,,,公开名录确认名称与所属地区；活动、餐饮、住宿和坐标尚未补充。
1002638,2638,public,锡林郭勒盟太仆寺旗宝昌镇边墙村,内蒙古,锡林郭勒盟,name_prefix,Xi Lin Guo Lei Meng Tai Pu Si Qi Bao Chang Zhen Bian Qiang Cun,2,https://sjfw.mct.gov.cn/site/dataservice/rural,2022-12-07,2026-09-26,,,公开名录确认名称与所属地区；活动、餐饮、住宿和坐标尚未补充。
1002637,2637,public,乌海市海南区西卓子山街道赛汗乌素村,内蒙古,乌海,name_prefix,Wu Hai Shi Hai Nan Qu Xi Zhuo Zi Shan Jie Dao Sai Han Wu Su Cun,2,https://sjfw.mct.gov.cn/site/dataservice/rural,2022-12-07,2026-09-26,,,公开名录确认名称与所属地区；活动、餐饮、住宿和坐标尚未补充。
1002636,2636,public,通辽市经济技术开发区河西街道湛路村,内蒙古,通辽,name_prefix,Tong Liao Shi Jing Ji Ji Shu Kai Fa Qu He Xi Jie Dao Zhan Lu Cun,2,https://sjfw.mct.gov.cn/site/dataservice/rural,2022-12-07,2026-09-26,,,公开名录确认名称与所属地区；活动、餐饮、住宿和坐标尚未补充。
1002635,2635,public,呼和浩特市回民区攸攸板镇东乌素图村,内蒙古,呼和浩特,name_prefix,Hu He Hao Te Shi Hui Min Qu You You Ban Zhen Dong Wu Su Tu Cun,2,https://sjfw.mct.gov.cn/site/dataservice/rural,2022-12-07,2026-09-26,,,公开名录确认名称与所属地区；活动、餐饮、住宿和坐标尚未补充。
1002634,2634,public,锡林郭勒盟多伦县滦源镇大孤山村,内蒙古,锡林郭勒盟,name_prefix,Xi Lin Guo Lei Meng Duo Lun Xian Luan Yuan Zhen Da Gu Shan Cun,2,https://sjfw.mct.gov.cn/site/dataservice/rural,2022-12-07,2026-09-26,,,公开名录确认名称与所属地区；活动、餐饮、住宿和坐标尚未补充。
1002633,2633,public,乌兰察布市凉城县岱海镇三苏木村,内蒙古,乌兰察布,name_prefix,Wu Lan Cha Bu Shi Liang Cheng Xian Dai Hai Zhen San Su Mu Cun,2,https://sjfw.mct.gov.cn/site/dataservice/rural,2022-12-07,2026-09-26,,,公开名录确认名称与所属地区；活动、餐饮、住宿和坐标尚未补充。
1002632,2632,public,鄂尔多斯市伊金霍洛旗伊金霍洛镇布拉格嘎查,内蒙古,鄂尔多斯,name_prefix,E Er Duo Si Shi Yi Jin Huo Luo Qi Yi Jin Huo Luo Zhen Bu La Ge Ga Cha,2,https://sjfw.mct.gov.cn/site/dataservice/rural,2022-12-07,2026-09-26,,,公开名录确认名称与所属地区；活动、餐饮、住宿和坐标尚未补充。
1002631,2631,public,呼和浩特市赛罕区黄河少镇石人湾村,内蒙古,呼和浩特,name_prefix,Hu He Hao Te Shi Sai Han Qu Huang He Shao Zhen Shi Ren Wan Cun,2,https://sjfw.mct.gov.cn/site/dataservice/rural,2022-12-07,2026-09-26,,,公开名录确认名称与所属地区；活动、餐饮、住宿和坐标尚未补充。
1002630,2630,public,兴安盟阿尔山白狼镇林俗村,内蒙古,兴安盟,name_prefix,Xing An Meng A Er Shan Bai Lang Zhen Lin Su Cun,2,https://sjfw.mct.gov.cn/site/dataservice/rural,2022-12-07,2026-09-26,,,公开名录确认名称与所属地区；活动、餐饮、住宿和坐标尚未补充。
1002629,2629,public,巴彦淖尔市五原县塔尔湖镇联丰村,内蒙古,巴彦淖尔,name_prefix,Ba Yan Nao Er Shi Wu Yuan Xian Ta Er Hu Zhen Lian Feng Cun,2,https://sjfw.mct.gov.cn/site/dataservice/rural,2022-12-07,2026-09-26,,,公开名录确认名称与所属地区；活动、餐饮、住宿和坐标尚未补充。
1002628,2628,public,赤峰市喀喇沁旗十家乡林营子村,内蒙古,赤峰,name_prefix,Chi Feng Shi Ka La Qin Qi Shi Jia Xiang Lin Ying Zi Cun,2,https://sjfw.mct.gov.cn/site/dataservice/rural,2022-12-07,2026-09-26,,,公开名录确认名称与所属地区；活动、餐饮、住宿和坐标尚未补充。
1002627,2627,public,通辽市奈曼旗白音他拉苏木庙屯村,内蒙古,通辽,name_prefix,Tong Liao Shi Nai Man Qi Bai Yin Ta La Su Mu Miao Tun Cun,2,https://sjfw.mct.gov.cn/site/dataservice/rural,2022-12-07,2026-09-26,,,公开名录确认名称与所属地区；活动、餐饮、住宿和坐标尚未补充。
1002626,2626,public,呼和浩特市托克托县河口管理委员会郝家窑村,内蒙古,呼和浩特,name_prefix,Hu He Hao Te Shi Tuo Ke Tuo Xian He Kou Guan Li Wei Yuan Hui Hao Jia Yao Cun,2,https://sjfw.mct.gov.cn/site/dataservice/rural,2022-12-07,2026-09-26,,,公开名录确认名称与所属地区；活动、餐饮、住宿和坐标尚未补充。
1002625,2625,public,阿拉善盟阿右旗巴丹吉林镇额肯呼都格嘎查,内蒙古,阿拉善盟,name_prefix,A La Shan Meng A You Qi Ba Dan Ji Lin Zhen E Ken Hu Dou Ge Ga Cha,2,https://sjfw.mct.gov.cn/site/dataservice/rural,2022-12-07,2026-09-26,,,公开名录确认名称与所属地区；活动、餐饮、住宿和坐标尚未补充。
1002624,2624,public,辽阳市弓长岭区汤河镇柳河汤村,辽宁,辽阳,name_prefix,Liao Yang Shi Gong Zhang Ling Qu Tang He Zhen Liu He Tang Cun,2,https://sjfw.mct.gov.cn/site/dataservice/rural,2022-12-07,2026-09-26,,,公开名录确认名称与所属地区；活动、餐饮、住宿和坐标尚未补充。
1002623,2623,public,本溪市桓仁满族自治县向阳乡和平村,辽宁,本溪,name_prefix,Ben Xi Shi Huan Ren Man Zu Zi Zhi Xian Xiang Yang Xiang He Ping Cun,2,https://sjfw.mct.gov.cn/site/dataservice/rural,2022-12-07,2026-09-26,,,公开名录确认名称与所属地区；活动、餐饮、住宿和坐标尚未补充。
1002622,2622,public,丹东市东港市孤山镇大鹿岛村,辽宁,丹东,name_prefix,Dan Dong Shi Dong Gang Shi Gu Shan Zhen Da Lu Dao Cun,2,https://sjfw.mct.gov.cn/site/dataservice/rural,2022-12-07,2026-09-26,,,公开名录确认名称与所属地区；活动、餐饮、住宿和坐标尚未补充。
1002621,2621,public,本溪市桓仁满族自治县雅河朝鲜族乡湾湾川村,辽宁,本溪,name_prefix,Ben Xi Shi Huan Ren Man Zu Zi Zhi Xian Ya He Chao Xian Zu Xiang Wan Wan Chuan Cun,2,https://sjfw.mct.gov.cn/site/dataservice/rural,2022-12-07,2026-09-26,,,公开名录确认名称与所属地区；活动、餐饮、住宿和坐标尚未补充。
1002620,2620,public,本溪市南芬区思山岭街道解放村,辽宁,本溪,name_prefix,Ben Xi Shi Nan Fen Qu Si Shan Ling Jie Dao Jie Fang Cun,2,https://sjfw.mct.gov.cn/site/dataservice/rural,2022-12-07,2026-09-26,,,公开名录确认名称与所属地区；活动、餐饮、住宿和坐标尚未补充。
1002619,2619,public,鞍山市千山风景名胜区韩家峪村,辽宁,鞍山,name_prefix,An Shan Shi Qian Shan Feng Jing Ming Sheng Qu Han Jia Yu Cun,2,https://sjfw.mct.gov.cn/site/dataservice/rural,2022-12-07,2026-09-26,,,公开名录确认名称与所属地区；活动、餐饮、住宿和坐标尚未补充。
1002618,2618,public,营口市盖州市双台镇思拉堡村,辽宁,营口,name_prefix,Ying Kou Shi Gai Zhou Shi Shuang Tai Zhen Si La Bao Cun,2,https://sjfw.mct.gov.cn/site/dataservice/rural,2022-12-07,2026-09-26,,,公开名录确认名称与所属地区；活动、餐饮、住宿和坐标尚未补充。
1002617,2617,public,大连市庄河市步云山乡步云山村,辽宁,大连,name_prefix,Da Lian Shi Zhuang He Shi Bu Yun Shan Xiang Bu Yun Shan Cun,2,https://sjfw.mct.gov.cn/site/dataservice/rural,2022-12-07,2026-09-26,,,公开名录确认名称与所属地区；活动、餐饮、住宿和坐标尚未补充。
1002616,2616,public,大连市金普新区石河街道石河村,辽宁,大连,name_prefix,Da Lian Shi Jin Pu Xin Qu Shi He Jie Dao Shi He Cun,2,https://sjfw.mct.gov.cn/site/dataservice/rural,2022-12-07,2026-09-26,,,公开名录确认名称与所属地区；活动、餐饮、住宿和坐标尚未补充。
1002615,2615,public,阜新市阜新蒙古族自治县佛寺镇佛寺村,辽宁,阜新,name_prefix,Fu Xin Shi Fu Xin Meng Gu Zu Zi Zhi Xian Fo Si Zhen Fo Si Cun,2,https://sjfw.mct.gov.cn/site/dataservice/rural,2022-12-07,2026-09-26,,,公开名录确认名称与所属地区；活动、餐饮、住宿和坐标尚未补充。
1002614,2614,public,沈阳市法库县大孤家子镇半拉山子村,辽宁,沈阳,name_prefix,Shen Yang Shi Fa Ku Xian Da Gu Jia Zi Zhen Ban La Shan Zi Cun,2,https://sjfw.mct.gov.cn/site/dataservice/rural,2022-12-07,2026-09-26,,,公开名录确认名称与所属地区；活动、餐饮、住宿和坐标尚未补充。
1002613,2613,public,盘锦市大洼区荣兴街道荣兴村,辽宁,盘锦,name_prefix,Pan Jin Shi Da Wa Qu Rong Xing Jie Dao Rong Xing Cun,2,https://sjfw.mct.gov.cn/site/dataservice/rural,2022-12-07,2026-09-26,,,公开名录确认名称与所属地区；活动、餐饮、住宿和坐标尚未补充。
1002612,2612,public,锦州市义县瓦子峪镇大铁厂村,辽宁,锦州,name_prefix,Jin Zhou Shi Yi Xian Wa Zi Yu Zhen Da Tie Chang Cun,2,https://sjfw.mct.gov.cn/site/dataservice/rural,2022-12-07,2026-09-26,,,公开名录确认名称与所属地区；活动、餐饮、住宿和坐标尚未补充。
1002611,2611,public,本溪市本溪满族自治县草河掌镇胡堡村,辽宁,本溪,name_prefix,Ben Xi Shi Ben Xi Man Zu Zi Zhi Xian Cao He Zhang Zhen Hu Bao Cun,2,https://sjfw.mct.gov.cn/site/dataservice/rural,2022-12-07,2026-09-26,,,公开名录确认名称与所属地区；活动、餐饮、住宿和坐标尚未补充。
1002610,2610,public,鞍山市千山区东鞍山街道对桩石村,辽宁,鞍山,name_prefix,An Shan Shi Qian Shan Qu Dong An Shan Jie Dao Dui Zhuang Shi Cun,2,https://sjfw.mct.gov.cn/site/dataservice/rural,2022-12-07,2026-09-26,,,公开名录确认名称与所属地区；活动、餐饮、住宿和坐标尚未补充。
1002609,2609,public,本溪市明山区卧龙街道韩家村,辽宁,本溪,name_prefix,Ben Xi Shi Ming Shan Qu Wo Long Jie Dao Han Jia Cun,2,https://sjfw.mct.gov.cn/site/dataservice/rural,2022-12-07,2026-09-26,,,公开名录确认名称与所属地区；活动、餐饮、住宿和坐标尚未补充。
1002608,2608,public,朝阳市北票市大黑山特别管理区西苍村,辽宁,朝阳,name_prefix,Zhao Yang Shi Bei Piao Shi Da Hei Shan Te Bie Guan Li Qu Xi Cang Cun,2,https://sjfw.mct.gov.cn/site/dataservice/rural,2022-12-07,2026-09-26,,,公开名录确认名称与所属地区；活动、餐饮、住宿和坐标尚未补充。
1002607,2607,public,大连市庄河市仙人洞镇马道口村,辽宁,大连,name_prefix,Da Lian Shi Zhuang He Shi Xian Ren Dong Zhen Ma Dao Kou Cun,2,https://sjfw.mct.gov.cn/site/dataservice/rural,2022-12-07,2026-09-26,,,公开名录确认名称与所属地区；活动、餐饮、住宿和坐标尚未补充。
1002606,2606,public,朝阳市喀喇沁左翼蒙古族自治县平房子镇小营村,辽宁,朝阳,name_prefix,Zhao Yang Shi Ka La Qin Zuo Yi Meng Gu Zu Zi Zhi Xian Ping Fang Zi Zhen Xiao Ying Cun,2,https://sjfw.mct.gov.cn/site/dataservice/rural,2022-12-07,2026-09-26,,,公开名录确认名称与所属地区；活动、餐饮、住宿和坐标尚未补充。
1002605,2605,public,本溪市桓仁满族自治县普乐堡镇老漫子村,辽宁,本溪,name_prefix,Ben Xi Shi Huan Ren Man Zu Zi Zhi Xian Pu Le Bao Zhen Lao Man Zi Cun,2,https://sjfw.mct.gov.cn/site/dataservice/rural,2022-12-07,2026-09-26,,,公开名录确认名称与所属地区；活动、餐饮、住宿和坐标尚未补充。
1002604,2604,public,铁岭市银州区龙山乡七里屯村,辽宁,铁岭,name_prefix,Tie Ling Shi Yin Zhou Qu Long Shan Xiang Qi Li Tun Cun,2,https://sjfw.mct.gov.cn/site/dataservice/rural,2022-12-07,2026-09-26,,,公开名录确认名称与所属地区；活动、餐饮、住宿和坐标尚未补充。
1002603,2603,public,延边朝鲜族自治州珲春市敬信镇防川村,吉林,延边朝鲜族自治州,name_prefix,Yan Bian Chao Xian Zu Zi Zhi Zhou Hui Chun Shi Jing Xin Zhen Fang Chuan Cun,2,https://sjfw.mct.gov.cn/site/dataservice/rural,2022-12-07,2026-09-26,,,公开名录确认名称与所属地区；活动、餐饮、住宿和坐标尚未补充。
1002602,2602,public,长春市莲花山生态旅游度假区泉眼镇泉眼村,吉林,长春,name_prefix,Chang Chun Shi Lian Hua Shan Sheng Tai Lv You Du Jia Qu Quan Yan Zhen Quan Yan Cun,2,https://sjfw.mct.gov.cn/site/dataservice/rural,2022-12-07,2026-09-26,,,公开名录确认名称与所属地区；活动、餐饮、住宿和坐标尚未补充。
1002601,2601,public,吉林市丰满区江南乡孟家村,吉林,吉林,name_prefix,Ji Lin Shi Feng Man Qu Jiang Nan Xiang Meng Jia Cun,2,https://sjfw.mct.gov.cn/site/dataservice/rural,2022-12-07,2026-09-26,,,公开名录确认名称与所属地区；活动、餐饮、住宿和坐标尚未补充。
1002600,2600,public,长春市九台区土门岭街道马鞍山村,吉林,长春,name_prefix,Chang Chun Shi Jiu Tai Qu Tu Men Ling Jie Dao Ma An Shan Cun,2,https://sjfw.mct.gov.cn/site/dataservice/rural,2022-12-07,2026-09-26,,,公开名录确认名称与所属地区；活动、餐饮、住宿和坐标尚未补充。
1002599,2599,public,通化市柳河县安口镇青沟子村,吉林,通化,name_prefix,Tong Hua Shi Liu He Xian An Kou Zhen Qing Gou Zi Cun,2,https://sjfw.mct.gov.cn/site/dataservice/rural,2022-12-07,2026-09-26,,,公开名录确认名称与所属地区；活动、餐饮、住宿和坐标尚未补充。
1002598,2598,public,通化市集安市太王镇钱湾村,吉林,通化,name_prefix,Tong Hua Shi Ji An Shi Tai Wang Zhen Qian Wan Cun,2,https://sjfw.mct.gov.cn/site/dataservice/rural,2022-12-07,2026-09-26,,,公开名录确认名称与所属地区；活动、餐饮、住宿和坐标尚未补充。
1002597,2597,public,延边朝鲜族自治州安图县万宝镇红旗村,吉林,延边朝鲜族自治州,name_prefix,Yan Bian Chao Xian Zu Zi Zhi Zhou An Tu Xian Wan Bao Zhen Hong Qi Cun,2,https://sjfw.mct.gov.cn/site/dataservice/rural,2022-12-07,2026-09-26,,,公开名录确认名称与所属地区；活动、餐饮、住宿和坐标尚未补充。
1002596,2596,public,延边朝鲜族自治州汪清县大兴沟镇红日村,吉林,延边朝鲜族自治州,name_prefix,Yan Bian Chao Xian Zu Zi Zhi Zhou Wang Qing Xian Da Xing Gou Zhen Hong Ri Cun,2,https://sjfw.mct.gov.cn/site/dataservice/rural,2022-12-07,2026-09-26,,,公开名录确认名称与所属地区；活动、餐饮、住宿和坐标尚未补充。
1002595,2595,public,长春市农安县华家镇战家村,吉林,长春,name_prefix,Chang Chun Shi Nong An Xian Hua Jia Zhen Zhan Jia Cun,2,https://sjfw.mct.gov.cn/site/dataservice/rural,2022-12-07,2026-09-26,,,公开名录确认名称与所属地区；活动、餐饮、住宿和坐标尚未补充。
1002594,2594,public,四平市伊通满族自治县河源镇保南村,吉林,四平,name_prefix,Si Ping Shi Yi Tong Man Zu Zi Zhi Xian He Yuan Zhen Bao Nan Cun,2,https://sjfw.mct.gov.cn/site/dataservice/rural,2022-12-07,2026-09-26,,,公开名录确认名称与所属地区；活动、餐饮、住宿和坐标尚未补充。
1002593,2593,public,延边朝鲜族自治州敦化市雁鸣湖镇大山村,吉林,延边朝鲜族自治州,name_prefix,Yan Bian Chao Xian Zu Zi Zhi Zhou Dun Hua Shi Yan Ming Hu Zhen Da Shan Cun,2,https://sjfw.mct.gov.cn/site/dataservice/rural,2022-12-07,2026-09-26,,,公开名录确认名称与所属地区；活动、餐饮、住宿和坐标尚未补充。
1002592,2592,public,延边朝鲜族自治州敦化市雁鸣湖镇小山村,吉林,延边朝鲜族自治州,name_prefix,Yan Bian Chao Xian Zu Zi Zhi Zhou Dun Hua Shi Yan Ming Hu Zhen Xiao Shan Cun,2,https://sjfw.mct.gov.cn/site/dataservice/rural,2022-12-07,2026-09-26,,,公开名录确认名称与所属地区；活动、餐饮、住宿和坐标尚未补充。
1002591,2591,public,通化市辉南县金川镇金川村,吉林,通化,name_prefix,Tong Hua Shi Hui Nan Xian Jin Chuan Zhen Jin Chuan Cun,2,https://sjfw.mct.gov.cn/site/dataservice/rural,2022-12-07,2026-09-26,,,公开名录确认名称与所属地区；活动、餐饮、住宿和坐标尚未补充。
1002590,2590,public,延边朝鲜族自治州图们市石岘镇水南村,吉林,延边朝鲜族自治州,name_prefix,Yan Bian Chao Xian Zu Zi Zhi Zhou Tu Men Shi Shi Xian Zhen Shui Nan Cun,2,https://sjfw.mct.gov.cn/site/dataservice/rural,2022-12-07,2026-09-26,,,公开名录确认名称与所属地区；活动、餐饮、住宿和坐标尚未补充。
1002589,2589,public,吉林市蛟河市漂河镇富江村,吉林,吉林,name_prefix,Ji Lin Shi Jiao He Shi Piao He Zhen Fu Jiang Cun,2,https://sjfw.mct.gov.cn/site/dataservice/rural,2022-12-07,2026-09-26,,,公开名录确认名称与所属地区；活动、餐饮、住宿和坐标尚未补充。
1002588,2588,public,通化市通化县西江镇岔信村,吉林,通化,name_prefix,Tong Hua Shi Tong Hua Xian Xi Jiang Zhen Cha Xin Cun,2,https://sjfw.mct.gov.cn/site/dataservice/rural,2022-12-07,2026-09-26,,,公开名录确认名称与所属地区；活动、餐饮、住宿和坐标尚未补充。
1002587,2587,public,白山市临江市四道沟镇坡口村,吉林,白山,name_prefix,Bai Shan Shi Lin Jiang Shi Si Dao Gou Zhen Po Kou Cun,2,https://sjfw.mct.gov.cn/site/dataservice/rural,2022-12-07,2026-09-26,,,公开名录确认名称与所属地区；活动、餐饮、住宿和坐标尚未补充。
1002586,2586,public,吉林市永吉县北大湖镇草庙子村,吉林,吉林,name_prefix,Ji Lin Shi Yong Ji Xian Bei Da Hu Zhen Cao Miao Zi Cun,2,https://sjfw.mct.gov.cn/site/dataservice/rural,2022-12-07,2026-09-26,,,公开名录确认名称与所属地区；活动、餐饮、住宿和坐标尚未补充。
1002585,2585,public,通化市东昌区金厂镇上龙头村,吉林,通化,name_prefix,Tong Hua Shi Dong Chang Qu Jin Chang Zhen Shang Long Tou Cun,2,https://sjfw.mct.gov.cn/site/dataservice/rural,2022-12-07,2026-09-26,,,公开名录确认名称与所属地区；活动、餐饮、住宿和坐标尚未补充。
1002584,2584,public,黑河市爱辉区瑷珲镇外四道沟村,黑龙江,黑河,name_prefix,Hei He Shi Ai Hui Qu Ai Hui Zhen Wai Si Dao Gou Cun,2,https://sjfw.mct.gov.cn/site/dataservice/rural,2022-12-07,2026-09-26,,,公开名录确认名称与所属地区；活动、餐饮、住宿和坐标尚未补充。
1002583,2583,public,伊春市上甘岭林业局溪水林场,黑龙江,伊春,name_prefix,Yi Chun Shi Shang Gan Ling Lin Ye Ju Xi Shui Lin Chang,2,https://sjfw.mct.gov.cn/site/dataservice/rural,2022-12-07,2026-09-26,,,公开名录确认名称与所属地区；活动、餐饮、住宿和坐标尚未补充。
1002582,2582,public,哈尔滨市尚志市鱼池乡新兴村,黑龙江,哈尔滨,name_prefix,Ha Er Bin Shi Shang Zhi Shi Yu Chi Xiang Xin Xing Cun,2,https://sjfw.mct.gov.cn/site/dataservice/rural,2022-12-07,2026-09-26,,,公开名录确认名称与所属地区；活动、餐饮、住宿和坐标尚未补充。
1002581,2581,public,鸡西市虎林市虎头镇虎头村,黑龙江,鸡西,name_prefix,Ji Xi Shi Hu Lin Shi Hu Tou Zhen Hu Tou Cun,2,https://sjfw.mct.gov.cn/site/dataservice/rural,2022-12-07,2026-09-26,,,公开名录确认名称与所属地区；活动、餐饮、住宿和坐标尚未补充。
1002580,2580,public,大兴安岭地区漠河县北极镇洛古河村,黑龙江,大兴安岭地区,name_prefix,Da Xing An Ling Di Qu Mo He Xian Bei Ji Zhen Luo Gu He Cun,2,https://sjfw.mct.gov.cn/site/dataservice/rural,2022-12-07,2026-09-26,,,公开名录确认名称与所属地区；活动、餐饮、住宿和坐标尚未补充。
1002579,2579,public,佳木斯市桦川县星火朝鲜族乡星火村,黑龙江,佳木斯,name_prefix,Jia Mu Si Shi Hua Chuan Xian Xing Huo Chao Xian Zu Xiang Xing Huo Cun,2,https://sjfw.mct.gov.cn/site/dataservice/rural,2022-12-07,2026-09-26,,,公开名录确认名称与所属地区；活动、餐饮、住宿和坐标尚未补充。
1002578,2578,public,七台河市勃利县勃利镇元明村,黑龙江,七台河,name_prefix,Qi Tai He Shi Bo Li Xian Bo Li Zhen Yuan Ming Cun,2,https://sjfw.mct.gov.cn/site/dataservice/rural,2022-12-07,2026-09-26,,,公开名录确认名称与所属地区；活动、餐饮、住宿和坐标尚未补充。
1002577,2577,public,牡丹江市海林市横道河子镇七里地村,黑龙江,牡丹江,name_prefix,Mu Dan Jiang Shi Hai Lin Shi Heng Dao He Zi Zhen Qi Li Di Cun,2,https://sjfw.mct.gov.cn/site/dataservice/rural,2022-12-07,2026-09-26,,,公开名录确认名称与所属地区；活动、餐饮、住宿和坐标尚未补充。
1002576,2576,public,齐齐哈尔市讷河市兴旺鄂温克族乡索伦村,黑龙江,齐齐哈尔,name_prefix,Qi Qi Ha Er Shi Ne He Shi Xing Wang E Wen Ke Zu Xiang Suo Lun Cun,2,https://sjfw.mct.gov.cn/site/dataservice/rural,2022-12-07,2026-09-26,,,公开名录确认名称与所属地区；活动、餐饮、住宿和坐标尚未补充。
1002575,2575,public,伊春市铁力市年丰朝鲜族乡长山村,黑龙江,伊春,name_prefix,Yi Chun Shi Tie Li Shi Nian Feng Chao Xian Zu Xiang Chang Shan Cun,2,https://sjfw.mct.gov.cn/site/dataservice/rural,2022-12-07,2026-09-26,,,公开名录确认名称与所属地区；活动、餐饮、住宿和坐标尚未补充。
1002574,2574,public,黑河市五大连池市朝阳乡边河村,黑龙江,黑河,name_prefix,Hei He Shi Wu Da Lian Chi Shi Zhao Yang Xiang Bian He Cun,2,https://sjfw.mct.gov.cn/site/dataservice/rural,2022-12-07,2026-09-26,,,公开名录确认名称与所属地区；活动、餐饮、住宿和坐标尚未补充。
1002573,2573,public,鸡西市密山市白鱼湾镇湖沿村,黑龙江,鸡西,name_prefix,Ji Xi Shi Mi Shan Shi Bai Yu Wan Zhen Hu Yan Cun,2,https://sjfw.mct.gov.cn/site/dataservice/rural,2022-12-07,2026-09-26,,,公开名录确认名称与所属地区；活动、餐饮、住宿和坐标尚未补充。
1002572,2572,public,黑河市爱辉区新生乡新生村,黑龙江,黑河,name_prefix,Hei He Shi Ai Hui Qu Xin Sheng Xiang Xin Sheng Cun,2,https://sjfw.mct.gov.cn/site/dataservice/rural,2022-12-07,2026-09-26,,,公开名录确认名称与所属地区；活动、餐饮、住宿和坐标尚未补充。
1002571,2571,public,鹤岗市萝北县东明乡红光村,黑龙江,鹤岗,name_prefix,He Gang Shi Luo Bei Xian Dong Ming Xiang Hong Guang Cun,2,https://sjfw.mct.gov.cn/site/dataservice/rural,2022-12-07,2026-09-26,,,公开名录确认名称与所属地区；活动、餐饮、住宿和坐标尚未补充。
1002570,2570,public,齐齐哈尔市甘南县兴十四镇兴十四村,黑龙江,齐齐哈尔,name_prefix,Qi Qi Ha Er Shi Gan Nan Xian Xing Shi Si Zhen Xing Shi Si Cun,2,https://sjfw.mct.gov.cn/site/dataservice/rural,2022-12-07,2026-09-26,,,公开名录确认名称与所属地区；活动、餐饮、住宿和坐标尚未补充。
1002569,2569,public,大庆市杜蒙县胡吉吐莫镇东吐莫村,黑龙江,大庆,name_prefix,Da Qing Shi Du Meng Xian Hu Ji Tu Mo Zhen Dong Tu Mo Cun,2,https://sjfw.mct.gov.cn/site/dataservice/rural,2022-12-07,2026-09-26,,,公开名录确认名称与所属地区；活动、餐饮、住宿和坐标尚未补充。
1002568,2568,public,绥化市兰西县兰西镇永久村,黑龙江,绥化,name_prefix,Sui Hua Shi Lan Xi Xian Lan Xi Zhen Yong Jiu Cun,2,https://sjfw.mct.gov.cn/site/dataservice/rural,2022-12-07,2026-09-26,,,公开名录确认名称与所属地区；活动、餐饮、住宿和坐标尚未补充。
1002567,2567,public,佳木斯市抚远市乌苏镇抓吉赫哲族村,黑龙江,佳木斯,name_prefix,Jia Mu Si Shi Fu Yuan Shi Wu Su Zhen Zhua Ji He Zhe Zu Cun,2,https://sjfw.mct.gov.cn/site/dataservice/rural,2022-12-07,2026-09-26,,,公开名录确认名称与所属地区；活动、餐饮、住宿和坐标尚未补充。
1002566,2566,public,伊春市大箐山县朗乡镇达里村,黑龙江,伊春,name_prefix,Yi Chun Shi Da Qing Shan Xian Lang Xiang Zhen Da Li Cun,2,https://sjfw.mct.gov.cn/site/dataservice/rural,2022-12-07,2026-09-26,,,公开名录确认名称与所属地区；活动、餐饮、住宿和坐标尚未补充。
1002565,2565,public,佳木斯市汤原县汤旺朝鲜族乡金星村,黑龙江,佳木斯,name_prefix,Jia Mu Si Shi Tang Yuan Xian Tang Wang Chao Xian Zu Xiang Jin Xing Cun,2,https://sjfw.mct.gov.cn/site/dataservice/rural,2022-12-07,2026-09-26,,,公开名录确认名称与所属地区；活动、餐饮、住宿和坐标尚未补充。
1002564,2564,public,大兴安岭地区呼玛县白银纳鄂伦春族乡白银纳村,黑龙江,大兴安岭地区,name_prefix,Da Xing An Ling Di Qu Hu Ma Xian Bai Yin Na E Lun Chun Zu Xiang Bai Yin Na Cun,2,https://sjfw.mct.gov.cn/site/dataservice/rural,2022-12-07,2026-09-26,,,公开名录确认名称与所属地区；活动、餐饮、住宿和坐标尚未补充。
1002563,2563,public,金山区廊下镇山塘村,上海,上海,municipality,Jin Shan Qu Lang Xia Zhen Shan Tang Cun,2,https://sjfw.mct.gov.cn/site/dataservice/rural,2022-12-07,2026-09-26,,,公开名录确认名称与所属地区；活动、餐饮、住宿和坐标尚未补充。
1002562,2562,public,崇明区绿华镇绿港村,上海,上海,municipality,Chong Ming Qu Lv Hua Zhen Lv Gang Cun,2,https://sjfw.mct.gov.cn/site/dataservice/rural,2022-12-07,2026-09-26,,,公开名录确认名称与所属地区；活动、餐饮、住宿和坐标尚未补充。
1002561,2561,public,浦东新区大团镇赵桥村,上海,上海,municipality,Pu Dong Xin Qu Da Tuan Zhen Zhao Qiao Cun,2,https://sjfw.mct.gov.cn/site/dataservice/rural,2022-12-07,2026-09-26,,,公开名录确认名称与所属地区；活动、餐饮、住宿和坐标尚未补充。
1002560,2560,public,青浦区朱家角镇张马村,上海,上海,municipality,Qing Pu Qu Zhu Jia Jiao Zhen Zhang Ma Cun,2,https://sjfw.mct.gov.cn/site/dataservice/rural,2022-12-07,2026-09-26,,,公开名录确认名称与所属地区；活动、餐饮、住宿和坐标尚未补充。
1002559,2559,public,宝山区罗泾镇塘湾村,上海,上海,municipality,Bao Shan Qu Luo Jing Zhen Tang Wan Cun,2,https://sjfw.mct.gov.cn/site/dataservice/rural,2022-12-07,2026-09-26,,,公开名录确认名称与所属地区；活动、餐饮、住宿和坐标尚未补充。
1002558,2558,public,崇明区横沙乡丰乐村,上海,上海,municipality,Chong Ming Qu Heng Sha Xiang Feng Le Cun,2,https://sjfw.mct.gov.cn/site/dataservice/rural,2022-12-07,2026-09-26,,,公开名录确认名称与所属地区；活动、餐饮、住宿和坐标尚未补充。
1002557,2557,public,崇明区陈家镇瀛东村,上海,上海,municipality,Chong Ming Qu Chen Jia Zhen Ying Dong Cun,2,https://sjfw.mct.gov.cn/site/dataservice/rural,2022-12-07,2026-09-26,,,公开名录确认名称与所属地区；活动、餐饮、住宿和坐标尚未补充。
1002556,2556,public,金山区朱泾镇待泾村,上海,上海,municipality,Jin Shan Qu Zhu Jing Zhen Dai Jing Cun,2,https://sjfw.mct.gov.cn/site/dataservice/rural,2022-12-07,2026-09-26,,,公开名录确认名称与所属地区；活动、餐饮、住宿和坐标尚未补充。
1002555,2555,public,宝山区罗泾镇海星村,上海,上海,municipality,Bao Shan Qu Luo Jing Zhen Hai Xing Cun,2,https://sjfw.mct.gov.cn/site/dataservice/rural,2022-12-07,2026-09-26,,,公开名录确认名称与所属地区；活动、餐饮、住宿和坐标尚未补充。
1002554,2554,public,金山区枫泾镇中洪村,上海,上海,municipality,Jin Shan Qu Feng Jing Zhen Zhong Hong Cun,2,https://sjfw.mct.gov.cn/site/dataservice/rural,2022-12-07,2026-09-26,,,公开名录确认名称与所属地区；活动、餐饮、住宿和坐标尚未补充。
1002553,2553,public,浦东新区祝桥镇邓三村,上海,上海,municipality,Pu Dong Xin Qu Zhu Qiao Zhen Deng San Cun,2,https://sjfw.mct.gov.cn/site/dataservice/rural,2022-12-07,2026-09-26,,,公开名录确认名称与所属地区；活动、餐饮、住宿和坐标尚未补充。
1002552,2552,public,南京市江宁区横溪街道石塘村,江苏,南京,name_prefix,Nan Jing Shi Jiang Ning Qu Heng Xi Jie Dao Shi Tang Cun,2,https://sjfw.mct.gov.cn/site/dataservice/rural,2022-12-07,2026-09-26,,,公开名录确认名称与所属地区；活动、餐饮、住宿和坐标尚未补充。
1002551,2551,public,常州市溧阳市溧城镇礼诗圩村,江苏,常州,name_prefix,Chang Zhou Shi Li Yang Shi Li Cheng Zhen Li Shi Wei Cun,2,https://sjfw.mct.gov.cn/site/dataservice/rural,2022-12-07,2026-09-26,,,公开名录确认名称与所属地区；活动、餐饮、住宿和坐标尚未补充。
1002550,2550,public,泰州市姜堰区三水街道小杨村,江苏,泰州,name_prefix,Tai Zhou Shi Jiang Yan Qu San Shui Jie Dao Xiao Yang Cun,2,https://sjfw.mct.gov.cn/site/dataservice/rural,2022-12-07,2026-09-26,,,公开名录确认名称与所属地区；活动、餐饮、住宿和坐标尚未补充。
1002549,2549,public,镇江市句容市茅山镇丁庄村,江苏,镇江,name_prefix,Zhen Jiang Shi Ju Rong Shi Mao Shan Zhen Ding Zhuang Cun,2,https://sjfw.mct.gov.cn/site/dataservice/rural,2022-12-07,2026-09-26,,,公开名录确认名称与所属地区；活动、餐饮、住宿和坐标尚未补充。
1002548,2548,public,苏州市高新区通安镇树山村,江苏,苏州,name_prefix,Su Zhou Shi Gao Xin Qu Tong An Zhen Shu Shan Cun,2,https://sjfw.mct.gov.cn/site/dataservice/rural,2022-12-07,2026-09-26,,,公开名录确认名称与所属地区；活动、餐饮、住宿和坐标尚未补充。
1002547,2547,public,南通市如东县栟茶镇三园村,江苏,南通,name_prefix,Nan Tong Shi Ru Dong Xian Ben Cha Zhen San Yuan Cun,2,https://sjfw.mct.gov.cn/site/dataservice/rural,2022-12-07,2026-09-26,,,公开名录确认名称与所属地区；活动、餐饮、住宿和坐标尚未补充。
1002546,2546,public,盐城市东台市五烈镇甘港村,江苏,盐城,name_prefix,Yan Cheng Shi Dong Tai Shi Wu Lie Zhen Gan Gang Cun,2,https://sjfw.mct.gov.cn/site/dataservice/rural,2022-12-07,2026-09-26,,,公开名录确认名称与所属地区；活动、餐饮、住宿和坐标尚未补充。
1002545,2545,public,徐州市铜山区汉王镇汉王村,江苏,徐州,name_prefix,Xu Zhou Shi Tong Shan Qu Han Wang Zhen Han Wang Cun,2,https://sjfw.mct.gov.cn/site/dataservice/rural,2022-12-07,2026-09-26,,,公开名录确认名称与所属地区；活动、餐饮、住宿和坐标尚未补充。
1002544,2544,public,泰州市兴化市千垛镇东罗村,江苏,泰州,name_prefix,Tai Zhou Shi Xing Hua Shi Qian Duo Zhen Dong Luo Cun,2,https://sjfw.mct.gov.cn/site/dataservice/rural,2022-12-07,2026-09-26,,,公开名录确认名称与所属地区；活动、餐饮、住宿和坐标尚未补充。
1002543,2543,public,常州市武进区雪堰镇城西回民村,江苏,常州,name_prefix,Chang Zhou Shi Wu Jin Qu Xue Yan Zhen Cheng Xi Hui Min Cun,2,https://sjfw.mct.gov.cn/site/dataservice/rural,2022-12-07,2026-09-26,,,公开名录确认名称与所属地区；活动、餐饮、住宿和坐标尚未补充。
1002542,2542,public,连云港市连云区西连岛村,江苏,连云港,name_prefix,Lian Yun Gang Shi Lian Yun Qu Xi Lian Dao Cun,2,https://sjfw.mct.gov.cn/site/dataservice/rural,2022-12-07,2026-09-26,,,公开名录确认名称与所属地区；活动、餐饮、住宿和坐标尚未补充。
1002541,2541,public,南京市溧水区白马镇李巷村,江苏,南京,name_prefix,Nan Jing Shi Li Shui Qu Bai Ma Zhen Li Xiang Cun,2,https://sjfw.mct.gov.cn/site/dataservice/rural,2022-12-07,2026-09-26,,,公开名录确认名称与所属地区；活动、餐饮、住宿和坐标尚未补充。
1002540,2540,public,镇江市丹徒区江心洲生态农业园区五套村,江苏,镇江,name_prefix,Zhen Jiang Shi Dan Tu Qu Jiang Xin Zhou Sheng Tai Nong Ye Yuan Qu Wu Tao Cun,2,https://sjfw.mct.gov.cn/site/dataservice/rural,2022-12-07,2026-09-26,,,公开名录确认名称与所属地区；活动、餐饮、住宿和坐标尚未补充。
1002539,2539,public,徐州市铜山区柳泉镇北村,江苏,徐州,name_prefix,Xu Zhou Shi Tong Shan Qu Liu Quan Zhen Bei Cun,2,https://sjfw.mct.gov.cn/site/dataservice/rural,2022-12-07,2026-09-26,,,公开名录确认名称与所属地区；活动、餐饮、住宿和坐标尚未补充。
1002538,2538,public,南京市高淳区东坝街道三条垄田园慢村,江苏,南京,name_prefix,Nan Jing Shi Gao Chun Qu Dong Ba Jie Dao San Tiao Long Tian Yuan Man Cun,2,https://sjfw.mct.gov.cn/site/dataservice/rural,2022-12-07,2026-09-26,,,公开名录确认名称与所属地区；活动、餐饮、住宿和坐标尚未补充。
1002537,2537,public,无锡市滨湖区马山街道群丰社区,江苏,无锡,name_prefix,Wu Xi Shi Bin Hu Qu Ma Shan Jie Dao Qun Feng She Qu,2,https://sjfw.mct.gov.cn/site/dataservice/rural,2022-12-07,2026-09-26,,,公开名录确认名称与所属地区；活动、餐饮、住宿和坐标尚未补充。
1002536,2536,public,无锡市江阴市华士镇华西新市村,江苏,无锡,name_prefix,Wu Xi Shi Jiang Yin Shi Hua Shi Zhen Hua Xi Xin Shi Cun,2,https://sjfw.mct.gov.cn/site/dataservice/rural,2022-12-07,2026-09-26,,,公开名录确认名称与所属地区；活动、餐饮、住宿和坐标尚未补充。
1002535,2535,public,常州市溧阳市南渡镇庆丰村,江苏,常州,name_prefix,Chang Zhou Shi Li Yang Shi Nan Du Zhen Qing Feng Cun,2,https://sjfw.mct.gov.cn/site/dataservice/rural,2022-12-07,2026-09-26,,,公开名录确认名称与所属地区；活动、餐饮、住宿和坐标尚未补充。
1002534,2534,public,南通市如皋市城北街道平园池村,江苏,南通,name_prefix,Nan Tong Shi Ru Gao Shi Cheng Bei Jie Dao Ping Yuan Chi Cun,2,https://sjfw.mct.gov.cn/site/dataservice/rural,2022-12-07,2026-09-26,,,公开名录确认名称与所属地区；活动、餐饮、住宿和坐标尚未补充。
1002533,2533,public,连云港市灌云县伊山镇川星村,江苏,连云港,name_prefix,Lian Yun Gang Shi Guan Yun Xian Yi Shan Zhen Chuan Xing Cun,2,https://sjfw.mct.gov.cn/site/dataservice/rural,2022-12-07,2026-09-26,,,公开名录确认名称与所属地区；活动、餐饮、住宿和坐标尚未补充。
1002532,2532,public,徐州市睢宁县姚集镇高党村,江苏,徐州,name_prefix,Xu Zhou Shi Sui Ning Xian Yao Ji Zhen Gao Dang Cun,2,https://sjfw.mct.gov.cn/site/dataservice/rural,2022-12-07,2026-09-26,,,公开名录确认名称与所属地区；活动、餐饮、住宿和坐标尚未补充。
1002531,2531,public,无锡市宜兴市西渚镇白塔村,江苏,无锡,name_prefix,Wu Xi Shi Yi Xing Shi Xi Zhu Zhen Bai Ta Cun,2,https://sjfw.mct.gov.cn/site/dataservice/rural,2022-12-07,2026-09-26,,,公开名录确认名称与所属地区；活动、餐饮、住宿和坐标尚未补充。
1002530,2530,public,盐城市盐都区郭猛镇杨侍村,江苏,盐城,name_prefix,Yan Cheng Shi Yan Dou Qu Guo Meng Zhen Yang Shi Cun,2,https://sjfw.mct.gov.cn/site/dataservice/rural,2022-12-07,2026-09-26,,,公开名录确认名称与所属地区；活动、餐饮、住宿和坐标尚未补充。
1002529,2529,public,淮安市金湖县前锋镇白马湖村,江苏,淮安,name_prefix,Huai An Shi Jin Hu Xian Qian Feng Zhen Bai Ma Hu Cun,2,https://sjfw.mct.gov.cn/site/dataservice/rural,2022-12-07,2026-09-26,,,公开名录确认名称与所属地区；活动、餐饮、住宿和坐标尚未补充。
1002528,2528,public,南京市江宁区谷里街道双塘社区大塘金村,江苏,南京,name_prefix,Nan Jing Shi Jiang Ning Qu Gu Li Jie Dao Shuang Tang She Qu Da Tang Jin Cun,2,https://sjfw.mct.gov.cn/site/dataservice/rural,2022-12-07,2026-09-26,,,公开名录确认名称与所属地区；活动、餐饮、住宿和坐标尚未补充。
1002527,2527,public,徐州市贾汪区茱萸山街道磨石塘村,江苏,徐州,name_prefix,Xu Zhou Shi Jia Wang Qu Zhu Yu Shan Jie Dao Mo Shi Tang Cun,2,https://sjfw.mct.gov.cn/site/dataservice/rural,2022-12-07,2026-09-26,,,公开名录确认名称与所属地区；活动、餐饮、住宿和坐标尚未补充。
1002526,2526,public,湖州市德清县莫干山镇劳岭村,浙江,湖州,name_prefix,Hu Zhou Shi De Qing Xian Mo Gan Shan Zhen Lao Ling Cun,2,https://sjfw.mct.gov.cn/site/dataservice/rural,2022-12-07,2026-09-26,,,公开名录确认名称与所属地区；活动、餐饮、住宿和坐标尚未补充。
1002525,2525,public,湖州市安吉县递铺街道鲁家村,浙江,湖州,name_prefix,Hu Zhou Shi An Ji Xian Di Pu Jie Dao Lu Jia Cun,2,https://sjfw.mct.gov.cn/site/dataservice/rural,2022-12-07,2026-09-26,,,公开名录确认名称与所属地区；活动、餐饮、住宿和坐标尚未补充。
1002524,2524,public,金华市磐安县尖山镇乌石村,浙江,金华,name_prefix,Jin Hua Shi Pan An Xian Jian Shan Zhen Wu Shi Cun,2,https://sjfw.mct.gov.cn/site/dataservice/rural,2022-12-07,2026-09-26,,,公开名录确认名称与所属地区；活动、餐饮、住宿和坐标尚未补充。
1002523,2523,public,衢州市江山市石门镇清漾村,浙江,衢州,name_prefix,Qu Zhou Shi Jiang Shan Shi Shi Men Zhen Qing Yang Cun,2,https://sjfw.mct.gov.cn/site/dataservice/rural,2022-12-07,2026-09-26,,,公开名录确认名称与所属地区；活动、餐饮、住宿和坐标尚未补充。
1002522,2522,public,衢州市江山市廿八都镇浔里村,浙江,衢州,name_prefix,Qu Zhou Shi Jiang Shan Shi Nian Ba Dou Zhen Xun Li Cun,2,https://sjfw.mct.gov.cn/site/dataservice/rural,2022-12-07,2026-09-26,,,公开名录确认名称与所属地区；活动、餐饮、住宿和坐标尚未补充。
1002521,2521,public,丽水市缙云县新建镇河阳村,浙江,丽水,name_prefix,Li Shui Shi Jin Yun Xian Xin Jian Zhen He Yang Cun,2,https://sjfw.mct.gov.cn/site/dataservice/rural,2022-12-07,2026-09-26,,,公开名录确认名称与所属地区；活动、餐饮、住宿和坐标尚未补充。
1002520,2520,public,杭州市西湖区转塘街道上城埭村,浙江,杭州,name_prefix,Hang Zhou Shi Xi Hu Qu Zhuan Tang Jie Dao Shang Cheng Dai Cun,2,https://sjfw.mct.gov.cn/site/dataservice/rural,2022-12-07,2026-09-26,,,公开名录确认名称与所属地区；活动、餐饮、住宿和坐标尚未补充。
1002519,2519,public,宁波市象山县墙头镇方家岙村,浙江,宁波,name_prefix,Ning Bo Shi Xiang Shan Xian Qiang Tou Zhen Fang Jia Ao Cun,2,https://sjfw.mct.gov.cn/site/dataservice/rural,2022-12-07,2026-09-26,,,公开名录确认名称与所属地区；活动、餐饮、住宿和坐标尚未补充。
1002518,2518,public,湖州市安吉县灵峰街道横山坞村,浙江,湖州,name_prefix,Hu Zhou Shi An Ji Xian Ling Feng Jie Dao Heng Shan Wu Cun,2,https://sjfw.mct.gov.cn/site/dataservice/rural,2022-12-07,2026-09-26,,,公开名录确认名称与所属地区；活动、餐饮、住宿和坐标尚未补充。
1002517,2517,public,杭州市建德市大慈岩镇新叶村,浙江,杭州,name_prefix,Hang Zhou Shi Jian De Shi Da Ci Yan Zhen Xin Ye Cun,2,https://sjfw.mct.gov.cn/site/dataservice/rural,2022-12-07,2026-09-26,,,公开名录确认名称与所属地区；活动、餐饮、住宿和坐标尚未补充。
1002516,2516,public,温州市文成县南田镇武阳村,浙江,温州,name_prefix,Wen Zhou Shi Wen Cheng Xian Nan Tian Zhen Wu Yang Cun,2,https://sjfw.mct.gov.cn/site/dataservice/rural,2022-12-07,2026-09-26,,,公开名录确认名称与所属地区；活动、餐饮、住宿和坐标尚未补充。
1002515,2515,public,湖州市南浔区和孚镇荻港村,浙江,湖州,name_prefix,Hu Zhou Shi Nan Xun Qu He Fu Zhen Di Gang Cun,2,https://sjfw.mct.gov.cn/site/dataservice/rural,2022-12-07,2026-09-26,,,公开名录确认名称与所属地区；活动、餐饮、住宿和坐标尚未补充。
1002514,2514,public,台州市天台县赤城街道塔后村,浙江,台州,name_prefix,Tai Zhou Shi Tian Tai Xian Chi Cheng Jie Dao Ta Hou Cun,2,https://sjfw.mct.gov.cn/site/dataservice/rural,2022-12-07,2026-09-26,,,公开名录确认名称与所属地区；活动、餐饮、住宿和坐标尚未补充。
1002513,2513,public,舟山市定海区干览镇新建村,浙江,舟山,name_prefix,Zhou Shan Shi Ding Hai Qu Gan Lan Zhen Xin Jian Cun,2,https://sjfw.mct.gov.cn/site/dataservice/rural,2022-12-07,2026-09-26,,,公开名录确认名称与所属地区；活动、餐饮、住宿和坐标尚未补充。
1002512,2512,public,台州市三门县横渡镇岩下潘村,浙江,台州,name_prefix,Tai Zhou Shi San Men Xian Heng Du Zhen Yan Xia Pan Cun,2,https://sjfw.mct.gov.cn/site/dataservice/rural,2022-12-07,2026-09-26,,,公开名录确认名称与所属地区；活动、餐饮、住宿和坐标尚未补充。
1002511,2511,public,绍兴市新昌县镜岭镇外婆坑村,浙江,绍兴,name_prefix,Shao Xing Shi Xin Chang Xian Jing Ling Zhen Wai Po Keng Cun,2,https://sjfw.mct.gov.cn/site/dataservice/rural,2022-12-07,2026-09-26,,,公开名录确认名称与所属地区；活动、餐饮、住宿和坐标尚未补充。
1002510,2510,public,金华市浦江县虞宅乡新光村,浙江,金华,name_prefix,Jin Hua Shi Pu Jiang Xian Yu Zhai Xiang Xin Guang Cun,2,https://sjfw.mct.gov.cn/site/dataservice/rural,2022-12-07,2026-09-26,,,公开名录确认名称与所属地区；活动、餐饮、住宿和坐标尚未补充。
1002509,2509,public,宁波市宁海县桥头胡街道双林村,浙江,宁波,name_prefix,Ning Bo Shi Ning Hai Xian Qiao Tou Hu Jie Dao Shuang Lin Cun,2,https://sjfw.mct.gov.cn/site/dataservice/rural,2022-12-07,2026-09-26,,,公开名录确认名称与所属地区；活动、餐饮、住宿和坐标尚未补充。
1002508,2508,public,丽水市松阳县大东坝镇茶排村,浙江,丽水,name_prefix,Li Shui Shi Song Yang Xian Da Dong Ba Zhen Cha Pai Cun,2,https://sjfw.mct.gov.cn/site/dataservice/rural,2022-12-07,2026-09-26,,,公开名录确认名称与所属地区；活动、餐饮、住宿和坐标尚未补充。
1002507,2507,public,杭州市临安区高虹镇石门村,浙江,杭州,name_prefix,Hang Zhou Shi Lin An Qu Gao Hong Zhen Shi Men Cun,2,https://sjfw.mct.gov.cn/site/dataservice/rural,2022-12-07,2026-09-26,,,公开名录确认名称与所属地区；活动、餐饮、住宿和坐标尚未补充。
1002506,2506,public,金华市东阳市南马镇花园村,浙江,金华,name_prefix,Jin Hua Shi Dong Yang Shi Nan Ma Zhen Hua Yuan Cun,2,https://sjfw.mct.gov.cn/site/dataservice/rural,2022-12-07,2026-09-26,,,公开名录确认名称与所属地区；活动、餐饮、住宿和坐标尚未补充。
1002505,2505,public,绍兴市上虞区岭南乡东澄村,浙江,绍兴,name_prefix,Shao Xing Shi Shang Yu Qu Ling Nan Xiang Dong Cheng Cun,2,https://sjfw.mct.gov.cn/site/dataservice/rural,2022-12-07,2026-09-26,,,公开名录确认名称与所属地区；活动、餐饮、住宿和坐标尚未补充。
1002504,2504,public,绍兴市柯桥区漓渚镇棠棣村,浙江,绍兴,name_prefix,Shao Xing Shi Ke Qiao Qu Li Zhu Zhen Tang Di Cun,2,https://sjfw.mct.gov.cn/site/dataservice/rural,2022-12-07,2026-09-26,,,公开名录确认名称与所属地区；活动、餐饮、住宿和坐标尚未补充。
1002503,2503,public,温州市永嘉县岩头镇苍坡村,浙江,温州,name_prefix,Wen Zhou Shi Yong Jia Xian Yan Tou Zhen Cang Po Cun,2,https://sjfw.mct.gov.cn/site/dataservice/rural,2022-12-07,2026-09-26,,,公开名录确认名称与所属地区；活动、餐饮、住宿和坐标尚未补充。
1002502,2502,public,宁波市宁海县大佳何镇葛家村,浙江,宁波,name_prefix,Ning Bo Shi Ning Hai Xian Da Jia He Zhen Ge Jia Cun,2,https://sjfw.mct.gov.cn/site/dataservice/rural,2022-12-07,2026-09-26,,,公开名录确认名称与所属地区；活动、餐饮、住宿和坐标尚未补充。
1002501,2501,public,嘉兴市海宁市丁桥镇新仓村,浙江,嘉兴,name_prefix,Jia Xing Shi Hai Ning Shi Ding Qiao Zhen Xin Cang Cun,2,https://sjfw.mct.gov.cn/site/dataservice/rural,2022-12-07,2026-09-26,,,公开名录确认名称与所属地区；活动、餐饮、住宿和坐标尚未补充。
1002500,2500,public,黄山市徽州区呈坎镇呈坎村,安徽,黄山,name_prefix,Huang Shan Shi Hui Zhou Qu Cheng Kan Zhen Cheng Kan Cun,2,https://sjfw.mct.gov.cn/site/dataservice/rural,2022-12-07,2026-09-26,,,公开名录确认名称与所属地区；活动、餐饮、住宿和坐标尚未补充。
1002499,2499,public,六安市金寨县花石乡大湾村,安徽,六安,name_prefix,Lu An Shi Jin Zhai Xian Hua Shi Xiang Da Wan Cun,2,https://sjfw.mct.gov.cn/site/dataservice/rural,2022-12-07,2026-09-26,,,公开名录确认名称与所属地区；活动、餐饮、住宿和坐标尚未补充。
1002498,2498,public,黄山市黟县西递镇西递村,安徽,黄山,name_prefix,Huang Shan Shi Yi Xian Xi Di Zhen Xi Di Cun,2,https://sjfw.mct.gov.cn/site/dataservice/rural,2022-12-07,2026-09-26,,,公开名录确认名称与所属地区；活动、餐饮、住宿和坐标尚未补充。
1002497,2497,public,合肥市长丰县杨庙镇马郢社区,安徽,合肥,name_prefix,He Fei Shi Zhang Feng Xian Yang Miao Zhen Ma Ying She Qu,2,https://sjfw.mct.gov.cn/site/dataservice/rural,2022-12-07,2026-09-26,,,公开名录确认名称与所属地区；活动、餐饮、住宿和坐标尚未补充。
1002496,2496,public,芜湖市南陵县烟墩镇霭里村,安徽,芜湖,name_prefix,Wu Hu Shi Nan Ling Xian Yan Dun Zhen Ai Li Cun,2,https://sjfw.mct.gov.cn/site/dataservice/rural,2022-12-07,2026-09-26,,,公开名录确认名称与所属地区；活动、餐饮、住宿和坐标尚未补充。
1002495,2495,public,六安市霍山县磨子潭镇堆谷山村,安徽,六安,name_prefix,Lu An Shi Huo Shan Xian Mo Zi Tan Zhen Dui Gu Shan Cun,2,https://sjfw.mct.gov.cn/site/dataservice/rural,2022-12-07,2026-09-26,,,公开名录确认名称与所属地区；活动、餐饮、住宿和坐标尚未补充。
1002494,2494,public,铜陵市义安区西联镇犁桥村,安徽,铜陵,name_prefix,Tong Ling Shi Yi An Qu Xi Lian Zhen Li Qiao Cun,2,https://sjfw.mct.gov.cn/site/dataservice/rural,2022-12-07,2026-09-26,,,公开名录确认名称与所属地区；活动、餐饮、住宿和坐标尚未补充。
1002493,2493,public,亳州市谯城区古井镇药王村,安徽,亳州,name_prefix,Bo Zhou Shi Qiao Cheng Qu Gu Jing Zhen Yao Wang Cun,2,https://sjfw.mct.gov.cn/site/dataservice/rural,2022-12-07,2026-09-26,,,公开名录确认名称与所属地区；活动、餐饮、住宿和坐标尚未补充。
1002492,2492,public,安庆市潜山市官庄镇官庄村,安徽,安庆,name_prefix,An Qing Shi Qian Shan Shi Guan Zhuang Zhen Guan Zhuang Cun,2,https://sjfw.mct.gov.cn/site/dataservice/rural,2022-12-07,2026-09-26,,,公开名录确认名称与所属地区；活动、餐饮、住宿和坐标尚未补充。
1002491,2491,public,黄山市休宁县溪口镇祖源村,安徽,黄山,name_prefix,Huang Shan Shi Xiu Ning Xian Xi Kou Zhen Zu Yuan Cun,2,https://sjfw.mct.gov.cn/site/dataservice/rural,2022-12-07,2026-09-26,,,公开名录确认名称与所属地区；活动、餐饮、住宿和坐标尚未补充。
1002490,2490,public,马鞍山市当涂县护河镇桃花村,安徽,马鞍山,name_prefix,Ma An Shan Shi Dang Tu Xian Hu He Zhen Tao Hua Cun,2,https://sjfw.mct.gov.cn/site/dataservice/rural,2022-12-07,2026-09-26,,,公开名录确认名称与所属地区；活动、餐饮、住宿和坐标尚未补充。
1002489,2489,public,六安市霍山县太阳乡金竹坪村,安徽,六安,name_prefix,Lu An Shi Huo Shan Xian Tai Yang Xiang Jin Zhu Ping Cun,2,https://sjfw.mct.gov.cn/site/dataservice/rural,2022-12-07,2026-09-26,,,公开名录确认名称与所属地区；活动、餐饮、住宿和坐标尚未补充。
1002488,2488,public,滁州市明光市张八岭镇柴郢村,安徽,滁州,name_prefix,Chu Zhou Shi Ming Guang Shi Zhang Ba Ling Zhen Chai Ying Cun,2,https://sjfw.mct.gov.cn/site/dataservice/rural,2022-12-07,2026-09-26,,,公开名录确认名称与所属地区；活动、餐饮、住宿和坐标尚未补充。
1002487,2487,public,黄山市黄山区汤口镇山岔村,安徽,黄山,name_prefix,Huang Shan Shi Huang Shan Qu Tang Kou Zhen Shan Cha Cun,2,https://sjfw.mct.gov.cn/site/dataservice/rural,2022-12-07,2026-09-26,,,公开名录确认名称与所属地区；活动、餐饮、住宿和坐标尚未补充。
1002486,2486,public,黄山市黟县宏村镇塔川村,安徽,黄山,name_prefix,Huang Shan Shi Yi Xian Hong Cun Zhen Ta Chuan Cun,2,https://sjfw.mct.gov.cn/site/dataservice/rural,2022-12-07,2026-09-26,,,公开名录确认名称与所属地区；活动、餐饮、住宿和坐标尚未补充。
1002485,2485,public,宣城市绩溪县家朋乡尚村,安徽,宣城,name_prefix,Xuan Cheng Shi Ji Xi Xian Jia Peng Xiang Shang Cun,2,https://sjfw.mct.gov.cn/site/dataservice/rural,2022-12-07,2026-09-26,,,公开名录确认名称与所属地区；活动、餐饮、住宿和坐标尚未补充。
1002484,2484,public,六安市金安区张店镇洪山村,安徽,六安,name_prefix,Lu An Shi Jin An Qu Zhang Dian Zhen Hong Shan Cun,2,https://sjfw.mct.gov.cn/site/dataservice/rural,2022-12-07,2026-09-26,,,公开名录确认名称与所属地区；活动、餐饮、住宿和坐标尚未补充。
1002483,2483,public,宣城市旌德县白地镇江村,安徽,宣城,name_prefix,Xuan Cheng Shi Jing De Xian Bai Di Zhen Jiang Cun,2,https://sjfw.mct.gov.cn/site/dataservice/rural,2022-12-07,2026-09-26,,,公开名录确认名称与所属地区；活动、餐饮、住宿和坐标尚未补充。
1002482,2482,public,合肥市庐江县万山镇长冲村,安徽,合肥,name_prefix,He Fei Shi Lu Jiang Xian Wan Shan Zhen Zhang Chong Cun,2,https://sjfw.mct.gov.cn/site/dataservice/rural,2022-12-07,2026-09-26,,,公开名录确认名称与所属地区；活动、餐饮、住宿和坐标尚未补充。
1002481,2481,public,芜湖市芜湖县红杨镇珩琅山村,安徽,芜湖,name_prefix,Wu Hu Shi Wu Hu Xian Hong Yang Zhen Hang Lang Shan Cun,2,https://sjfw.mct.gov.cn/site/dataservice/rural,2022-12-07,2026-09-26,,,公开名录确认名称与所属地区；活动、餐饮、住宿和坐标尚未补充。
1002480,2480,public,淮北市烈山区烈山镇榴园村,安徽,淮北,name_prefix,Huai Bei Shi Lie Shan Qu Lie Shan Zhen Liu Yuan Cun,2,https://sjfw.mct.gov.cn/site/dataservice/rural,2022-12-07,2026-09-26,,,公开名录确认名称与所属地区；活动、餐饮、住宿和坐标尚未补充。
1002479,2479,public,亳州市涡阳县曹市镇辉山村,安徽,亳州,name_prefix,Bo Zhou Shi Wo Yang Xian Cao Shi Zhen Hui Shan Cun,2,https://sjfw.mct.gov.cn/site/dataservice/rural,2022-12-07,2026-09-26,,,公开名录确认名称与所属地区；活动、餐饮、住宿和坐标尚未补充。
1002478,2478,public,泉州市晋江市金井镇围头村,福建,泉州,name_prefix,Quan Zhou Shi Jin Jiang Shi Jin Jing Zhen Wei Tou Cun,2,https://sjfw.mct.gov.cn/site/dataservice/rural,2022-12-07,2026-09-26,,,公开名录确认名称与所属地区；活动、餐饮、住宿和坐标尚未补充。
1002477,2477,public,漳州市华安县新圩镇官畲村,福建,漳州,name_prefix,Zhang Zhou Shi Hua An Xian Xin Wei Zhen Guan She Cun,2,https://sjfw.mct.gov.cn/site/dataservice/rural,2022-12-07,2026-09-26,,,公开名录确认名称与所属地区；活动、餐饮、住宿和坐标尚未补充。
1002476,2476,public,厦门市海沧区海沧街道青礁村,福建,厦门,name_prefix,Xia Men Shi Hai Cang Qu Hai Cang Jie Dao Qing Jiao Cun,2,https://sjfw.mct.gov.cn/site/dataservice/rural,2022-12-07,2026-09-26,,,公开名录确认名称与所属地区；活动、餐饮、住宿和坐标尚未补充。
1002475,2475,public,莆田市涵江区白沙镇坪盘村,福建,莆田,name_prefix,Pu Tian Shi Han Jiang Qu Bai Sha Zhen Ping Pan Cun,2,https://sjfw.mct.gov.cn/site/dataservice/rural,2022-12-07,2026-09-26,,,公开名录确认名称与所属地区；活动、餐饮、住宿和坐标尚未补充。
1002474,2474,public,平潭综合实验区苏平片区上攀村,福建,福建,province_fallback,Ping Tan Zong He Shi Yan Qu Su Ping Pian Qu Shang Pan Cun,2,https://sjfw.mct.gov.cn/site/dataservice/rural,2022-12-07,2026-09-26,,,公开名录确认名称与所属地区；活动、餐饮、住宿和坐标尚未补充。
1002473,2473,public,莆田市湄洲岛湄洲镇下山村,福建,莆田,name_prefix,Pu Tian Shi Mei Zhou Dao Mei Zhou Zhen Xia Shan Cun,2,https://sjfw.mct.gov.cn/site/dataservice/rural,2022-12-07,2026-09-26,,,公开名录确认名称与所属地区；活动、餐饮、住宿和坐标尚未补充。
1002472,2472,public,宁德市古田县城东街道桃溪村,福建,宁德,name_prefix,Ning De Shi Gu Tian Xian Cheng Dong Jie Dao Tao Xi Cun,2,https://sjfw.mct.gov.cn/site/dataservice/rural,2022-12-07,2026-09-26,,,公开名录确认名称与所属地区；活动、餐饮、住宿和坐标尚未补充。
1002471,2471,public,漳州市平和县芦溪镇蕉路村,福建,漳州,name_prefix,Zhang Zhou Shi Ping He Xian Lu Xi Zhen Jiao Lu Cun,2,https://sjfw.mct.gov.cn/site/dataservice/rural,2022-12-07,2026-09-26,,,公开名录确认名称与所属地区；活动、餐饮、住宿和坐标尚未补充。
1002470,2470,public,南平市邵武市和平镇和平村,福建,南平,name_prefix,Nan Ping Shi Shao Wu Shi He Ping Zhen He Ping Cun,2,https://sjfw.mct.gov.cn/site/dataservice/rural,2022-12-07,2026-09-26,,,公开名录确认名称与所属地区；活动、餐饮、住宿和坐标尚未补充。
1002469,2469,public,龙岩市武平县城厢镇云寨村,福建,龙岩,name_prefix,Long Yan Shi Wu Ping Xian Cheng Xiang Zhen Yun Zhai Cun,2,https://sjfw.mct.gov.cn/site/dataservice/rural,2022-12-07,2026-09-26,,,公开名录确认名称与所属地区；活动、餐饮、住宿和坐标尚未补充。
1002468,2468,public,福州市罗源县霍口畲族乡福湖村,福建,福州,name_prefix,Fu Zhou Shi Luo Yuan Xian Huo Kou She Zu Xiang Fu Hu Cun,2,https://sjfw.mct.gov.cn/site/dataservice/rural,2022-12-07,2026-09-26,,,公开名录确认名称与所属地区；活动、餐饮、住宿和坐标尚未补充。
1002467,2467,public,龙岩市新罗区小池镇培斜村,福建,龙岩,name_prefix,Long Yan Shi Xin Luo Qu Xiao Chi Zhen Pei Xie Cun,2,https://sjfw.mct.gov.cn/site/dataservice/rural,2022-12-07,2026-09-26,,,公开名录确认名称与所属地区；活动、餐饮、住宿和坐标尚未补充。
1002466,2466,public,漳州市南靖县书洋镇塔下村,福建,漳州,name_prefix,Zhang Zhou Shi Nan Jing Xian Shu Yang Zhen Ta Xia Cun,2,https://sjfw.mct.gov.cn/site/dataservice/rural,2022-12-07,2026-09-26,,,公开名录确认名称与所属地区；活动、餐饮、住宿和坐标尚未补充。
1002465,2465,public,泉州市德化县国宝乡佛岭村,福建,泉州,name_prefix,Quan Zhou Shi De Hua Xian Guo Bao Xiang Fu Ling Cun,2,https://sjfw.mct.gov.cn/site/dataservice/rural,2022-12-07,2026-09-26,,,公开名录确认名称与所属地区；活动、餐饮、住宿和坐标尚未补充。
1002464,2464,public,三明市清流县林畲镇林畲村,福建,三明,name_prefix,San Ming Shi Qing Liu Xian Lin She Zhen Lin She Cun,2,https://sjfw.mct.gov.cn/site/dataservice/rural,2022-12-07,2026-09-26,,,公开名录确认名称与所属地区；活动、餐饮、住宿和坐标尚未补充。
1002463,2463,public,三明市大田县济阳乡济中村,福建,三明,name_prefix,San Ming Shi Da Tian Xian Ji Yang Xiang Ji Zhong Cun,2,https://sjfw.mct.gov.cn/site/dataservice/rural,2022-12-07,2026-09-26,,,公开名录确认名称与所属地区；活动、餐饮、住宿和坐标尚未补充。
1002462,2462,public,宁德市屏南县熙岭乡龙潭村,福建,宁德,name_prefix,Ning De Shi Ping Nan Xian Xi Ling Xiang Long Tan Cun,2,https://sjfw.mct.gov.cn/site/dataservice/rural,2022-12-07,2026-09-26,,,公开名录确认名称与所属地区；活动、餐饮、住宿和坐标尚未补充。
1002461,2461,public,三明市泰宁县上青乡崇际村,福建,三明,name_prefix,San Ming Shi Tai Ning Xian Shang Qing Xiang Chong Ji Cun,2,https://sjfw.mct.gov.cn/site/dataservice/rural,2022-12-07,2026-09-26,,,公开名录确认名称与所属地区；活动、餐饮、住宿和坐标尚未补充。
1002460,2460,public,南平市武夷山市五夫镇兴贤村,福建,南平,name_prefix,Nan Ping Shi Wu Yi Shan Shi Wu Fu Zhen Xing Xian Cun,2,https://sjfw.mct.gov.cn/site/dataservice/rural,2022-12-07,2026-09-26,,,公开名录确认名称与所属地区；活动、餐饮、住宿和坐标尚未补充。
1002459,2459,public,龙岩市永定区陈东乡岩太村,福建,龙岩,name_prefix,Long Yan Shi Yong Ding Qu Chen Dong Xiang Yan Tai Cun,2,https://sjfw.mct.gov.cn/site/dataservice/rural,2022-12-07,2026-09-26,,,公开名录确认名称与所属地区；活动、餐饮、住宿和坐标尚未补充。
1002458,2458,public,厦门市同安区莲花镇军营村,福建,厦门,name_prefix,Xia Men Shi Tong An Qu Lian Hua Zhen Jun Ying Cun,2,https://sjfw.mct.gov.cn/site/dataservice/rural,2022-12-07,2026-09-26,,,公开名录确认名称与所属地区；活动、餐饮、住宿和坐标尚未补充。
1002457,2457,public,南平市建瓯市小松镇湖头村,福建,南平,name_prefix,Nan Ping Shi Jian Ou Shi Xiao Song Zhen Hu Tou Cun,2,https://sjfw.mct.gov.cn/site/dataservice/rural,2022-12-07,2026-09-26,,,公开名录确认名称与所属地区；活动、餐饮、住宿和坐标尚未补充。
1002456,2456,public,福州市永泰县嵩口镇月洲村,福建,福州,name_prefix,Fu Zhou Shi Yong Tai Xian Song Kou Zhen Yue Zhou Cun,2,https://sjfw.mct.gov.cn/site/dataservice/rural,2022-12-07,2026-09-26,,,公开名录确认名称与所属地区；活动、餐饮、住宿和坐标尚未补充。
1002455,2455,public,福州市永泰县梧桐镇春光村,福建,福州,name_prefix,Fu Zhou Shi Yong Tai Xian Wu Tong Zhen Chun Guang Cun,2,https://sjfw.mct.gov.cn/site/dataservice/rural,2022-12-07,2026-09-26,,,公开名录确认名称与所属地区；活动、餐饮、住宿和坐标尚未补充。
1002454,2454,public,龙岩市武平县万安镇捷文村,福建,龙岩,name_prefix,Long Yan Shi Wu Ping Xian Wan An Zhen Jie Wen Cun,2,https://sjfw.mct.gov.cn/site/dataservice/rural,2022-12-07,2026-09-26,,,公开名录确认名称与所属地区；活动、餐饮、住宿和坐标尚未补充。
1002453,2453,public,南平市武夷山市兴田镇南源岭村,福建,南平,name_prefix,Nan Ping Shi Wu Yi Shan Shi Xing Tian Zhen Nan Yuan Ling Cun,2,https://sjfw.mct.gov.cn/site/dataservice/rural,2022-12-07,2026-09-26,,,公开名录确认名称与所属地区；活动、餐饮、住宿和坐标尚未补充。
1002452,2452,public,景德镇市浮梁县瑶里镇瑶里村,江西,景德镇,name_prefix,Jing De Zhen Shi Fu Liang Xian Yao Li Zhen Yao Li Cun,2,https://sjfw.mct.gov.cn/site/dataservice/rural,2022-12-07,2026-09-26,,,公开名录确认名称与所属地区；活动、餐饮、住宿和坐标尚未补充。
1002451,2451,public,南昌市安义县石鼻镇罗田村,江西,南昌,name_prefix,Nan Chang Shi An Yi Xian Shi Bi Zhen Luo Tian Cun,2,https://sjfw.mct.gov.cn/site/dataservice/rural,2022-12-07,2026-09-26,,,公开名录确认名称与所属地区；活动、餐饮、住宿和坐标尚未补充。
1002450,2450,public,萍乡市芦溪县宣风镇竹垣村,江西,萍乡,name_prefix,Ping Xiang Shi Lu Xi Xian Xuan Feng Zhen Zhu Yuan Cun,2,https://sjfw.mct.gov.cn/site/dataservice/rural,2022-12-07,2026-09-26,,,公开名录确认名称与所属地区；活动、餐饮、住宿和坐标尚未补充。
1002449,2449,public,萍乡市湘东区麻山镇幸福村,江西,萍乡,name_prefix,Ping Xiang Shi Xiang Dong Qu Ma Shan Zhen Xing Fu Cun,2,https://sjfw.mct.gov.cn/site/dataservice/rural,2022-12-07,2026-09-26,,,公开名录确认名称与所属地区；活动、餐饮、住宿和坐标尚未补充。
1002448,2448,public,吉安市万安县高陂镇高陂村,江西,吉安,name_prefix,Ji An Shi Wan An Xian Gao Bei Zhen Gao Bei Cun,2,https://sjfw.mct.gov.cn/site/dataservice/rural,2022-12-07,2026-09-26,,,公开名录确认名称与所属地区；活动、餐饮、住宿和坐标尚未补充。
1002447,2447,public,抚州市南丰县市山镇包坊村,江西,抚州,name_prefix,Fu Zhou Shi Nan Feng Xian Shi Shan Zhen Bao Fang Cun,2,https://sjfw.mct.gov.cn/site/dataservice/rural,2022-12-07,2026-09-26,,,公开名录确认名称与所属地区；活动、餐饮、住宿和坐标尚未补充。
1002446,2446,public,九江市武宁县罗坪镇长水村,江西,九江,name_prefix,Jiu Jiang Shi Wu Ning Xian Luo Ping Zhen Zhang Shui Cun,2,https://sjfw.mct.gov.cn/site/dataservice/rural,2022-12-07,2026-09-26,,,公开名录确认名称与所属地区；活动、餐饮、住宿和坐标尚未补充。
1002445,2445,public,宜春市明月山温泉风景名胜区（袁州区）温汤镇水口村,江西,宜春,name_prefix,Yi Chun Shi Ming Yue Shan Wen Quan Feng Jing Ming Sheng Qu （ Yuan Zhou Qu ） Wen Tang Zhen Shui Kou Cun,2,https://sjfw.mct.gov.cn/site/dataservice/rural,2022-12-07,2026-09-26,,,公开名录确认名称与所属地区；活动、餐饮、住宿和坐标尚未补充。
1002444,2444,public,吉安市安福县章庄乡章庄村,江西,吉安,name_prefix,Ji An Shi An Fu Xian Zhang Zhuang Xiang Zhang Zhuang Cun,2,https://sjfw.mct.gov.cn/site/dataservice/rural,2022-12-07,2026-09-26,,,公开名录确认名称与所属地区；活动、餐饮、住宿和坐标尚未补充。
1002443,2443,public,吉安市永新县高市乡滨江村（洲塘书画村）,江西,吉安,name_prefix,Ji An Shi Yong Xin Xian Gao Shi Xiang Bin Jiang Cun （ Zhou Tang Shu Hua Cun ）,2,https://sjfw.mct.gov.cn/site/dataservice/rural,2022-12-07,2026-09-26,,,公开名录确认名称与所属地区；活动、餐饮、住宿和坐标尚未补充。
1002442,2442,public,抚州市广昌县驿前镇姚西村,江西,抚州,name_prefix,Fu Zhou Shi Guang Chang Xian Yi Qian Zhen Yao Xi Cun,2,https://sjfw.mct.gov.cn/site/dataservice/rural,2022-12-07,2026-09-26,,,公开名录确认名称与所属地区；活动、餐饮、住宿和坐标尚未补充。
1002441,2441,public,上饶市德兴市香屯街道杨家湾村楼上楼村,江西,上饶,name_prefix,Shang Rao Shi De Xing Shi Xiang Tun Jie Dao Yang Jia Wan Cun Lou Shang Lou Cun,2,https://sjfw.mct.gov.cn/site/dataservice/rural,2022-12-07,2026-09-26,,,公开名录确认名称与所属地区；活动、餐饮、住宿和坐标尚未补充。
1002440,2440,public,上饶市婺源县紫阳镇考水村,江西,上饶,name_prefix,Shang Rao Shi Wu Yuan Xian Zi Yang Zhen Kao Shui Cun,2,https://sjfw.mct.gov.cn/site/dataservice/rural,2022-12-07,2026-09-26,,,公开名录确认名称与所属地区；活动、餐饮、住宿和坐标尚未补充。
1002439,2439,public,上饶市婺源县溪头乡西岸村江岭村,江西,上饶,name_prefix,Shang Rao Shi Wu Yuan Xian Xi Tou Xiang Xi An Cun Jiang Ling Cun,2,https://sjfw.mct.gov.cn/site/dataservice/rural,2022-12-07,2026-09-26,,,公开名录确认名称与所属地区；活动、餐饮、住宿和坐标尚未补充。
1002438,2438,public,赣州市上犹县梅水乡园村村,江西,赣州,name_prefix,Gan Zhou Shi Shang You Xian Mei Shui Xiang Yuan Cun Cun,2,https://sjfw.mct.gov.cn/site/dataservice/rural,2022-12-07,2026-09-26,,,公开名录确认名称与所属地区；活动、餐饮、住宿和坐标尚未补充。
1002437,2437,public,宜春市明月山温泉风景名胜区（袁州区）洪江镇古庙村,江西,宜春,name_prefix,Yi Chun Shi Ming Yue Shan Wen Quan Feng Jing Ming Sheng Qu （ Yuan Zhou Qu ） Hong Jiang Zhen Gu Miao Cun,2,https://sjfw.mct.gov.cn/site/dataservice/rural,2022-12-07,2026-09-26,,,公开名录确认名称与所属地区；活动、餐饮、住宿和坐标尚未补充。
1002436,2436,public,赣州市大余县新城镇周屋村,江西,赣州,name_prefix,Gan Zhou Shi Da Yu Xian Xin Cheng Zhen Zhou Wu Cun,2,https://sjfw.mct.gov.cn/site/dataservice/rural,2022-12-07,2026-09-26,,,公开名录确认名称与所属地区；活动、餐饮、住宿和坐标尚未补充。
1002435,2435,public,抚州市资溪县乌石镇草坪村,江西,抚州,name_prefix,Fu Zhou Shi Zi Xi Xian Wu Shi Zhen Cao Ping Cun,2,https://sjfw.mct.gov.cn/site/dataservice/rural,2022-12-07,2026-09-26,,,公开名录确认名称与所属地区；活动、餐饮、住宿和坐标尚未补充。
1002434,2434,public,抚州市资溪县马头山镇永胜村,江西,抚州,name_prefix,Fu Zhou Shi Zi Xi Xian Ma Tou Shan Zhen Yong Sheng Cun,2,https://sjfw.mct.gov.cn/site/dataservice/rural,2022-12-07,2026-09-26,,,公开名录确认名称与所属地区；活动、餐饮、住宿和坐标尚未补充。
1002433,2433,public,鹰潭市贵溪市雷溪镇南山村,江西,鹰潭,name_prefix,Ying Tan Shi Gui Xi Shi Lei Xi Zhen Nan Shan Cun,2,https://sjfw.mct.gov.cn/site/dataservice/rural,2022-12-07,2026-09-26,,,公开名录确认名称与所属地区；活动、餐饮、住宿和坐标尚未补充。
1002432,2432,public,赣州市石城县琴江镇大畲村,江西,赣州,name_prefix,Gan Zhou Shi Shi Cheng Xian Qin Jiang Zhen Da She Cun,2,https://sjfw.mct.gov.cn/site/dataservice/rural,2022-12-07,2026-09-26,,,公开名录确认名称与所属地区；活动、餐饮、住宿和坐标尚未补充。
1002431,2431,public,上饶市婺源县蚺城街道上梅洲村塘村,江西,上饶,name_prefix,Shang Rao Shi Wu Yuan Xian Ran Cheng Jie Dao Shang Mei Zhou Cun Tang Cun,2,https://sjfw.mct.gov.cn/site/dataservice/rural,2022-12-07,2026-09-26,,,公开名录确认名称与所属地区；活动、餐饮、住宿和坐标尚未补充。
1002430,2430,public,九江市修水县杭口镇双井村,江西,九江,name_prefix,Jiu Jiang Shi Xiu Shui Xian Hang Kou Zhen Shuang Jing Cun,2,https://sjfw.mct.gov.cn/site/dataservice/rural,2022-12-07,2026-09-26,,,公开名录确认名称与所属地区；活动、餐饮、住宿和坐标尚未补充。
1002429,2429,public,吉安市井冈山市茅坪镇神山村,江西,吉安,name_prefix,Ji An Shi Jing Gang Shan Shi Mao Ping Zhen Shen Shan Cun,2,https://sjfw.mct.gov.cn/site/dataservice/rural,2022-12-07,2026-09-26,,,公开名录确认名称与所属地区；活动、餐饮、住宿和坐标尚未补充。
1002428,2428,public,吉安市井冈山市黄坳乡黄坳村,江西,吉安,name_prefix,Ji An Shi Jing Gang Shan Shi Huang Ao Xiang Huang Ao Cun,2,https://sjfw.mct.gov.cn/site/dataservice/rural,2022-12-07,2026-09-26,,,公开名录确认名称与所属地区；活动、餐饮、住宿和坐标尚未补充。
1002427,2427,public,济南市长清区万德街道马套村,山东,济南,name_prefix,Ji Nan Shi Zhang Qing Qu Wan De Jie Dao Ma Tao Cun,2,https://sjfw.mct.gov.cn/site/dataservice/rural,2022-12-07,2026-09-26,,,公开名录确认名称与所属地区；活动、餐饮、住宿和坐标尚未补充。
1002426,2426,public,临沂市沂南县马牧池乡常山庄村,山东,临沂,name_prefix,Lin Yi Shi Yi Nan Xian Ma Mu Chi Xiang Chang Shan Zhuang Cun,2,https://sjfw.mct.gov.cn/site/dataservice/rural,2022-12-07,2026-09-26,,,公开名录确认名称与所属地区；活动、餐饮、住宿和坐标尚未补充。
1002425,2425,public,临沂市兰陵县卞庄街道代村,山东,临沂,name_prefix,Lin Yi Shi Lan Ling Xian Bian Zhuang Jie Dao Dai Cun,2,https://sjfw.mct.gov.cn/site/dataservice/rural,2022-12-07,2026-09-26,,,公开名录确认名称与所属地区；活动、餐饮、住宿和坐标尚未补充。
1002424,2424,public,临沂市蒙阴县岱崮镇笊篱坪村,山东,临沂,name_prefix,Lin Yi Shi Meng Yin Xian Dai Gu Zhen Zhao Li Ping Cun,2,https://sjfw.mct.gov.cn/site/dataservice/rural,2022-12-07,2026-09-26,,,公开名录确认名称与所属地区；活动、餐饮、住宿和坐标尚未补充。
1002423,2423,public,威海市荣成市俚岛镇烟墩角村,山东,威海,name_prefix,Wei Hai Shi Rong Cheng Shi Li Dao Zhen Yan Dun Jiao Cun,2,https://sjfw.mct.gov.cn/site/dataservice/rural,2022-12-07,2026-09-26,,,公开名录确认名称与所属地区；活动、餐饮、住宿和坐标尚未补充。
1002422,2422,public,临沂市平邑县地方镇九间棚村,山东,临沂,name_prefix,Lin Yi Shi Ping Yi Xian Di Fang Zhen Jiu Jian Peng Cun,2,https://sjfw.mct.gov.cn/site/dataservice/rural,2022-12-07,2026-09-26,,,公开名录确认名称与所属地区；活动、餐饮、住宿和坐标尚未补充。
1002421,2421,public,威海市环翠区张村镇王家疃村,山东,威海,name_prefix,Wei Hai Shi Huan Cui Qu Zhang Cun Zhen Wang Jia Tuan Cun,2,https://sjfw.mct.gov.cn/site/dataservice/rural,2022-12-07,2026-09-26,,,公开名录确认名称与所属地区；活动、餐饮、住宿和坐标尚未补充。
1002420,2420,public,潍坊市寒亭区杨家埠旅游开发区西杨家埠村,山东,潍坊,name_prefix,Wei Fang Shi Han Ting Qu Yang Jia Bu Lv You Kai Fa Qu Xi Yang Jia Bu Cun,2,https://sjfw.mct.gov.cn/site/dataservice/rural,2022-12-07,2026-09-26,,,公开名录确认名称与所属地区；活动、餐饮、住宿和坐标尚未补充。
1002419,2419,public,泰安市肥城市孙伯镇五埠村,山东,泰安,name_prefix,Tai An Shi Fei Cheng Shi Sun Bo Zhen Wu Bu Cun,2,https://sjfw.mct.gov.cn/site/dataservice/rural,2022-12-07,2026-09-26,,,公开名录确认名称与所属地区；活动、餐饮、住宿和坐标尚未补充。
1002418,2418,public,日照市山海天旅游度假区卧龙山街道李家台村,山东,日照,name_prefix,Ri Zhao Shi Shan Hai Tian Lv You Du Jia Qu Wo Long Shan Jie Dao Li Jia Tai Cun,2,https://sjfw.mct.gov.cn/site/dataservice/rural,2022-12-07,2026-09-26,,,公开名录确认名称与所属地区；活动、餐饮、住宿和坐标尚未补充。
1002417,2417,public,临沂市沂水县院东头镇四门洞村,山东,临沂,name_prefix,Lin Yi Shi Yi Shui Xian Yuan Dong Tou Zhen Si Men Dong Cun,2,https://sjfw.mct.gov.cn/site/dataservice/rural,2022-12-07,2026-09-26,,,公开名录确认名称与所属地区；活动、餐饮、住宿和坐标尚未补充。
1002416,2416,public,潍坊市临朐县五井镇隐士村,山东,潍坊,name_prefix,Wei Fang Shi Lin Qu Xian Wu Jing Zhen Yin Shi Cun,2,https://sjfw.mct.gov.cn/site/dataservice/rural,2022-12-07,2026-09-26,,,公开名录确认名称与所属地区；活动、餐饮、住宿和坐标尚未补充。
1002415,2415,public,济宁市泗水县圣水峪镇东仲都村,山东,济宁,name_prefix,Ji Ning Shi Si Shui Xian Sheng Shui Yu Zhen Dong Zhong Dou Cun,2,https://sjfw.mct.gov.cn/site/dataservice/rural,2022-12-07,2026-09-26,,,公开名录确认名称与所属地区；活动、餐饮、住宿和坐标尚未补充。
1002414,2414,public,滨州市滨城区里则街道西纸坊村,山东,滨州,name_prefix,Bin Zhou Shi Bin Cheng Qu Li Ze Jie Dao Xi Zhi Fang Cun,2,https://sjfw.mct.gov.cn/site/dataservice/rural,2022-12-07,2026-09-26,,,公开名录确认名称与所属地区；活动、餐饮、住宿和坐标尚未补充。
1002413,2413,public,淄博市淄川区昆仑镇牛记庵村,山东,淄博,name_prefix,Zi Bo Shi Zi Chuan Qu Kun Lun Zhen Niu Ji An Cun,2,https://sjfw.mct.gov.cn/site/dataservice/rural,2022-12-07,2026-09-26,,,公开名录确认名称与所属地区；活动、餐饮、住宿和坐标尚未补充。
1002412,2412,public,潍坊市坊子区坊安街道洼里村,山东,潍坊,name_prefix,Wei Fang Shi Fang Zi Qu Fang An Jie Dao Wa Li Cun,2,https://sjfw.mct.gov.cn/site/dataservice/rural,2022-12-07,2026-09-26,,,公开名录确认名称与所属地区；活动、餐饮、住宿和坐标尚未补充。
1002411,2411,public,威海市文登区高村镇慈口观村,山东,威海,name_prefix,Wei Hai Shi Wen Deng Qu Gao Cun Zhen Ci Kou Guan Cun,2,https://sjfw.mct.gov.cn/site/dataservice/rural,2022-12-07,2026-09-26,,,公开名录确认名称与所属地区；活动、餐饮、住宿和坐标尚未补充。
1002410,2410,public,济南市南部山区西营街道黄鹿泉村,山东,济南,name_prefix,Ji Nan Shi Nan Bu Shan Qu Xi Ying Jie Dao Huang Lu Quan Cun,2,https://sjfw.mct.gov.cn/site/dataservice/rural,2022-12-07,2026-09-26,,,公开名录确认名称与所属地区；活动、餐饮、住宿和坐标尚未补充。
1002409,2409,public,菏泽市巨野县核桃园镇前王庄村,山东,菏泽,name_prefix,He Ze Shi Ju Ye Xian He Tao Yuan Zhen Qian Wang Zhuang Cun,2,https://sjfw.mct.gov.cn/site/dataservice/rural,2022-12-07,2026-09-26,,,公开名录确认名称与所属地区；活动、餐饮、住宿和坐标尚未补充。
1002408,2408,public,泰安市岱岳区道朗镇东西门村,山东,泰安,name_prefix,Tai An Shi Dai Yue Qu Dao Lang Zhen Dong Xi Men Cun,2,https://sjfw.mct.gov.cn/site/dataservice/rural,2022-12-07,2026-09-26,,,公开名录确认名称与所属地区；活动、餐饮、住宿和坐标尚未补充。
1002407,2407,public,青岛市崂山区沙子口街道东麦窑社区,山东,青岛,name_prefix,Qing Dao Shi Lao Shan Qu Sha Zi Kou Jie Dao Dong Mai Yao She Qu,2,https://sjfw.mct.gov.cn/site/dataservice/rural,2022-12-07,2026-09-26,,,公开名录确认名称与所属地区；活动、餐饮、住宿和坐标尚未补充。
1002406,2406,public,潍坊市青州市王坟镇胡林古村,山东,潍坊,name_prefix,Wei Fang Shi Qing Zhou Shi Wang Fen Zhen Hu Lin Gu Cun,2,https://sjfw.mct.gov.cn/site/dataservice/rural,2022-12-07,2026-09-26,,,公开名录确认名称与所属地区；活动、餐饮、住宿和坐标尚未补充。
1002405,2405,public,枣庄市山亭区徐庄镇葫芦套村,山东,枣庄,name_prefix,Zao Zhuang Shi Shan Ting Qu Xu Zhuang Zhen Hu Lu Tao Cun,2,https://sjfw.mct.gov.cn/site/dataservice/rural,2022-12-07,2026-09-26,,,公开名录确认名称与所属地区；活动、餐饮、住宿和坐标尚未补充。
1002404,2404,public,济宁市曲阜市石门山镇石门山庄村,山东,济宁,name_prefix,Ji Ning Shi Qu Fu Shi Shi Men Shan Zhen Shi Men Shan Zhuang Cun,2,https://sjfw.mct.gov.cn/site/dataservice/rural,2022-12-07,2026-09-26,,,公开名录确认名称与所属地区；活动、餐饮、住宿和坐标尚未补充。
1002403,2403,public,郑州市新密市米村镇朱家庵村,河南,郑州,name_prefix,Zheng Zhou Shi Xin Mi Shi Mi Cun Zhen Zhu Jia An Cun,2,https://sjfw.mct.gov.cn/site/dataservice/rural,2022-12-07,2026-09-26,,,公开名录确认名称与所属地区；活动、餐饮、住宿和坐标尚未补充。
1002402,2402,public,信阳市罗山县铁铺镇何家冲村,河南,信阳,name_prefix,Xin Yang Shi Luo Shan Xian Tie Pu Zhen He Jia Chong Cun,2,https://sjfw.mct.gov.cn/site/dataservice/rural,2022-12-07,2026-09-26,,,公开名录确认名称与所属地区；活动、餐饮、住宿和坐标尚未补充。
1002401,2401,public,商丘市民权县北关镇王公庄村,河南,商丘,name_prefix,Shang Qiu Shi Min Quan Xian Bei Guan Zhen Wang Gong Zhuang Cun,2,https://sjfw.mct.gov.cn/site/dataservice/rural,2022-12-07,2026-09-26,,,公开名录确认名称与所属地区；活动、餐饮、住宿和坐标尚未补充。
1002400,2400,public,信阳市新县田铺乡田铺大塆村,河南,信阳,name_prefix,Xin Yang Shi Xin Xian Tian Pu Xiang Tian Pu Da Wan Cun,2,https://sjfw.mct.gov.cn/site/dataservice/rural,2022-12-07,2026-09-26,,,公开名录确认名称与所属地区；活动、餐饮、住宿和坐标尚未补充。
1002399,2399,public,巩义市竹林镇石鼓村,河南,巩义,name_prefix,Gong Yi Shi Zhu Lin Zhen Shi Gu Cun,2,https://sjfw.mct.gov.cn/site/dataservice/rural,2022-12-07,2026-09-26,,,公开名录确认名称与所属地区；活动、餐饮、住宿和坐标尚未补充。
1002398,2398,public,驻马店市遂平县嵖岈山镇红石崖村,河南,驻马店,name_prefix,Zhu Ma Dian Shi Sui Ping Xian Cha Ya Shan Zhen Hong Shi Ya Cun,2,https://sjfw.mct.gov.cn/site/dataservice/rural,2022-12-07,2026-09-26,,,公开名录确认名称与所属地区；活动、餐饮、住宿和坐标尚未补充。
1002397,2397,public,郑州市二七区侯寨乡樱桃沟社区,河南,郑州,name_prefix,Zheng Zhou Shi Er Qi Qu Hou Zhai Xiang Ying Tao Gou She Qu,2,https://sjfw.mct.gov.cn/site/dataservice/rural,2022-12-07,2026-09-26,,,公开名录确认名称与所属地区；活动、餐饮、住宿和坐标尚未补充。
1002396,2396,public,漯河市临颍县城关镇南街村,河南,漯河,name_prefix,Ta He Shi Lin Ying Xian Cheng Guan Zhen Nan Jie Cun,2,https://sjfw.mct.gov.cn/site/dataservice/rural,2022-12-07,2026-09-26,,,公开名录确认名称与所属地区；活动、餐饮、住宿和坐标尚未补充。
1002395,2395,public,鹤壁市淇县灵山街道凉水泉村,河南,鹤壁,name_prefix,He Bi Shi Qi Xian Ling Shan Jie Dao Liang Shui Quan Cun,2,https://sjfw.mct.gov.cn/site/dataservice/rural,2022-12-07,2026-09-26,,,公开名录确认名称与所属地区；活动、餐饮、住宿和坐标尚未补充。
1002394,2394,public,安阳市林州市石板岩镇高家台村,河南,安阳,name_prefix,An Yang Shi Lin Zhou Shi Shi Ban Yan Zhen Gao Jia Tai Cun,2,https://sjfw.mct.gov.cn/site/dataservice/rural,2022-12-07,2026-09-26,,,公开名录确认名称与所属地区；活动、餐饮、住宿和坐标尚未补充。
1002393,2393,public,许昌市襄城县紫云镇雷洞村,河南,许昌,name_prefix,Xu Chang Shi Xiang Cheng Xian Zi Yun Zhen Lei Dong Cun,2,https://sjfw.mct.gov.cn/site/dataservice/rural,2022-12-07,2026-09-26,,,公开名录确认名称与所属地区；活动、餐饮、住宿和坐标尚未补充。
1002392,2392,public,安阳市林州市黄华镇庙荒村,河南,安阳,name_prefix,An Yang Shi Lin Zhou Shi Huang Hua Zhen Miao Huang Cun,2,https://sjfw.mct.gov.cn/site/dataservice/rural,2022-12-07,2026-09-26,,,公开名录确认名称与所属地区；活动、餐饮、住宿和坐标尚未补充。
1002391,2391,public,南阳市南召县云阳镇铁佛寺村,河南,南阳,name_prefix,Nan Yang Shi Nan Zhao Xian Yun Yang Zhen Tie Fo Si Cun,2,https://sjfw.mct.gov.cn/site/dataservice/rural,2022-12-07,2026-09-26,,,公开名录确认名称与所属地区；活动、餐饮、住宿和坐标尚未补充。
1002390,2390,public,洛阳市栾川县庙子镇庄子村,河南,洛阳,name_prefix,Luo Yang Shi Luan Chuan Xian Miao Zi Zhen Zhuang Zi Cun,2,https://sjfw.mct.gov.cn/site/dataservice/rural,2022-12-07,2026-09-26,,,公开名录确认名称与所属地区；活动、餐饮、住宿和坐标尚未补充。
1002389,2389,public,焦作市孟州市西虢镇莫沟村,河南,焦作,name_prefix,Jiao Zuo Shi Meng Zhou Shi Xi Guo Zhen Mo Gou Cun,2,https://sjfw.mct.gov.cn/site/dataservice/rural,2022-12-07,2026-09-26,,,公开名录确认名称与所属地区；活动、餐饮、住宿和坐标尚未补充。
1002388,2388,public,南阳市淅川县仓房镇磨沟村,河南,南阳,name_prefix,Nan Yang Shi Xi Chuan Xian Cang Fang Zhen Mo Gou Cun,2,https://sjfw.mct.gov.cn/site/dataservice/rural,2022-12-07,2026-09-26,,,公开名录确认名称与所属地区；活动、餐饮、住宿和坐标尚未补充。
1002387,2387,public,焦作市修武县云台山镇岸上村,河南,焦作,name_prefix,Jiao Zuo Shi Xiu Wu Xian Yun Tai Shan Zhen An Shang Cun,2,https://sjfw.mct.gov.cn/site/dataservice/rural,2022-12-07,2026-09-26,,,公开名录确认名称与所属地区；活动、餐饮、住宿和坐标尚未补充。
1002386,2386,public,三门峡市渑池县段村乡赵沟村,河南,三门峡,name_prefix,San Men Xia Shi Mian Chi Xian Duan Cun Xiang Zhao Gou Cun,2,https://sjfw.mct.gov.cn/site/dataservice/rural,2022-12-07,2026-09-26,,,公开名录确认名称与所属地区；活动、餐饮、住宿和坐标尚未补充。
1002385,2385,public,洛阳市嵩县黄庄乡三合村,河南,洛阳,name_prefix,Luo Yang Shi Song Xian Huang Zhuang Xiang San He Cun,2,https://sjfw.mct.gov.cn/site/dataservice/rural,2022-12-07,2026-09-26,,,公开名录确认名称与所属地区；活动、餐饮、住宿和坐标尚未补充。
1002384,2384,public,洛阳市栾川县陶湾镇协心村,河南,洛阳,name_prefix,Luo Yang Shi Luan Chuan Xian Tao Wan Zhen Xie Xin Cun,2,https://sjfw.mct.gov.cn/site/dataservice/rural,2022-12-07,2026-09-26,,,公开名录确认名称与所属地区；活动、餐饮、住宿和坐标尚未补充。
1002383,2383,public,信阳市新县周河乡西河村,河南,信阳,name_prefix,Xin Yang Shi Xin Xian Zhou He Xiang Xi He Cun,2,https://sjfw.mct.gov.cn/site/dataservice/rural,2022-12-07,2026-09-26,,,公开名录确认名称与所属地区；活动、餐饮、住宿和坐标尚未补充。
1002382,2382,public,宜昌市夷陵区太平溪镇许家冲村,湖北,宜昌,name_prefix,Yi Chang Shi Yi Ling Qu Tai Ping Xi Zhen Xu Jia Chong Cun,2,https://sjfw.mct.gov.cn/site/dataservice/rural,2022-12-07,2026-09-26,,,公开名录确认名称与所属地区；活动、餐饮、住宿和坐标尚未补充。
1002381,2381,public,武汉市黄陂区姚家集街道杜堂村,湖北,武汉,name_prefix,Wu Han Shi Huang Pi Qu Yao Jia Ji Jie Dao Du Tang Cun,2,https://sjfw.mct.gov.cn/site/dataservice/rural,2022-12-07,2026-09-26,,,公开名录确认名称与所属地区；活动、餐饮、住宿和坐标尚未补充。
1002380,2380,public,鄂州市梁子湖区涂家垴镇万秀村,湖北,鄂州,name_prefix,E Zhou Shi Liang Zi Hu Qu Tu Jia Nao Zhen Wan Xiu Cun,2,https://sjfw.mct.gov.cn/site/dataservice/rural,2022-12-07,2026-09-26,,,公开名录确认名称与所属地区；活动、餐饮、住宿和坐标尚未补充。
1002379,2379,public,武汉市蔡甸区大集镇天星村,湖北,武汉,name_prefix,Wu Han Shi Cai Dian Qu Da Ji Zhen Tian Xing Cun,2,https://sjfw.mct.gov.cn/site/dataservice/rural,2022-12-07,2026-09-26,,,公开名录确认名称与所属地区；活动、餐饮、住宿和坐标尚未补充。
1002378,2378,public,十堰市郧西县上津镇津城村,湖北,十堰,name_prefix,Shi Yan Shi Yun Xi Xian Shang Jin Zhen Jin Cheng Cun,2,https://sjfw.mct.gov.cn/site/dataservice/rural,2022-12-07,2026-09-26,,,公开名录确认名称与所属地区；活动、餐饮、住宿和坐标尚未补充。
1002377,2377,public,武汉市黄陂区木兰乡双泉村,湖北,武汉,name_prefix,Wu Han Shi Huang Pi Qu Mu Lan Xiang Shuang Quan Cun,2,https://sjfw.mct.gov.cn/site/dataservice/rural,2022-12-07,2026-09-26,,,公开名录确认名称与所属地区；活动、餐饮、住宿和坐标尚未补充。
1002376,2376,public,襄阳市谷城县五山镇堰河村,湖北,襄阳,name_prefix,Xiang Yang Shi Gu Cheng Xian Wu Shan Zhen Yan He Cun,2,https://sjfw.mct.gov.cn/site/dataservice/rural,2022-12-07,2026-09-26,,,公开名录确认名称与所属地区；活动、餐饮、住宿和坐标尚未补充。
1002375,2375,public,宜昌市长阳县龙舟坪镇郑家榜村,湖北,宜昌,name_prefix,Yi Chang Shi Zhang Yang Xian Long Zhou Ping Zhen Zheng Jia Bang Cun,2,https://sjfw.mct.gov.cn/site/dataservice/rural,2022-12-07,2026-09-26,,,公开名录确认名称与所属地区；活动、餐饮、住宿和坐标尚未补充。
1002374,2374,public,宜昌市秭归县屈原镇西陵峡村,湖北,宜昌,name_prefix,Yi Chang Shi Zi Gui Xian Qu Yuan Zhen Xi Ling Xia Cun,2,https://sjfw.mct.gov.cn/site/dataservice/rural,2022-12-07,2026-09-26,,,公开名录确认名称与所属地区；活动、餐饮、住宿和坐标尚未补充。
1002373,2373,public,襄阳市老河口市仙人渡镇李家染坊村,湖北,襄阳,name_prefix,Xiang Yang Shi Lao He Kou Shi Xian Ren Du Zhen Li Jia Ran Fang Cun,2,https://sjfw.mct.gov.cn/site/dataservice/rural,2022-12-07,2026-09-26,,,公开名录确认名称与所属地区；活动、餐饮、住宿和坐标尚未补充。
1002372,2372,public,宜昌市宜都市高坝洲镇青林寺村,湖北,宜昌,name_prefix,Yi Chang Shi Yi Du Shi Gao Ba Zhou Zhen Qing Lin Si Cun,2,https://sjfw.mct.gov.cn/site/dataservice/rural,2022-12-07,2026-09-26,,,公开名录确认名称与所属地区；活动、餐饮、住宿和坐标尚未补充。
1002371,2371,public,武汉市江夏区五里界街道童周岭村,湖北,武汉,name_prefix,Wu Han Shi Jiang Xia Qu Wu Li Jie Jie Dao Tong Zhou Ling Cun,2,https://sjfw.mct.gov.cn/site/dataservice/rural,2022-12-07,2026-09-26,,,公开名录确认名称与所属地区；活动、餐饮、住宿和坐标尚未补充。
1002370,2370,public,鄂州市华容区段店镇武圣村,湖北,鄂州,name_prefix,E Zhou Shi Hua Rong Qu Duan Dian Zhen Wu Sheng Cun,2,https://sjfw.mct.gov.cn/site/dataservice/rural,2022-12-07,2026-09-26,,,公开名录确认名称与所属地区；活动、餐饮、住宿和坐标尚未补充。
1002369,2369,public,宜昌市夷陵区龙泉镇青龙村,湖北,宜昌,name_prefix,Yi Chang Shi Yi Ling Qu Long Quan Zhen Qing Long Cun,2,https://sjfw.mct.gov.cn/site/dataservice/rural,2022-12-07,2026-09-26,,,公开名录确认名称与所属地区；活动、餐饮、住宿和坐标尚未补充。
1002368,2368,public,十堰市郧阳区柳陂镇龙韵村,湖北,十堰,name_prefix,Shi Yan Shi Yun Yang Qu Liu Bei Zhen Long Yun Cun,2,https://sjfw.mct.gov.cn/site/dataservice/rural,2022-12-07,2026-09-26,,,公开名录确认名称与所属地区；活动、餐饮、住宿和坐标尚未补充。
1002367,2367,public,荆门市钟祥市客店镇马湾村,湖北,荆门,name_prefix,Jing Men Shi Zhong Xiang Shi Ke Dian Zhen Ma Wan Cun,2,https://sjfw.mct.gov.cn/site/dataservice/rural,2022-12-07,2026-09-26,,,公开名录确认名称与所属地区；活动、餐饮、住宿和坐标尚未补充。
1002366,2366,public,十堰市郧阳区茶店镇樱桃沟村,湖北,十堰,name_prefix,Shi Yan Shi Yun Yang Qu Cha Dian Zhen Ying Tao Gou Cun,2,https://sjfw.mct.gov.cn/site/dataservice/rural,2022-12-07,2026-09-26,,,公开名录确认名称与所属地区；活动、餐饮、住宿和坐标尚未补充。
1002365,2365,public,荆州市洪湖市老湾回族乡珂里村,湖北,荆州,name_prefix,Jing Zhou Shi Hong Hu Shi Lao Wan Hui Zu Xiang Ke Li Cun,2,https://sjfw.mct.gov.cn/site/dataservice/rural,2022-12-07,2026-09-26,,,公开名录确认名称与所属地区；活动、餐饮、住宿和坐标尚未补充。
1002364,2364,public,荆州市石首市团山寺镇过脉岭村,湖北,荆州,name_prefix,Jing Zhou Shi Shi Shou Shi Tuan Shan Si Zhen Guo Mai Ling Cun,2,https://sjfw.mct.gov.cn/site/dataservice/rural,2022-12-07,2026-09-26,,,公开名录确认名称与所属地区；活动、餐饮、住宿和坐标尚未补充。
1002363,2363,public,孝感市安陆市烟店镇碧山村,湖北,孝感,name_prefix,Xiao Gan Shi An Lu Shi Yan Dian Zhen Bi Shan Cun,2,https://sjfw.mct.gov.cn/site/dataservice/rural,2022-12-07,2026-09-26,,,公开名录确认名称与所属地区；活动、餐饮、住宿和坐标尚未补充。
1002362,2362,public,襄阳市保康县店垭镇格栏坪村,湖北,襄阳,name_prefix,Xiang Yang Shi Bao Kang Xian Dian Ya Zhen Ge Lan Ping Cun,2,https://sjfw.mct.gov.cn/site/dataservice/rural,2022-12-07,2026-09-26,,,公开名录确认名称与所属地区；活动、餐饮、住宿和坐标尚未补充。
1002361,2361,public,黄石市阳新县兴国镇南市村,湖北,黄石,name_prefix,Huang Shi Shi Yang Xin Xian Xing Guo Zhen Nan Shi Cun,2,https://sjfw.mct.gov.cn/site/dataservice/rural,2022-12-07,2026-09-26,,,公开名录确认名称与所属地区；活动、餐饮、住宿和坐标尚未补充。
1002360,2360,public,宜昌市五峰县长乐坪镇白岩坪村,湖北,宜昌,name_prefix,Yi Chang Shi Wu Feng Xian Zhang Le Ping Zhen Bai Yan Ping Cun,2,https://sjfw.mct.gov.cn/site/dataservice/rural,2022-12-07,2026-09-26,,,公开名录确认名称与所属地区；活动、餐饮、住宿和坐标尚未补充。
1002359,2359,public,黄石市大冶市保安镇沼山村,湖北,黄石,name_prefix,Huang Shi Shi Da Ye Shi Bao An Zhen Zhao Shan Cun,2,https://sjfw.mct.gov.cn/site/dataservice/rural,2022-12-07,2026-09-26,,,公开名录确认名称与所属地区；活动、餐饮、住宿和坐标尚未补充。
1002358,2358,public,十堰市郧西县涧池乡下营村,湖北,十堰,name_prefix,Shi Yan Shi Yun Xi Xian Jian Chi Xiang Xia Ying Cun,2,https://sjfw.mct.gov.cn/site/dataservice/rural,2022-12-07,2026-09-26,,,公开名录确认名称与所属地区；活动、餐饮、住宿和坐标尚未补充。
1002357,2357,public,恩施土家族苗族自治州恩施市盛家坝镇二官寨村,湖北,恩施土家族苗族自治州,name_prefix,En Shi Tu Jia Zu Miao Zu Zi Zhi Zhou En Shi Shi Sheng Jia Ba Zhen Er Guan Zhai Cun,2,https://sjfw.mct.gov.cn/site/dataservice/rural,2022-12-07,2026-09-26,,,公开名录确认名称与所属地区；活动、餐饮、住宿和坐标尚未补充。
1002356,2356,public,宜昌市宜都市枝城镇全心贩村,湖北,宜昌,name_prefix,Yi Chang Shi Yi Du Shi Zhi Cheng Zhen Quan Xin Fan Cun,2,https://sjfw.mct.gov.cn/site/dataservice/rural,2022-12-07,2026-09-26,,,公开名录确认名称与所属地区；活动、餐饮、住宿和坐标尚未补充。
1002355,2355,public,永州市宁远县湾井镇下灌村,湖南,永州,name_prefix,Yong Zhou Shi Ning Yuan Xian Wan Jing Zhen Xia Guan Cun,2,https://sjfw.mct.gov.cn/site/dataservice/rural,2022-12-07,2026-09-26,,,公开名录确认名称与所属地区；活动、餐饮、住宿和坐标尚未补充。
1002354,2354,public,怀化市通道侗族自治县坪坦乡皇都村,湖南,怀化,name_prefix,Huai Hua Shi Tong Dao Dong Zu Zi Zhi Xian Ping Tan Xiang Huang Dou Cun,2,https://sjfw.mct.gov.cn/site/dataservice/rural,2022-12-07,2026-09-26,,,公开名录确认名称与所属地区；活动、餐饮、住宿和坐标尚未补充。
1002353,2353,public,常德市桃源县枫树维回乡维回新村,湖南,常德,name_prefix,Chang De Shi Tao Yuan Xian Feng Shu Wei Hui Xiang Wei Hui Xin Cun,2,https://sjfw.mct.gov.cn/site/dataservice/rural,2022-12-07,2026-09-26,,,公开名录确认名称与所属地区；活动、餐饮、住宿和坐标尚未补充。
1002352,2352,public,株洲市攸县酒埠江镇酒仙湖村,湖南,株洲,name_prefix,Zhu Zhou Shi You Xian Jiu Bu Jiang Zhen Jiu Xian Hu Cun,2,https://sjfw.mct.gov.cn/site/dataservice/rural,2022-12-07,2026-09-26,,,公开名录确认名称与所属地区；活动、餐饮、住宿和坐标尚未补充。
1002351,2351,public,永州市双牌县茶林镇桐子坳村,湖南,永州,name_prefix,Yong Zhou Shi Shuang Pai Xian Cha Lin Zhen Tong Zi Ao Cun,2,https://sjfw.mct.gov.cn/site/dataservice/rural,2022-12-07,2026-09-26,,,公开名录确认名称与所属地区；活动、餐饮、住宿和坐标尚未补充。
1002350,2350,public,益阳市桃江县大栗港镇刘家村,湖南,益阳,name_prefix,Yi Yang Shi Tao Jiang Xian Da Li Gang Zhen Liu Jia Cun,2,https://sjfw.mct.gov.cn/site/dataservice/rural,2022-12-07,2026-09-26,,,公开名录确认名称与所属地区；活动、餐饮、住宿和坐标尚未补充。
1002349,2349,public,衡阳市南岳区南岳镇红星村,湖南,衡阳,name_prefix,Heng Yang Shi Nan Yue Qu Nan Yue Zhen Hong Xing Cun,2,https://sjfw.mct.gov.cn/site/dataservice/rural,2022-12-07,2026-09-26,,,公开名录确认名称与所属地区；活动、餐饮、住宿和坐标尚未补充。
1002348,2348,public,株洲市炎陵县十都镇密花村,湖南,株洲,name_prefix,Zhu Zhou Shi Yan Ling Xian Shi Dou Zhen Mi Hua Cun,2,https://sjfw.mct.gov.cn/site/dataservice/rural,2022-12-07,2026-09-26,,,公开名录确认名称与所属地区；活动、餐饮、住宿和坐标尚未补充。
1002347,2347,public,岳阳市屈原区河市镇三和村,湖南,岳阳,name_prefix,Yue Yang Shi Qu Yuan Qu He Shi Zhen San He Cun,2,https://sjfw.mct.gov.cn/site/dataservice/rural,2022-12-07,2026-09-26,,,公开名录确认名称与所属地区；活动、餐饮、住宿和坐标尚未补充。
1002346,2346,public,常德市津市市毛里湖镇青苗社区,湖南,常德,name_prefix,Chang De Shi Jin Shi Shi Mao Li Hu Zhen Qing Miao She Qu,2,https://sjfw.mct.gov.cn/site/dataservice/rural,2022-12-07,2026-09-26,,,公开名录确认名称与所属地区；活动、餐饮、住宿和坐标尚未补充。
1002345,2345,public,湘西土家族苗族自治州永顺县灵溪镇司城村,湖南,湘西土家族苗族自治州,name_prefix,Xiang Xi Tu Jia Zu Miao Zu Zi Zhi Zhou Yong Shun Xian Ling Xi Zhen Si Cheng Cun,2,https://sjfw.mct.gov.cn/site/dataservice/rural,2022-12-07,2026-09-26,,,公开名录确认名称与所属地区；活动、餐饮、住宿和坐标尚未补充。
1002344,2344,public,长沙市长沙县开慧镇锡福村,湖南,长沙,name_prefix,Chang Sha Shi Chang Sha Xian Kai Hui Zhen Xi Fu Cun,2,https://sjfw.mct.gov.cn/site/dataservice/rural,2022-12-07,2026-09-26,,,公开名录确认名称与所属地区；活动、餐饮、住宿和坐标尚未补充。
1002343,2343,public,益阳市资阳区长春镇紫薇村,湖南,益阳,name_prefix,Yi Yang Shi Zi Yang Qu Chang Chun Zhen Zi Wei Cun,2,https://sjfw.mct.gov.cn/site/dataservice/rural,2022-12-07,2026-09-26,,,公开名录确认名称与所属地区；活动、餐饮、住宿和坐标尚未补充。
1002342,2342,public,邵阳市新宁县崀山镇石田村,湖南,邵阳,name_prefix,Shao Yang Shi Xin Ning Xian Lang Shan Zhen Shi Tian Cun,2,https://sjfw.mct.gov.cn/site/dataservice/rural,2022-12-07,2026-09-26,,,公开名录确认名称与所属地区；活动、餐饮、住宿和坐标尚未补充。
1002341,2341,public,湘潭市韶山市韶山乡韶山村,湖南,湘潭,name_prefix,Xiang Tan Shi Shao Shan Shi Shao Shan Xiang Shao Shan Cun,2,https://sjfw.mct.gov.cn/site/dataservice/rural,2022-12-07,2026-09-26,,,公开名录确认名称与所属地区；活动、餐饮、住宿和坐标尚未补充。
1002340,2340,public,岳阳市临湘市羊楼司镇龙窖山村,湖南,岳阳,name_prefix,Yue Yang Shi Lin Xiang Shi Yang Lou Si Zhen Long Jiao Shan Cun,2,https://sjfw.mct.gov.cn/site/dataservice/rural,2022-12-07,2026-09-26,,,公开名录确认名称与所属地区；活动、餐饮、住宿和坐标尚未补充。
1002339,2339,public,郴州市安仁县永乐江镇山塘村,湖南,郴州,name_prefix,Chen Zhou Shi An Ren Xian Yong Le Jiang Zhen Shan Tang Cun,2,https://sjfw.mct.gov.cn/site/dataservice/rural,2022-12-07,2026-09-26,,,公开名录确认名称与所属地区；活动、餐饮、住宿和坐标尚未补充。
1002338,2338,public,永州市祁阳县茅竹镇三家村,湖南,永州,name_prefix,Yong Zhou Shi Qi Yang Xian Mao Zhu Zhen San Jia Cun,2,https://sjfw.mct.gov.cn/site/dataservice/rural,2022-12-07,2026-09-26,,,公开名录确认名称与所属地区；活动、餐饮、住宿和坐标尚未补充。
1002337,2337,public,长沙市浏阳市张坊镇田溪村,湖南,长沙,name_prefix,Chang Sha Shi Liu Yang Shi Zhang Fang Zhen Tian Xi Cun,2,https://sjfw.mct.gov.cn/site/dataservice/rural,2022-12-07,2026-09-26,,,公开名录确认名称与所属地区；活动、餐饮、住宿和坐标尚未补充。
1002336,2336,public,怀化市鹤城区黄岩区大坪村,湖南,怀化,name_prefix,Huai Hua Shi He Cheng Qu Huang Yan Qu Da Ping Cun,2,https://sjfw.mct.gov.cn/site/dataservice/rural,2022-12-07,2026-09-26,,,公开名录确认名称与所属地区；活动、餐饮、住宿和坐标尚未补充。
1002335,2335,public,张家界市永定区尹家溪镇马儿山村,湖南,张家界,name_prefix,Zhang Jia Jie Shi Yong Ding Qu Yin Jia Xi Zhen Ma Er Shan Cun,2,https://sjfw.mct.gov.cn/site/dataservice/rural,2022-12-07,2026-09-26,,,公开名录确认名称与所属地区；活动、餐饮、住宿和坐标尚未补充。
1002334,2334,public,张家界市武陵源区协合乡龙尾巴村,湖南,张家界,name_prefix,Zhang Jia Jie Shi Wu Ling Yuan Qu Xie He Xiang Long Wei Ba Cun,2,https://sjfw.mct.gov.cn/site/dataservice/rural,2022-12-07,2026-09-26,,,公开名录确认名称与所属地区；活动、餐饮、住宿和坐标尚未补充。
1002333,2333,public,张家界市武陵源区天子山街道泗南峪社区,湖南,张家界,name_prefix,Zhang Jia Jie Shi Wu Ling Yuan Qu Tian Zi Shan Jie Dao Si Nan Yu She Qu,2,https://sjfw.mct.gov.cn/site/dataservice/rural,2022-12-07,2026-09-26,,,公开名录确认名称与所属地区；活动、餐饮、住宿和坐标尚未补充。
1002332,2332,public,珠海市斗门区斗门镇南门村,广东,珠海,name_prefix,Zhu Hai Shi Dou Men Qu Dou Men Zhen Nan Men Cun,2,https://sjfw.mct.gov.cn/site/dataservice/rural,2022-12-07,2026-09-26,,,公开名录确认名称与所属地区；活动、餐饮、住宿和坐标尚未补充。
1002331,2331,public,梅州市梅县区雁洋镇长教村,广东,梅州,name_prefix,Mei Zhou Shi Mei Xian Qu Yan Yang Zhen Zhang Jiao Cun,2,https://sjfw.mct.gov.cn/site/dataservice/rural,2022-12-07,2026-09-26,,,公开名录确认名称与所属地区；活动、餐饮、住宿和坐标尚未补充。
1002330,2330,public,梅州市平远县泗水镇梅畲村,广东,梅州,name_prefix,Mei Zhou Shi Ping Yuan Xian Si Shui Zhen Mei She Cun,2,https://sjfw.mct.gov.cn/site/dataservice/rural,2022-12-07,2026-09-26,,,公开名录确认名称与所属地区；活动、餐饮、住宿和坐标尚未补充。
1002329,2329,public,东莞市寮步镇陈家埔村,广东,东莞,name_prefix,Dong Guan Shi Liao Bu Zhen Chen Jia Pu Cun,2,https://sjfw.mct.gov.cn/site/dataservice/rural,2022-12-07,2026-09-26,,,公开名录确认名称与所属地区；活动、餐饮、住宿和坐标尚未补充。
1002328,2328,public,清远市英德市九龙镇河头村,广东,清远,name_prefix,Qing Yuan Shi Ying De Shi Jiu Long Zhen He Tou Cun,2,https://sjfw.mct.gov.cn/site/dataservice/rural,2022-12-07,2026-09-26,,,公开名录确认名称与所属地区；活动、餐饮、住宿和坐标尚未补充。
1002327,2327,public,惠州市博罗县横河镇上良村,广东,惠州,name_prefix,Hui Zhou Shi Bo Luo Xian Heng He Zhen Shang Liang Cun,2,https://sjfw.mct.gov.cn/site/dataservice/rural,2022-12-07,2026-09-26,,,公开名录确认名称与所属地区；活动、餐饮、住宿和坐标尚未补充。
1002326,2326,public,揭阳市揭西县金和镇山湖村,广东,揭阳,name_prefix,Jie Yang Shi Jie Xi Xian Jin He Zhen Shan Hu Cun,2,https://sjfw.mct.gov.cn/site/dataservice/rural,2022-12-07,2026-09-26,,,公开名录确认名称与所属地区；活动、餐饮、住宿和坐标尚未补充。
1002325,2325,public,湛江市雷州市龙门镇足荣村,广东,湛江,name_prefix,Zhan Jiang Shi Lei Zhou Shi Long Men Zhen Zu Rong Cun,2,https://sjfw.mct.gov.cn/site/dataservice/rural,2022-12-07,2026-09-26,,,公开名录确认名称与所属地区；活动、餐饮、住宿和坐标尚未补充。
1002324,2324,public,广州市从化区温泉镇南平村,广东,广州,name_prefix,Guang Zhou Shi Cong Hua Qu Wen Quan Zhen Nan Ping Cun,2,https://sjfw.mct.gov.cn/site/dataservice/rural,2022-12-07,2026-09-26,,,公开名录确认名称与所属地区；活动、餐饮、住宿和坐标尚未补充。
1002323,2323,public,肇庆市德庆县官圩镇金林村,广东,肇庆,name_prefix,Zhao Qing Shi De Qing Xian Guan Wei Zhen Jin Lin Cun,2,https://sjfw.mct.gov.cn/site/dataservice/rural,2022-12-07,2026-09-26,,,公开名录确认名称与所属地区；活动、餐饮、住宿和坐标尚未补充。
1002322,2322,public,江门市台山市海宴镇五丰村,广东,江门,name_prefix,Jiang Men Shi Tai Shan Shi Hai Yan Zhen Wu Feng Cun,2,https://sjfw.mct.gov.cn/site/dataservice/rural,2022-12-07,2026-09-26,,,公开名录确认名称与所属地区；活动、餐饮、住宿和坐标尚未补充。
1002321,2321,public,广州市从化区吕田镇莲麻村,广东,广州,name_prefix,Guang Zhou Shi Cong Hua Qu Lv Tian Zhen Lian Ma Cun,2,https://sjfw.mct.gov.cn/site/dataservice/rural,2022-12-07,2026-09-26,,,公开名录确认名称与所属地区；活动、餐饮、住宿和坐标尚未补充。
1002320,2320,public,阳江市阳东区东平镇大澳渔村,广东,阳江,name_prefix,Yang Jiang Shi Yang Dong Qu Dong Ping Zhen Da Ao Yu Cun,2,https://sjfw.mct.gov.cn/site/dataservice/rural,2022-12-07,2026-09-26,,,公开名录确认名称与所属地区；活动、餐饮、住宿和坐标尚未补充。
1002319,2319,public,汕头市澄海区隆都镇前美村,广东,汕头,name_prefix,Shan Tou Shi Cheng Hai Qu Long Dou Zhen Qian Mei Cun,2,https://sjfw.mct.gov.cn/site/dataservice/rural,2022-12-07,2026-09-26,,,公开名录确认名称与所属地区；活动、餐饮、住宿和坐标尚未补充。
1002318,2318,public,韶关市南雄市珠玑镇灵潭村,广东,韶关,name_prefix,Shao Guan Shi Nan Xiong Shi Zhu Ji Zhen Ling Tan Cun,2,https://sjfw.mct.gov.cn/site/dataservice/rural,2022-12-07,2026-09-26,,,公开名录确认名称与所属地区；活动、餐饮、住宿和坐标尚未补充。
1002317,2317,public,佛山市南海区西樵镇上金瓯村松塘村,广东,佛山,name_prefix,Fo Shan Shi Nan Hai Qu Xi Qiao Zhen Shang Jin Ou Cun Song Tang Cun,2,https://sjfw.mct.gov.cn/site/dataservice/rural,2022-12-07,2026-09-26,,,公开名录确认名称与所属地区；活动、餐饮、住宿和坐标尚未补充。
1002316,2316,public,肇庆市四会市江谷镇老泗塘村,广东,肇庆,name_prefix,Zhao Qing Shi Si Hui Shi Jiang Gu Zhen Lao Si Tang Cun,2,https://sjfw.mct.gov.cn/site/dataservice/rural,2022-12-07,2026-09-26,,,公开名录确认名称与所属地区；活动、餐饮、住宿和坐标尚未补充。
1002315,2315,public,广州市番禺区石楼镇大岭村,广东,广州,name_prefix,Guang Zhou Shi Pan Yu Qu Shi Lou Zhen Da Ling Cun,2,https://sjfw.mct.gov.cn/site/dataservice/rural,2022-12-07,2026-09-26,,,公开名录确认名称与所属地区；活动、餐饮、住宿和坐标尚未补充。
1002314,2314,public,江门市开平市塘口镇强亚村,广东,江门,name_prefix,Jiang Men Shi Kai Ping Shi Tang Kou Zhen Qiang Ya Cun,2,https://sjfw.mct.gov.cn/site/dataservice/rural,2022-12-07,2026-09-26,,,公开名录确认名称与所属地区；活动、餐饮、住宿和坐标尚未补充。
1002313,2313,public,茂名市高州市根子镇柏桥村,广东,茂名,name_prefix,Mao Ming Shi Gao Zhou Shi Gen Zi Zhen Bai Qiao Cun,2,https://sjfw.mct.gov.cn/site/dataservice/rural,2022-12-07,2026-09-26,,,公开名录确认名称与所属地区；活动、餐饮、住宿和坐标尚未补充。
1002312,2312,public,河源市东源县康禾镇仙坑村,广东,河源,name_prefix,He Yuan Shi Dong Yuan Xian Kang He Zhen Xian Keng Cun,2,https://sjfw.mct.gov.cn/site/dataservice/rural,2022-12-07,2026-09-26,,,公开名录确认名称与所属地区；活动、餐饮、住宿和坐标尚未补充。
1002311,2311,public,江门市台山市水步镇草坪村,广东,江门,name_prefix,Jiang Men Shi Tai Shan Shi Shui Bu Zhen Cao Ping Cun,2,https://sjfw.mct.gov.cn/site/dataservice/rural,2022-12-07,2026-09-26,,,公开名录确认名称与所属地区；活动、餐饮、住宿和坐标尚未补充。
1002310,2310,public,柳州市融水苗族自治县融水镇新国村,广西,柳州,name_prefix,Liu Zhou Shi Rong Shui Miao Zu Zi Zhi Xian Rong Shui Zhen Xin Guo Cun,2,https://sjfw.mct.gov.cn/site/dataservice/rural,2022-12-07,2026-09-26,,,公开名录确认名称与所属地区；活动、餐饮、住宿和坐标尚未补充。
1002309,2309,public,南宁市西乡塘区石埠街道忠良村,广西,南宁,name_prefix,Nan Ning Shi Xi Xiang Tang Qu Shi Bu Jie Dao Zhong Liang Cun,2,https://sjfw.mct.gov.cn/site/dataservice/rural,2022-12-07,2026-09-26,,,公开名录确认名称与所属地区；活动、餐饮、住宿和坐标尚未补充。
1002308,2308,public,崇左市宁明县城中镇耀达村,广西,崇左,name_prefix,Chong Zuo Shi Ning Ming Xian Cheng Zhong Zhen Yao Da Cun,2,https://sjfw.mct.gov.cn/site/dataservice/rural,2022-12-07,2026-09-26,,,公开名录确认名称与所属地区；活动、餐饮、住宿和坐标尚未补充。
1002307,2307,public,百色市田东县祥周镇模范村,广西,百色,name_prefix,Bai Se Shi Tian Dong Xian Xiang Zhou Zhen Mo Fan Cun,2,https://sjfw.mct.gov.cn/site/dataservice/rural,2022-12-07,2026-09-26,,,公开名录确认名称与所属地区；活动、餐饮、住宿和坐标尚未补充。
1002306,2306,public,桂林市恭城瑶族自治县莲花镇红岩村,广西,桂林,name_prefix,Gui Lin Shi Gong Cheng Yao Zu Zi Zhi Xian Lian Hua Zhen Hong Yan Cun,2,https://sjfw.mct.gov.cn/site/dataservice/rural,2022-12-07,2026-09-26,,,公开名录确认名称与所属地区；活动、餐饮、住宿和坐标尚未补充。
1002305,2305,public,崇左市江州区新和镇卜花村,广西,崇左,name_prefix,Chong Zuo Shi Jiang Zhou Qu Xin He Zhen Bo Hua Cun,2,https://sjfw.mct.gov.cn/site/dataservice/rural,2022-12-07,2026-09-26,,,公开名录确认名称与所属地区；活动、餐饮、住宿和坐标尚未补充。
1002304,2304,public,桂林市灌阳县新街镇江口村,广西,桂林,name_prefix,Gui Lin Shi Guan Yang Xian Xin Jie Zhen Jiang Kou Cun,2,https://sjfw.mct.gov.cn/site/dataservice/rural,2022-12-07,2026-09-26,,,公开名录确认名称与所属地区；活动、餐饮、住宿和坐标尚未补充。
1002303,2303,public,柳州市三江侗族自治县丹洲镇丹洲村,广西,柳州,name_prefix,Liu Zhou Shi San Jiang Dong Zu Zi Zhi Xian Dan Zhou Zhen Dan Zhou Cun,2,https://sjfw.mct.gov.cn/site/dataservice/rural,2022-12-07,2026-09-26,,,公开名录确认名称与所属地区；活动、餐饮、住宿和坐标尚未补充。
1002302,2302,public,南宁市马山县古零镇羊山村三甲屯,广西,南宁,name_prefix,Nan Ning Shi Ma Shan Xian Gu Ling Zhen Yang Shan Cun San Jia Tun,2,https://sjfw.mct.gov.cn/site/dataservice/rural,2022-12-07,2026-09-26,,,公开名录确认名称与所属地区；活动、餐饮、住宿和坐标尚未补充。
1002301,2301,public,来宾市金秀瑶族自治县长垌乡平道村,广西,来宾,name_prefix,Lai Bin Shi Jin Xiu Yao Zu Zi Zhi Xian Zhang Dong Xiang Ping Dao Cun,2,https://sjfw.mct.gov.cn/site/dataservice/rural,2022-12-07,2026-09-26,,,公开名录确认名称与所属地区；活动、餐饮、住宿和坐标尚未补充。
1002300,2300,public,梧州市藤县象棋镇道家村,广西,梧州,name_prefix,Wu Zhou Shi Teng Xian Xiang Qi Zhen Dao Jia Cun,2,https://sjfw.mct.gov.cn/site/dataservice/rural,2022-12-07,2026-09-26,,,公开名录确认名称与所属地区；活动、餐饮、住宿和坐标尚未补充。
1002299,2299,public,桂林市阳朔县阳朔镇骥马村,广西,桂林,name_prefix,Gui Lin Shi Yang Shuo Xian Yang Shuo Zhen Ji Ma Cun,2,https://sjfw.mct.gov.cn/site/dataservice/rural,2022-12-07,2026-09-26,,,公开名录确认名称与所属地区；活动、餐饮、住宿和坐标尚未补充。
1002298,2298,public,柳州市鹿寨县中渡镇大兆村,广西,柳州,name_prefix,Liu Zhou Shi Lu Zhai Xian Zhong Du Zhen Da Zhao Cun,2,https://sjfw.mct.gov.cn/site/dataservice/rural,2022-12-07,2026-09-26,,,公开名录确认名称与所属地区；活动、餐饮、住宿和坐标尚未补充。
1002297,2297,public,梧州市蒙山县新圩镇古定村,广西,梧州,name_prefix,Wu Zhou Shi Meng Shan Xian Xin Wei Zhen Gu Ding Cun,2,https://sjfw.mct.gov.cn/site/dataservice/rural,2022-12-07,2026-09-26,,,公开名录确认名称与所属地区；活动、餐饮、住宿和坐标尚未补充。
1002296,2296,public,桂林市阳朔县阳朔镇鸡窝渡村,广西,桂林,name_prefix,Gui Lin Shi Yang Shuo Xian Yang Shuo Zhen Ji Wo Du Cun,2,https://sjfw.mct.gov.cn/site/dataservice/rural,2022-12-07,2026-09-26,,,公开名录确认名称与所属地区；活动、餐饮、住宿和坐标尚未补充。
1002295,2295,public,来宾市金秀瑶族自治县长垌乡滴水村,广西,来宾,name_prefix,Lai Bin Shi Jin Xiu Yao Zu Zi Zhi Xian Zhang Dong Xiang Di Shui Cun,2,https://sjfw.mct.gov.cn/site/dataservice/rural,2022-12-07,2026-09-26,,,公开名录确认名称与所属地区；活动、餐饮、住宿和坐标尚未补充。
1002294,2294,public,百色市靖西市新靖镇旧州村,广西,百色,name_prefix,Bai Se Shi Jing Xi Shi Xin Jing Zhen Jiu Zhou Cun,2,https://sjfw.mct.gov.cn/site/dataservice/rural,2022-12-07,2026-09-26,,,公开名录确认名称与所属地区；活动、餐饮、住宿和坐标尚未补充。
1002293,2293,public,北海市海城区地角街道新营社区流下村,广西,北海,name_prefix,Bei Hai Shi Hai Cheng Qu Di Jiao Jie Dao Xin Ying She Qu Liu Xia Cun,2,https://sjfw.mct.gov.cn/site/dataservice/rural,2022-12-07,2026-09-26,,,公开名录确认名称与所属地区；活动、餐饮、住宿和坐标尚未补充。
1002292,2292,public,百色市德保县城关镇那温村,广西,百色,name_prefix,Bai Se Shi De Bao Xian Cheng Guan Zhen Na Wen Cun,2,https://sjfw.mct.gov.cn/site/dataservice/rural,2022-12-07,2026-09-26,,,公开名录确认名称与所属地区；活动、餐饮、住宿和坐标尚未补充。
1002291,2291,public,玉林市陆川县沙坡镇高庆村,广西,玉林,name_prefix,Yu Lin Shi Lu Chuan Xian Sha Po Zhen Gao Qing Cun,2,https://sjfw.mct.gov.cn/site/dataservice/rural,2022-12-07,2026-09-26,,,公开名录确认名称与所属地区；活动、餐饮、住宿和坐标尚未补充。
1002290,2290,public,防城港市东兴市江平镇交东村,广西,防城港,name_prefix,Fang Cheng Gang Shi Dong Xing Shi Jiang Ping Zhen Jiao Dong Cun,2,https://sjfw.mct.gov.cn/site/dataservice/rural,2022-12-07,2026-09-26,,,公开名录确认名称与所属地区；活动、餐饮、住宿和坐标尚未补充。
1002289,2289,public,贺州市平桂区沙田镇龙井村,广西,贺州,name_prefix,He Zhou Shi Ping Gui Qu Sha Tian Zhen Long Jing Cun,2,https://sjfw.mct.gov.cn/site/dataservice/rural,2022-12-07,2026-09-26,,,公开名录确认名称与所属地区；活动、餐饮、住宿和坐标尚未补充。
1002288,2288,public,三亚市吉阳区博后村,海南,三亚,name_prefix,San Ya Shi Ji Yang Qu Bo Hou Cun,2,https://sjfw.mct.gov.cn/site/dataservice/rural,2022-12-07,2026-09-26,,,公开名录确认名称与所属地区；活动、餐饮、住宿和坐标尚未补充。
1002287,2287,public,三亚市吉阳区大茅村,海南,三亚,name_prefix,San Ya Shi Ji Yang Qu Da Mao Cun,2,https://sjfw.mct.gov.cn/site/dataservice/rural,2022-12-07,2026-09-26,,,公开名录确认名称与所属地区；活动、餐饮、住宿和坐标尚未补充。
1002286,2286,public,琼海市嘉积镇官塘村北仍村,海南,琼海,name_prefix,Qiong Hai Shi Jia Ji Zhen Guan Tang Cun Bei Reng Cun,2,https://sjfw.mct.gov.cn/site/dataservice/rural,2022-12-07,2026-09-26,,,公开名录确认名称与所属地区；活动、餐饮、住宿和坐标尚未补充。
1002285,2285,public,三亚市海棠区湾坡村,海南,三亚,name_prefix,San Ya Shi Hai Tang Qu Wan Po Cun,2,https://sjfw.mct.gov.cn/site/dataservice/rural,2022-12-07,2026-09-26,,,公开名录确认名称与所属地区；活动、餐饮、住宿和坐标尚未补充。
1002284,2284,public,琼海市博鳌镇沙美村,海南,琼海,name_prefix,Qiong Hai Shi Bo Ao Zhen Sha Mei Cun,2,https://sjfw.mct.gov.cn/site/dataservice/rural,2022-12-07,2026-09-26,,,公开名录确认名称与所属地区；活动、餐饮、住宿和坐标尚未补充。
1002283,2283,public,儋州市那大镇石屋村,海南,儋州,name_prefix,Dan Zhou Shi Na Da Zhen Shi Wu Cun,2,https://sjfw.mct.gov.cn/site/dataservice/rural,2022-12-07,2026-09-26,,,公开名录确认名称与所属地区；活动、餐饮、住宿和坐标尚未补充。
1002282,2282,public,琼海市博鳌镇朝烈村南强村,海南,琼海,name_prefix,Qiong Hai Shi Bo Ao Zhen Chao Lie Cun Nan Qiang Cun,2,https://sjfw.mct.gov.cn/site/dataservice/rural,2022-12-07,2026-09-26,,,公开名录确认名称与所属地区；活动、餐饮、住宿和坐标尚未补充。
1002281,2281,public,海口市秀英区石山镇施茶村,海南,海口,name_prefix,Hai Kou Shi Xiu Ying Qu Shi Shan Zhen Shi Cha Cun,2,https://sjfw.mct.gov.cn/site/dataservice/rural,2022-12-07,2026-09-26,,,公开名录确认名称与所属地区；活动、餐饮、住宿和坐标尚未补充。
1002280,2280,public,文昌市龙楼镇好圣村,海南,文昌,name_prefix,Wen Chang Shi Long Lou Zhen Hao Sheng Cun,2,https://sjfw.mct.gov.cn/site/dataservice/rural,2022-12-07,2026-09-26,,,公开名录确认名称与所属地区；活动、餐饮、住宿和坐标尚未补充。
1002279,2279,public,儋州市那大镇屋基村,海南,儋州,name_prefix,Dan Zhou Shi Na Da Zhen Wu Ji Cun,2,https://sjfw.mct.gov.cn/site/dataservice/rural,2022-12-07,2026-09-26,,,公开名录确认名称与所属地区；活动、餐饮、住宿和坐标尚未补充。
1002278,2278,public,澄迈县大丰镇大丰村,海南,海南,province_fallback,Cheng Mai Xian Da Feng Zhen Da Feng Cun,2,https://sjfw.mct.gov.cn/site/dataservice/rural,2022-12-07,2026-09-26,,,公开名录确认名称与所属地区；活动、餐饮、住宿和坐标尚未补充。
1002277,2277,public,陵水黎族自治县本号镇小妹村,海南,海南,province_fallback,Ling Shui Li Zu Zi Zhi Xian Ben Hao Zhen Xiao Mei Cun,2,https://sjfw.mct.gov.cn/site/dataservice/rural,2022-12-07,2026-09-26,,,公开名录确认名称与所属地区；活动、餐饮、住宿和坐标尚未补充。
1002276,2276,public,文昌市东路镇葫芦村,海南,文昌,name_prefix,Wen Chang Shi Dong Lu Zhen Hu Lu Cun,2,https://sjfw.mct.gov.cn/site/dataservice/rural,2022-12-07,2026-09-26,,,公开名录确认名称与所属地区；活动、餐饮、住宿和坐标尚未补充。
1002275,2275,public,三亚市天涯区文门村,海南,三亚,name_prefix,San Ya Shi Tian Ya Qu Wen Men Cun,2,https://sjfw.mct.gov.cn/site/dataservice/rural,2022-12-07,2026-09-26,,,公开名录确认名称与所属地区；活动、餐饮、住宿和坐标尚未补充。
1002274,2274,public,海口市龙华区新坡镇仁里村,海南,海口,name_prefix,Hai Kou Shi Long Hua Qu Xin Po Zhen Ren Li Cun,2,https://sjfw.mct.gov.cn/site/dataservice/rural,2022-12-07,2026-09-26,,,公开名录确认名称与所属地区；活动、餐饮、住宿和坐标尚未补充。
1002273,2273,public,海口市琼山区红旗镇苏寻三村泮边村,海南,海口,name_prefix,Hai Kou Shi Qiong Shan Qu Hong Qi Zhen Su Xun San Cun Pan Bian Cun,2,https://sjfw.mct.gov.cn/site/dataservice/rural,2022-12-07,2026-09-26,,,公开名录确认名称与所属地区；活动、餐饮、住宿和坐标尚未补充。
1002272,2272,public,武隆区后坪苗族土家族乡文凤村,重庆,重庆,municipality,Wu Long Qu Hou Ping Miao Zu Tu Jia Zu Xiang Wen Feng Cun,2,https://sjfw.mct.gov.cn/site/dataservice/rural,2022-12-07,2026-09-26,,,公开名录确认名称与所属地区；活动、餐饮、住宿和坐标尚未补充。
1002271,2271,public,武隆区芙蓉街道堰塘村,重庆,重庆,municipality,Wu Long Qu Fu Rong Jie Dao Yan Tang Cun,2,https://sjfw.mct.gov.cn/site/dataservice/rural,2022-12-07,2026-09-26,,,公开名录确认名称与所属地区；活动、餐饮、住宿和坐标尚未补充。
1002270,2270,public,石柱土家族自治县中益乡华溪村,重庆,重庆,municipality,Shi Zhu Tu Jia Zu Zi Zhi Xian Zhong Yi Xiang Hua Xi Cun,2,https://sjfw.mct.gov.cn/site/dataservice/rural,2022-12-07,2026-09-26,,,公开名录确认名称与所属地区；活动、餐饮、住宿和坐标尚未补充。
1002269,2269,public,铜梁区土桥镇六赢村,重庆,重庆,municipality,Tong Liang Qu Tu Qiao Zhen Liu Ying Cun,2,https://sjfw.mct.gov.cn/site/dataservice/rural,2022-12-07,2026-09-26,,,公开名录确认名称与所属地区；活动、餐饮、住宿和坐标尚未补充。
1002268,2268,public,巴南区二圣镇集体村,重庆,重庆,municipality,Ba Nan Qu Er Sheng Zhen Ji Ti Cun,2,https://sjfw.mct.gov.cn/site/dataservice/rural,2022-12-07,2026-09-26,,,公开名录确认名称与所属地区；活动、餐饮、住宿和坐标尚未补充。
1002267,2267,public,巫溪县红池坝镇茶山村,重庆,重庆,municipality,Wu Xi Xian Hong Chi Ba Zhen Cha Shan Cun,2,https://sjfw.mct.gov.cn/site/dataservice/rural,2022-12-07,2026-09-26,,,公开名录确认名称与所属地区；活动、餐饮、住宿和坐标尚未补充。
1002266,2266,public,梁平区竹山镇猎神村,重庆,重庆,municipality,Liang Ping Qu Zhu Shan Zhen Lie Shen Cun,2,https://sjfw.mct.gov.cn/site/dataservice/rural,2022-12-07,2026-09-26,,,公开名录确认名称与所属地区；活动、餐饮、住宿和坐标尚未补充。
1002265,2265,public,丰都县双路镇莲花洞村,重庆,重庆,municipality,Feng Dou Xian Shuang Lu Zhen Lian Hua Dong Cun,2,https://sjfw.mct.gov.cn/site/dataservice/rural,2022-12-07,2026-09-26,,,公开名录确认名称与所属地区；活动、餐饮、住宿和坐标尚未补充。
1002264,2264,public,綦江区永城镇中华村,重庆,重庆,municipality,Qi Jiang Qu Yong Cheng Zhen Zhong Hua Cun,2,https://sjfw.mct.gov.cn/site/dataservice/rural,2022-12-07,2026-09-26,,,公开名录确认名称与所属地区；活动、餐饮、住宿和坐标尚未补充。
1002263,2263,public,涪陵区大木乡迎新社区,重庆,重庆,municipality,Fu Ling Qu Da Mu Xiang Ying Xin She Qu,2,https://sjfw.mct.gov.cn/site/dataservice/rural,2022-12-07,2026-09-26,,,公开名录确认名称与所属地区；活动、餐饮、住宿和坐标尚未补充。
1002262,2262,public,酉阳土家族苗族自治县板溪镇扎营村,重庆,重庆,municipality,You Yang Tu Jia Zu Miao Zu Zi Zhi Xian Ban Xi Zhen Zha Ying Cun,2,https://sjfw.mct.gov.cn/site/dataservice/rural,2022-12-07,2026-09-26,,,公开名录确认名称与所属地区；活动、餐饮、住宿和坐标尚未补充。
1002261,2261,public,黔江区小南海镇新建村,重庆,重庆,municipality,Qian Jiang Qu Xiao Nan Hai Zhen Xin Jian Cun,2,https://sjfw.mct.gov.cn/site/dataservice/rural,2022-12-07,2026-09-26,,,公开名录确认名称与所属地区；活动、餐饮、住宿和坐标尚未补充。
1002260,2260,public,南川区木凉镇汉场坝村,重庆,重庆,municipality,Nan Chuan Qu Mu Liang Zhen Han Chang Ba Cun,2,https://sjfw.mct.gov.cn/site/dataservice/rural,2022-12-07,2026-09-26,,,公开名录确认名称与所属地区；活动、餐饮、住宿和坐标尚未补充。
1002259,2259,public,南岸区南山街道放牛村,重庆,重庆,municipality,Nan An Qu Nan Shan Jie Dao Fang Niu Cun,2,https://sjfw.mct.gov.cn/site/dataservice/rural,2022-12-07,2026-09-26,,,公开名录确认名称与所属地区；活动、餐饮、住宿和坐标尚未补充。
1002258,2258,public,荣昌区仁义镇瑶山社区,重庆,重庆,municipality,Rong Chang Qu Ren Yi Zhen Yao Shan She Qu,2,https://sjfw.mct.gov.cn/site/dataservice/rural,2022-12-07,2026-09-26,,,公开名录确认名称与所属地区；活动、餐饮、住宿和坐标尚未补充。
1002257,2257,public,彭水苗族土家族自治县润溪乡樱桃井村,重庆,重庆,municipality,Peng Shui Miao Zu Tu Jia Zu Zi Zhi Xian Run Xi Xiang Ying Tao Jing Cun,2,https://sjfw.mct.gov.cn/site/dataservice/rural,2022-12-07,2026-09-26,,,公开名录确认名称与所属地区；活动、餐饮、住宿和坐标尚未补充。
1002256,2256,public,巫山县两坪乡朝元村,重庆,重庆,municipality,Wu Shan Xian Liang Ping Xiang Chao Yuan Cun,2,https://sjfw.mct.gov.cn/site/dataservice/rural,2022-12-07,2026-09-26,,,公开名录确认名称与所属地区；活动、餐饮、住宿和坐标尚未补充。
1002255,2255,public,长寿区龙河镇保合村,重庆,重庆,municipality,Chang Shou Qu Long He Zhen Bao He Cun,2,https://sjfw.mct.gov.cn/site/dataservice/rural,2022-12-07,2026-09-26,,,公开名录确认名称与所属地区；活动、餐饮、住宿和坐标尚未补充。
1002254,2254,public,北碚区东阳街道西山坪村,重庆,重庆,municipality,Bei Bei Qu Dong Yang Jie Dao Xi Shan Ping Cun,2,https://sjfw.mct.gov.cn/site/dataservice/rural,2022-12-07,2026-09-26,,,公开名录确认名称与所属地区；活动、餐饮、住宿和坐标尚未补充。
1002253,2253,public,巫山县曲尺乡柑园村,重庆,重庆,municipality,Wu Shan Xian Qu Chi Xiang Gan Yuan Cun,2,https://sjfw.mct.gov.cn/site/dataservice/rural,2022-12-07,2026-09-26,,,公开名录确认名称与所属地区；活动、餐饮、住宿和坐标尚未补充。
1002252,2252,public,成都市崇州市白头镇五星村,四川,成都,name_prefix,Cheng Du Shi Chong Zhou Shi Bai Tou Zhen Wu Xing Cun,2,https://sjfw.mct.gov.cn/site/dataservice/rural,2022-12-07,2026-09-26,,,公开名录确认名称与所属地区；活动、餐饮、住宿和坐标尚未补充。
1002251,2251,public,阿坝藏族羌族自治州黑水县沙石多乡羊茸村,四川,阿坝藏族羌族自治州,name_prefix,A Ba Zang Zu Qiang Zu Zi Zhi Zhou Hei Shui Xian Sha Shi Duo Xiang Yang Rong Cun,2,https://sjfw.mct.gov.cn/site/dataservice/rural,2022-12-07,2026-09-26,,,公开名录确认名称与所属地区；活动、餐饮、住宿和坐标尚未补充。
1002250,2250,public,泸州市纳溪区大渡口镇凤凰湖村,四川,泸州,name_prefix,Lu Zhou Shi Na Xi Qu Da Du Kou Zhen Feng Huang Hu Cun,2,https://sjfw.mct.gov.cn/site/dataservice/rural,2022-12-07,2026-09-26,,,公开名录确认名称与所属地区；活动、餐饮、住宿和坐标尚未补充。
1002249,2249,public,广元市利州区白朝乡月坝村,四川,广元,name_prefix,Guang Yuan Shi Li Zhou Qu Bai Chao Xiang Yue Ba Cun,2,https://sjfw.mct.gov.cn/site/dataservice/rural,2022-12-07,2026-09-26,,,公开名录确认名称与所属地区；活动、餐饮、住宿和坐标尚未补充。
1002248,2248,public,成都市龙泉驿区山泉镇桃源村,四川,成都,name_prefix,Cheng Du Shi Long Quan Yi Qu Shan Quan Zhen Tao Yuan Cun,2,https://sjfw.mct.gov.cn/site/dataservice/rural,2022-12-07,2026-09-26,,,公开名录确认名称与所属地区；活动、餐饮、住宿和坐标尚未补充。
1002247,2247,public,阿坝藏族羌族自治州理县桃坪镇桃坪村,四川,阿坝藏族羌族自治州,name_prefix,A Ba Zang Zu Qiang Zu Zi Zhi Zhou Li Xian Tao Ping Zhen Tao Ping Cun,2,https://sjfw.mct.gov.cn/site/dataservice/rural,2022-12-07,2026-09-26,,,公开名录确认名称与所属地区；活动、餐饮、住宿和坐标尚未补充。
1002246,2246,public,成都市彭州市桂花镇蟠龙村,四川,成都,name_prefix,Cheng Du Shi Peng Zhou Shi Gui Hua Zhen Pan Long Cun,2,https://sjfw.mct.gov.cn/site/dataservice/rural,2022-12-07,2026-09-26,,,公开名录确认名称与所属地区；活动、餐饮、住宿和坐标尚未补充。
1002245,2245,public,攀枝花市米易县新山傈僳族乡新山村,四川,攀枝花,name_prefix,Pan Zhi Hua Shi Mi Yi Xian Xin Shan Li Su Zu Xiang Xin Shan Cun,2,https://sjfw.mct.gov.cn/site/dataservice/rural,2022-12-07,2026-09-26,,,公开名录确认名称与所属地区；活动、餐饮、住宿和坐标尚未补充。
1002244,2244,public,凉山彝族自治州德昌县德州镇角半村,四川,凉山彝族自治州,name_prefix,Liang Shan Yi Zu Zi Zhi Zhou De Chang Xian De Zhou Zhen Jiao Ban Cun,2,https://sjfw.mct.gov.cn/site/dataservice/rural,2022-12-07,2026-09-26,,,公开名录确认名称与所属地区；活动、餐饮、住宿和坐标尚未补充。
1002243,2243,public,甘孜藏族自治州丹巴县墨尔多山镇基卡依村,四川,甘孜藏族自治州,name_prefix,Gan Zi Zang Zu Zi Zhi Zhou Dan Ba Xian Mo Er Duo Shan Zhen Ji Ka Yi Cun,2,https://sjfw.mct.gov.cn/site/dataservice/rural,2022-12-07,2026-09-26,,,公开名录确认名称与所属地区；活动、餐饮、住宿和坐标尚未补充。
1002242,2242,public,资阳市乐至县劳动镇旧居村,四川,资阳,name_prefix,Zi Yang Shi Le Zhi Xian Lao Dong Zhen Jiu Ju Cun,2,https://sjfw.mct.gov.cn/site/dataservice/rural,2022-12-07,2026-09-26,,,公开名录确认名称与所属地区；活动、餐饮、住宿和坐标尚未补充。
1002241,2241,public,广安市武胜县飞龙镇高洞村,四川,广安,name_prefix,Guang An Shi Wu Sheng Xian Fei Long Zhen Gao Dong Cun,2,https://sjfw.mct.gov.cn/site/dataservice/rural,2022-12-07,2026-09-26,,,公开名录确认名称与所属地区；活动、餐饮、住宿和坐标尚未补充。
1002240,2240,public,广元市青川县青溪镇阴平村,四川,广元,name_prefix,Guang Yuan Shi Qing Chuan Xian Qing Xi Zhen Yin Ping Cun,2,https://sjfw.mct.gov.cn/site/dataservice/rural,2022-12-07,2026-09-26,,,公开名录确认名称与所属地区；活动、餐饮、住宿和坐标尚未补充。
1002239,2239,public,宜宾市筠连县腾达镇春风村,四川,宜宾,name_prefix,Yi Bin Shi Yun Lian Xian Teng Da Zhen Chun Feng Cun,2,https://sjfw.mct.gov.cn/site/dataservice/rural,2022-12-07,2026-09-26,,,公开名录确认名称与所属地区；活动、餐饮、住宿和坐标尚未补充。
1002238,2238,public,广安市广安区协兴镇牌坊社区,四川,广安,name_prefix,Guang An Shi Guang An Qu Xie Xing Zhen Pai Fang She Qu,2,https://sjfw.mct.gov.cn/site/dataservice/rural,2022-12-07,2026-09-26,,,公开名录确认名称与所属地区；活动、餐饮、住宿和坐标尚未补充。
1002237,2237,public,成都市都江堰市龙池镇飞虹社区,四川,成都,name_prefix,Cheng Du Shi Du Jiang Yan Shi Long Chi Zhen Fei Hong She Qu,2,https://sjfw.mct.gov.cn/site/dataservice/rural,2022-12-07,2026-09-26,,,公开名录确认名称与所属地区；活动、餐饮、住宿和坐标尚未补充。
1002236,2236,public,绵阳市涪城区杨家镇杨家社区,四川,绵阳,name_prefix,Mian Yang Shi Fu Cheng Qu Yang Jia Zhen Yang Jia She Qu,2,https://sjfw.mct.gov.cn/site/dataservice/rural,2022-12-07,2026-09-26,,,公开名录确认名称与所属地区；活动、餐饮、住宿和坐标尚未补充。
1002235,2235,public,南充市蓬安县相如街道油房沟社区,四川,南充,name_prefix,Nan Chong Shi Peng An Xian Xiang Ru Jie Dao You Fang Gou She Qu,2,https://sjfw.mct.gov.cn/site/dataservice/rural,2022-12-07,2026-09-26,,,公开名录确认名称与所属地区；活动、餐饮、住宿和坐标尚未补充。
1002234,2234,public,遂宁市大英县卓筒井镇为干屏村,四川,遂宁,name_prefix,Sui Ning Shi Da Ying Xian Zhuo Tong Jing Zhen Wei Gan Ping Cun,2,https://sjfw.mct.gov.cn/site/dataservice/rural,2022-12-07,2026-09-26,,,公开名录确认名称与所属地区；活动、餐饮、住宿和坐标尚未补充。
1002233,2233,public,乐山市峨眉山市胜利街道月南村,四川,乐山,name_prefix,Le Shan Shi E Mei Shan Shi Sheng Li Jie Dao Yue Nan Cun,2,https://sjfw.mct.gov.cn/site/dataservice/rural,2022-12-07,2026-09-26,,,公开名录确认名称与所属地区；活动、餐饮、住宿和坐标尚未补充。
1002232,2232,public,德阳市绵竹市九龙镇新龙村,四川,德阳,name_prefix,De Yang Shi Mian Zhu Shi Jiu Long Zhen Xin Long Cun,2,https://sjfw.mct.gov.cn/site/dataservice/rural,2022-12-07,2026-09-26,,,公开名录确认名称与所属地区；活动、餐饮、住宿和坐标尚未补充。
1002231,2231,public,广元市青川县乔庄镇张家村,四川,广元,name_prefix,Guang Yuan Shi Qing Chuan Xian Qiao Zhuang Zhen Zhang Jia Cun,2,https://sjfw.mct.gov.cn/site/dataservice/rural,2022-12-07,2026-09-26,,,公开名录确认名称与所属地区；活动、餐饮、住宿和坐标尚未补充。
1002230,2230,public,成都市都江堰市青城山镇泰安社区,四川,成都,name_prefix,Cheng Du Shi Du Jiang Yan Shi Qing Cheng Shan Zhen Tai An She Qu,2,https://sjfw.mct.gov.cn/site/dataservice/rural,2022-12-07,2026-09-26,,,公开名录确认名称与所属地区；活动、餐饮、住宿和坐标尚未补充。
1002229,2229,public,六盘水市盘州市普古彝族苗族乡舍烹村,贵州,六盘水,name_prefix,Liu Pan Shui Shi Pan Zhou Shi Pu Gu Yi Zu Miao Zu Xiang She Peng Cun,2,https://sjfw.mct.gov.cn/site/dataservice/rural,2022-12-07,2026-09-26,,,公开名录确认名称与所属地区；活动、餐饮、住宿和坐标尚未补充。
1002228,2228,public,黔东南苗族侗族自治州黎平县肇兴镇肇兴村,贵州,黔东南苗族侗族自治州,name_prefix,Qian Dong Nan Miao Zu Dong Zu Zi Zhi Zhou Li Ping Xian Zhao Xing Zhen Zhao Xing Cun,2,https://sjfw.mct.gov.cn/site/dataservice/rural,2022-12-07,2026-09-26,,,公开名录确认名称与所属地区；活动、餐饮、住宿和坐标尚未补充。
1002227,2227,public,贵阳市乌当区偏坡布依族乡偏坡村,贵州,贵阳,name_prefix,Gui Yang Shi Wu Dang Qu Pian Po Bu Yi Zu Xiang Pian Po Cun,2,https://sjfw.mct.gov.cn/site/dataservice/rural,2022-12-07,2026-09-26,,,公开名录确认名称与所属地区；活动、餐饮、住宿和坐标尚未补充。
1002226,2226,public,黔东南苗族侗族自治州榕江县平阳乡丹江村,贵州,黔东南苗族侗族自治州,name_prefix,Qian Dong Nan Miao Zu Dong Zu Zi Zhi Zhou Rong Jiang Xian Ping Yang Xiang Dan Jiang Cun,2,https://sjfw.mct.gov.cn/site/dataservice/rural,2022-12-07,2026-09-26,,,公开名录确认名称与所属地区；活动、餐饮、住宿和坐标尚未补充。
1002225,2225,public,铜仁市玉屏侗族自治县田坪镇田坪村,贵州,铜仁,name_prefix,Tong Ren Shi Yu Ping Dong Zu Zi Zhi Xian Tian Ping Zhen Tian Ping Cun,2,https://sjfw.mct.gov.cn/site/dataservice/rural,2022-12-07,2026-09-26,,,公开名录确认名称与所属地区；活动、餐饮、住宿和坐标尚未补充。
1002224,2224,public,六盘水市水城县营盘苗族彝族白族乡高峰村,贵州,六盘水,name_prefix,Liu Pan Shui Shi Shui Cheng Xian Ying Pan Miao Zu Yi Zu Bai Zu Xiang Gao Feng Cun,2,https://sjfw.mct.gov.cn/site/dataservice/rural,2022-12-07,2026-09-26,,,公开名录确认名称与所属地区；活动、餐饮、住宿和坐标尚未补充。
1002223,2223,public,黔南布依族苗族自治州贵定县盘江镇音寨村,贵州,黔南布依族苗族自治州,name_prefix,Qian Nan Bu Yi Zu Miao Zu Zi Zhi Zhou Gui Ding Xian Pan Jiang Zhen Yin Zhai Cun,2,https://sjfw.mct.gov.cn/site/dataservice/rural,2022-12-07,2026-09-26,,,公开名录确认名称与所属地区；活动、餐饮、住宿和坐标尚未补充。
1002222,2222,public,六盘水市六枝特区落别布依族彝族乡牛角村,贵州,六盘水,name_prefix,Liu Pan Shui Shi Liu Zhi Te Qu Luo Bie Bu Yi Zu Yi Zu Xiang Niu Jiao Cun,2,https://sjfw.mct.gov.cn/site/dataservice/rural,2022-12-07,2026-09-26,,,公开名录确认名称与所属地区；活动、餐饮、住宿和坐标尚未补充。
1002221,2221,public,遵义市赤水市复兴镇凯旋村,贵州,遵义,name_prefix,Zun Yi Shi Chi Shui Shi Fu Xing Zhen Kai Xuan Cun,2,https://sjfw.mct.gov.cn/site/dataservice/rural,2022-12-07,2026-09-26,,,公开名录确认名称与所属地区；活动、餐饮、住宿和坐标尚未补充。
1002220,2220,public,黔西南布依族苗族自治州贞丰县者相镇纳孔村,贵州,黔西南布依族苗族自治州,name_prefix,Qian Xi Nan Bu Yi Zu Miao Zu Zi Zhi Zhou Zhen Feng Xian Zhe Xiang Zhen Na Kong Cun,2,https://sjfw.mct.gov.cn/site/dataservice/rural,2022-12-07,2026-09-26,,,公开名录确认名称与所属地区；活动、餐饮、住宿和坐标尚未补充。
1002219,2219,public,遵义市凤冈县永安镇田坝村,贵州,遵义,name_prefix,Zun Yi Shi Feng Gang Xian Yong An Zhen Tian Ba Cun,2,https://sjfw.mct.gov.cn/site/dataservice/rural,2022-12-07,2026-09-26,,,公开名录确认名称与所属地区；活动、餐饮、住宿和坐标尚未补充。
1002218,2218,public,铜仁市石阡县坪山仡佬族侗族乡佛顶山村,贵州,铜仁,name_prefix,Tong Ren Shi Shi Qian Xian Ping Shan Ge Lao Zu Dong Zu Xiang Fu Ding Shan Cun,2,https://sjfw.mct.gov.cn/site/dataservice/rural,2022-12-07,2026-09-26,,,公开名录确认名称与所属地区；活动、餐饮、住宿和坐标尚未补充。
1002217,2217,public,六盘水市盘州市两河街道岩脚村,贵州,六盘水,name_prefix,Liu Pan Shui Shi Pan Zhou Shi Liang He Jie Dao Yan Jiao Cun,2,https://sjfw.mct.gov.cn/site/dataservice/rural,2022-12-07,2026-09-26,,,公开名录确认名称与所属地区；活动、餐饮、住宿和坐标尚未补充。
1002216,2216,public,黔南布依族苗族自治州都匀市毛尖镇坪阳村,贵州,黔南布依族苗族自治州,name_prefix,Qian Nan Bu Yi Zu Miao Zu Zi Zhi Zhou Dou Yun Shi Mao Jian Zhen Ping Yang Cun,2,https://sjfw.mct.gov.cn/site/dataservice/rural,2022-12-07,2026-09-26,,,公开名录确认名称与所属地区；活动、餐饮、住宿和坐标尚未补充。
1002215,2215,public,铜仁市松桃苗族自治县正大镇薅菜村,贵州,铜仁,name_prefix,Tong Ren Shi Song Tao Miao Zu Zi Zhi Xian Zheng Da Zhen Hao Cai Cun,2,https://sjfw.mct.gov.cn/site/dataservice/rural,2022-12-07,2026-09-26,,,公开名录确认名称与所属地区；活动、餐饮、住宿和坐标尚未补充。
1002214,2214,public,黔西南布依族苗族自治州兴仁市屯脚镇鲤鱼村,贵州,黔西南布依族苗族自治州,name_prefix,Qian Xi Nan Bu Yi Zu Miao Zu Zi Zhi Zhou Xing Ren Shi Tun Jiao Zhen Li Yu Cun,2,https://sjfw.mct.gov.cn/site/dataservice/rural,2022-12-07,2026-09-26,,,公开名录确认名称与所属地区；活动、餐饮、住宿和坐标尚未补充。
1002213,2213,public,遵义市湄潭县兴隆镇龙凤村,贵州,遵义,name_prefix,Zun Yi Shi Mei Tan Xian Xing Long Zhen Long Feng Cun,2,https://sjfw.mct.gov.cn/site/dataservice/rural,2022-12-07,2026-09-26,,,公开名录确认名称与所属地区；活动、餐饮、住宿和坐标尚未补充。
1002212,2212,public,毕节市织金县官寨苗族乡屯上村,贵州,毕节,name_prefix,Bi Jie Shi Zhi Jin Xian Guan Zhai Miao Zu Xiang Tun Shang Cun,2,https://sjfw.mct.gov.cn/site/dataservice/rural,2022-12-07,2026-09-26,,,公开名录确认名称与所属地区；活动、餐饮、住宿和坐标尚未补充。
1002211,2211,public,贵阳市花溪区青岩镇龙井村,贵州,贵阳,name_prefix,Gui Yang Shi Hua Xi Qu Qing Yan Zhen Long Jing Cun,2,https://sjfw.mct.gov.cn/site/dataservice/rural,2022-12-07,2026-09-26,,,公开名录确认名称与所属地区；活动、餐饮、住宿和坐标尚未补充。
1002210,2210,public,黔东南苗族侗族自治州从江县丙妹镇岜沙村,贵州,黔东南苗族侗族自治州,name_prefix,Qian Dong Nan Miao Zu Dong Zu Zi Zhi Zhou Cong Jiang Xian Bing Mei Zhen Ba Sha Cun,2,https://sjfw.mct.gov.cn/site/dataservice/rural,2022-12-07,2026-09-26,,,公开名录确认名称与所属地区；活动、餐饮、住宿和坐标尚未补充。
1002209,2209,public,安顺市镇宁布依族苗族自治县宁西街道高荡村,贵州,安顺,name_prefix,An Shun Shi Zhen Ning Bu Yi Zu Miao Zu Zi Zhi Xian Ning Xi Jie Dao Gao Dang Cun,2,https://sjfw.mct.gov.cn/site/dataservice/rural,2022-12-07,2026-09-26,,,公开名录确认名称与所属地区；活动、餐饮、住宿和坐标尚未补充。
1002208,2208,public,毕节市金海湖新区响水白族彝族仡佬族乡青山村,贵州,毕节,name_prefix,Bi Jie Shi Jin Hai Hu Xin Qu Xiang Shui Bai Zu Yi Zu Ge Lao Zu Xiang Qing Shan Cun,2,https://sjfw.mct.gov.cn/site/dataservice/rural,2022-12-07,2026-09-26,,,公开名录确认名称与所属地区；活动、餐饮、住宿和坐标尚未补充。
1002207,2207,public,黔西南布依族苗族自治州兴义市万峰林街道下纳灰村,贵州,黔西南布依族苗族自治州,name_prefix,Qian Xi Nan Bu Yi Zu Miao Zu Zi Zhi Zhou Xing Yi Shi Wan Feng Lin Jie Dao Xia Na Hui Cun,2,https://sjfw.mct.gov.cn/site/dataservice/rural,2022-12-07,2026-09-26,,,公开名录确认名称与所属地区；活动、餐饮、住宿和坐标尚未补充。
1002206,2206,public,贵阳市花溪区高坡苗族乡扰绕村,贵州,贵阳,name_prefix,Gui Yang Shi Hua Xi Qu Gao Po Miao Zu Xiang Rao Rao Cun,2,https://sjfw.mct.gov.cn/site/dataservice/rural,2022-12-07,2026-09-26,,,公开名录确认名称与所属地区；活动、餐饮、住宿和坐标尚未补充。
1002205,2205,public,遵义市赤水市天台镇凤凰村,贵州,遵义,name_prefix,Zun Yi Shi Chi Shui Shi Tian Tai Zhen Feng Huang Cun,2,https://sjfw.mct.gov.cn/site/dataservice/rural,2022-12-07,2026-09-26,,,公开名录确认名称与所属地区；活动、餐饮、住宿和坐标尚未补充。
1002204,2204,public,安顺市西秀区双堡镇大坝村,贵州,安顺,name_prefix,An Shun Shi Xi Xiu Qu Shuang Bao Zhen Da Ba Cun,2,https://sjfw.mct.gov.cn/site/dataservice/rural,2022-12-07,2026-09-26,,,公开名录确认名称与所属地区；活动、餐饮、住宿和坐标尚未补充。
1002203,2203,public,丽江市玉龙纳西族自治县拉市镇美泉村,云南,丽江,name_prefix,Li Jiang Shi Yu Long Na Xi Zu Zi Zhi Xian La Shi Zhen Mei Quan Cun,2,https://sjfw.mct.gov.cn/site/dataservice/rural,2022-12-07,2026-09-26,,,公开名录确认名称与所属地区；活动、餐饮、住宿和坐标尚未补充。
1002202,2202,public,红河哈尼族彝族自治州弥勒市西三镇可邑村,云南,红河哈尼族彝族自治州,name_prefix,Hong He Ha Ni Zu Yi Zu Zi Zhi Zhou Mi Le Shi Xi San Zhen Ke Yi Cun,2,https://sjfw.mct.gov.cn/site/dataservice/rural,2022-12-07,2026-09-26,,,公开名录确认名称与所属地区；活动、餐饮、住宿和坐标尚未补充。
1002201,2201,public,临沧市沧源佤族自治县勐角乡翁丁村,云南,临沧,name_prefix,Lin Cang Shi Cang Yuan Wa Zu Zi Zhi Xian Meng Jiao Xiang Weng Ding Cun,2,https://sjfw.mct.gov.cn/site/dataservice/rural,2022-12-07,2026-09-26,,,公开名录确认名称与所属地区；活动、餐饮、住宿和坐标尚未补充。
1002200,2200,public,保山市腾冲市清水乡中寨司莫拉佤族村,云南,保山,name_prefix,Bao Shan Shi Teng Chong Shi Qing Shui Xiang Zhong Zhai Si Mo La Wa Zu Cun,2,https://sjfw.mct.gov.cn/site/dataservice/rural,2022-12-07,2026-09-26,,,公开名录确认名称与所属地区；活动、餐饮、住宿和坐标尚未补充。
1002199,2199,public,昆明市石林彝族自治县圭山镇大糯黑村,云南,昆明,name_prefix,Kun Ming Shi Shi Lin Yi Zu Zi Zhi Xian Gui Shan Zhen Da Nuo Hei Cun,2,https://sjfw.mct.gov.cn/site/dataservice/rural,2022-12-07,2026-09-26,,,公开名录确认名称与所属地区；活动、餐饮、住宿和坐标尚未补充。
1002198,2198,public,丽江市玉龙纳西族自治县白沙镇玉湖村,云南,丽江,name_prefix,Li Jiang Shi Yu Long Na Xi Zu Zi Zhi Xian Bai Sha Zhen Yu Hu Cun,2,https://sjfw.mct.gov.cn/site/dataservice/rural,2022-12-07,2026-09-26,,,公开名录确认名称与所属地区；活动、餐饮、住宿和坐标尚未补充。
1002197,2197,public,保山市腾冲市固东镇江东社区,云南,保山,name_prefix,Bao Shan Shi Teng Chong Shi Gu Dong Zhen Jiang Dong She Qu,2,https://sjfw.mct.gov.cn/site/dataservice/rural,2022-12-07,2026-09-26,,,公开名录确认名称与所属地区；活动、餐饮、住宿和坐标尚未补充。
1002196,2196,public,西双版纳傣族自治州景洪市基诺乡巴亚村巴坡村,云南,西双版纳傣族自治州,name_prefix,Xi Shuang Ban Na Dai Zu Zi Zhi Zhou Jing Hong Shi Ji Nuo Xiang Ba Ya Cun Ba Po Cun,2,https://sjfw.mct.gov.cn/site/dataservice/rural,2022-12-07,2026-09-26,,,公开名录确认名称与所属地区；活动、餐饮、住宿和坐标尚未补充。
1002195,2195,public,昭通市彝良县小草坝镇小草坝村,云南,昭通,name_prefix,Zhao Tong Shi Yi Liang Xian Xiao Cao Ba Zhen Xiao Cao Ba Cun,2,https://sjfw.mct.gov.cn/site/dataservice/rural,2022-12-07,2026-09-26,,,公开名录确认名称与所属地区；活动、餐饮、住宿和坐标尚未补充。
1002194,2194,public,玉溪市澄江市右所镇小湾村,云南,玉溪,name_prefix,Yu Xi Shi Cheng Jiang Shi You Suo Zhen Xiao Wan Cun,2,https://sjfw.mct.gov.cn/site/dataservice/rural,2022-12-07,2026-09-26,,,公开名录确认名称与所属地区；活动、餐饮、住宿和坐标尚未补充。
1002193,2193,public,曲靖市师宗县五龙乡狗街村,云南,曲靖,name_prefix,Qu Jing Shi Shi Zong Xian Wu Long Xiang Gou Jie Cun,2,https://sjfw.mct.gov.cn/site/dataservice/rural,2022-12-07,2026-09-26,,,公开名录确认名称与所属地区；活动、餐饮、住宿和坐标尚未补充。
1002192,2192,public,大理白族自治州洱源县凤羽镇江登村佛堂村,云南,大理白族自治州,name_prefix,Da Li Bai Zu Zi Zhi Zhou Er Yuan Xian Feng Yu Zhen Jiang Deng Cun Fo Tang Cun,2,https://sjfw.mct.gov.cn/site/dataservice/rural,2022-12-07,2026-09-26,,,公开名录确认名称与所属地区；活动、餐饮、住宿和坐标尚未补充。
1002191,2191,public,楚雄彝族自治州南华县龙川镇岔河村,云南,楚雄彝族自治州,name_prefix,Chu Xiong Yi Zu Zi Zhi Zhou Nan Hua Xian Long Chuan Zhen Cha He Cun,2,https://sjfw.mct.gov.cn/site/dataservice/rural,2022-12-07,2026-09-26,,,公开名录确认名称与所属地区；活动、餐饮、住宿和坐标尚未补充。
1002190,2190,public,曲靖市会泽县娜姑镇白雾村,云南,曲靖,name_prefix,Qu Jing Shi Hui Ze Xian Na Gu Zhen Bai Wu Cun,2,https://sjfw.mct.gov.cn/site/dataservice/rural,2022-12-07,2026-09-26,,,公开名录确认名称与所属地区；活动、餐饮、住宿和坐标尚未补充。
1002189,2189,public,临沧市凤庆县凤山镇安石村,云南,临沧,name_prefix,Lin Cang Shi Feng Qing Xian Feng Shan Zhen An Shi Cun,2,https://sjfw.mct.gov.cn/site/dataservice/rural,2022-12-07,2026-09-26,,,公开名录确认名称与所属地区；活动、餐饮、住宿和坐标尚未补充。
1002188,2188,public,德宏傣族景颇族自治州芒市芒市镇回贤村,云南,德宏傣族景颇族自治州,name_prefix,De Hong Dai Zu Jing Po Zu Zi Zhi Zhou Mang Shi Mang Shi Zhen Hui Xian Cun,2,https://sjfw.mct.gov.cn/site/dataservice/rural,2022-12-07,2026-09-26,,,公开名录确认名称与所属地区；活动、餐饮、住宿和坐标尚未补充。
1002187,2187,public,红河哈尼族彝族自治州元阳县新街镇阿者科村,云南,红河哈尼族彝族自治州,name_prefix,Hong He Ha Ni Zu Yi Zu Zi Zhi Zhou Yuan Yang Xian Xin Jie Zhen A Zhe Ke Cun,2,https://sjfw.mct.gov.cn/site/dataservice/rural,2022-12-07,2026-09-26,,,公开名录确认名称与所属地区；活动、餐饮、住宿和坐标尚未补充。
1002186,2186,public,怒江傈僳族自治州贡山县丙中洛镇秋那桶村,云南,怒江傈僳族自治州,name_prefix,Nu Jiang Li Su Zu Zi Zhi Zhou Gong Shan Xian Bing Zhong Luo Zhen Qiu Na Tong Cun,2,https://sjfw.mct.gov.cn/site/dataservice/rural,2022-12-07,2026-09-26,,,公开名录确认名称与所属地区；活动、餐饮、住宿和坐标尚未补充。
1002185,2185,public,昆明市宜良县九乡彝族回族乡麦地冲村,云南,昆明,name_prefix,Kun Ming Shi Yi Liang Xian Jiu Xiang Yi Zu Hui Zu Xiang Mai Di Chong Cun,2,https://sjfw.mct.gov.cn/site/dataservice/rural,2022-12-07,2026-09-26,,,公开名录确认名称与所属地区；活动、餐饮、住宿和坐标尚未补充。
1002184,2184,public,普洱市澜沧拉祜族自治县酒井哈尼族乡勐根村老达保村,云南,普洱,name_prefix,Pu Er Shi Lan Cang La Hu Zu Zi Zhi Xian Jiu Jing Ha Ni Zu Xiang Meng Gen Cun Lao Da Bao Cun,2,https://sjfw.mct.gov.cn/site/dataservice/rural,2022-12-07,2026-09-26,,,公开名录确认名称与所属地区；活动、餐饮、住宿和坐标尚未补充。
1002183,2183,public,普洱市西盟佤族自治县勐卡镇马散村永俄寨,云南,普洱,name_prefix,Pu Er Shi Xi Meng Wa Zu Zi Zhi Xian Meng Ka Zhen Ma San Cun Yong E Zhai,2,https://sjfw.mct.gov.cn/site/dataservice/rural,2022-12-07,2026-09-26,,,公开名录确认名称与所属地区；活动、餐饮、住宿和坐标尚未补充。
1002182,2182,public,迪庆藏族自治州香格里拉市尼西乡汤堆村,云南,迪庆藏族自治州,name_prefix,Di Qing Zang Zu Zi Zhi Zhou Xiang Ge Li La Shi Ni Xi Xiang Tang Dui Cun,2,https://sjfw.mct.gov.cn/site/dataservice/rural,2022-12-07,2026-09-26,,,公开名录确认名称与所属地区；活动、餐饮、住宿和坐标尚未补充。
1002181,2181,public,迪庆藏族自治州维西傈僳族自治县塔城镇启别村,云南,迪庆藏族自治州,name_prefix,Di Qing Zang Zu Zi Zhi Zhou Wei Xi Li Su Zu Zi Zhi Xian Ta Cheng Zhen Qi Bie Cun,2,https://sjfw.mct.gov.cn/site/dataservice/rural,2022-12-07,2026-09-26,,,公开名录确认名称与所属地区；活动、餐饮、住宿和坐标尚未补充。
1002180,2180,public,拉萨市达孜区邦堆乡叶巴村,西藏,拉萨,name_prefix,La Sa Shi Da Zi Qu Bang Dui Xiang Ye Ba Cun,2,https://sjfw.mct.gov.cn/site/dataservice/rural,2022-12-07,2026-09-26,,,公开名录确认名称与所属地区；活动、餐饮、住宿和坐标尚未补充。
1002179,2179,public,拉萨市堆龙德庆区乃琼镇波玛村,西藏,拉萨,name_prefix,La Sa Shi Dui Long De Qing Qu Nai Qiong Zhen Bo Ma Cun,2,https://sjfw.mct.gov.cn/site/dataservice/rural,2022-12-07,2026-09-26,,,公开名录确认名称与所属地区；活动、餐饮、住宿和坐标尚未补充。
1002178,2178,public,林芝市巴宜区鲁朗镇东巴才村,西藏,林芝,name_prefix,Lin Zhi Shi Ba Yi Qu Lu Lang Zhen Dong Ba Cai Cun,2,https://sjfw.mct.gov.cn/site/dataservice/rural,2022-12-07,2026-09-26,,,公开名录确认名称与所属地区；活动、餐饮、住宿和坐标尚未补充。
1002177,2177,public,拉萨市尼木县吞巴乡吞达村,西藏,拉萨,name_prefix,La Sa Shi Ni Mu Xian Tun Ba Xiang Tun Da Cun,2,https://sjfw.mct.gov.cn/site/dataservice/rural,2022-12-07,2026-09-26,,,公开名录确认名称与所属地区；活动、餐饮、住宿和坐标尚未补充。
1002176,2176,public,林芝市工布江达县错高乡错高村,西藏,林芝,name_prefix,Lin Zhi Shi Gong Bu Jiang Da Xian Cuo Gao Xiang Cuo Gao Cun,2,https://sjfw.mct.gov.cn/site/dataservice/rural,2022-12-07,2026-09-26,,,公开名录确认名称与所属地区；活动、餐饮、住宿和坐标尚未补充。
1002175,2175,public,日喀则市亚东县康布乡上康布村,西藏,日喀则,name_prefix,Ri Ka Ze Shi Ya Dong Xian Kang Bu Xiang Shang Kang Bu Cun,2,https://sjfw.mct.gov.cn/site/dataservice/rural,2022-12-07,2026-09-26,,,公开名录确认名称与所属地区；活动、餐饮、住宿和坐标尚未补充。
1002174,2174,public,拉萨市城关区柳梧新区达东村,西藏,拉萨,name_prefix,La Sa Shi Cheng Guan Qu Liu Wu Xin Qu Da Dong Cun,2,https://sjfw.mct.gov.cn/site/dataservice/rural,2022-12-07,2026-09-26,,,公开名录确认名称与所属地区；活动、餐饮、住宿和坐标尚未补充。
1002173,2173,public,那曲市班戈县青龙乡东嘎村,西藏,那曲,name_prefix,Na Qu Shi Ban Ge Xian Qing Long Xiang Dong Ga Cun,2,https://sjfw.mct.gov.cn/site/dataservice/rural,2022-12-07,2026-09-26,,,公开名录确认名称与所属地区；活动、餐饮、住宿和坐标尚未补充。
1002172,2172,public,拉萨市城关区夺底乡维巴村,西藏,拉萨,name_prefix,La Sa Shi Cheng Guan Qu Duo Di Xiang Wei Ba Cun,2,https://sjfw.mct.gov.cn/site/dataservice/rural,2022-12-07,2026-09-26,,,公开名录确认名称与所属地区；活动、餐饮、住宿和坐标尚未补充。
1002171,2171,public,林芝市巴宜区林芝镇立定村,西藏,林芝,name_prefix,Lin Zhi Shi Ba Yi Qu Lin Zhi Zhen Li Ding Cun,2,https://sjfw.mct.gov.cn/site/dataservice/rural,2022-12-07,2026-09-26,,,公开名录确认名称与所属地区；活动、餐饮、住宿和坐标尚未补充。
1002170,2170,public,拉萨市曲水县曲水镇俊巴村,西藏,拉萨,name_prefix,La Sa Shi Qu Shui Xian Qu Shui Zhen Jun Ba Cun,2,https://sjfw.mct.gov.cn/site/dataservice/rural,2022-12-07,2026-09-26,,,公开名录确认名称与所属地区；活动、餐饮、住宿和坐标尚未补充。
1002169,2169,public,昌都市江达县同普乡夏乌村,西藏,昌都,name_prefix,Chang Du Shi Jiang Da Xian Tong Pu Xiang Xia Wu Cun,2,https://sjfw.mct.gov.cn/site/dataservice/rural,2022-12-07,2026-09-26,,,公开名录确认名称与所属地区；活动、餐饮、住宿和坐标尚未补充。
1002168,2168,public,拉萨市城关区娘热乡加尔西村,西藏,拉萨,name_prefix,La Sa Shi Cheng Guan Qu Niang Re Xiang Jia Er Xi Cun,2,https://sjfw.mct.gov.cn/site/dataservice/rural,2022-12-07,2026-09-26,,,公开名录确认名称与所属地区；活动、餐饮、住宿和坐标尚未补充。
1002167,2167,public,阿里地区普兰县普兰镇科迦村,西藏,阿里地区,name_prefix,A Li Di Qu Pu Lan Xian Pu Lan Zhen Ke Jia Cun,2,https://sjfw.mct.gov.cn/site/dataservice/rural,2022-12-07,2026-09-26,,,公开名录确认名称与所属地区；活动、餐饮、住宿和坐标尚未补充。
1002166,2166,public,山南市桑日县增期乡雪巴村,西藏,山南,name_prefix,Shan Nan Shi Sang Ri Xian Zeng Qi Xiang Xue Ba Cun,2,https://sjfw.mct.gov.cn/site/dataservice/rural,2022-12-07,2026-09-26,,,公开名录确认名称与所属地区；活动、餐饮、住宿和坐标尚未补充。
1002165,2165,public,日喀则市亚东县下亚东乡夏日村,西藏,日喀则,name_prefix,Ri Ka Ze Shi Ya Dong Xian Xia Ya Dong Xiang Xia Ri Cun,2,https://sjfw.mct.gov.cn/site/dataservice/rural,2022-12-07,2026-09-26,,,公开名录确认名称与所属地区；活动、餐饮、住宿和坐标尚未补充。
1002164,2164,public,昌都市芒康县纳西民族乡觉龙村,西藏,昌都,name_prefix,Chang Du Shi Mang Kang Xian Na Xi Min Zu Xiang Jue Long Cun,2,https://sjfw.mct.gov.cn/site/dataservice/rural,2022-12-07,2026-09-26,,,公开名录确认名称与所属地区；活动、餐饮、住宿和坐标尚未补充。
1002163,2163,public,阿里地区札达县托林镇扎布让村,西藏,阿里地区,name_prefix,A Li Di Qu Zha Da Xian Tuo Lin Zhen Zha Bu Rang Cun,2,https://sjfw.mct.gov.cn/site/dataservice/rural,2022-12-07,2026-09-26,,,公开名录确认名称与所属地区；活动、餐饮、住宿和坐标尚未补充。
1002162,2162,public,山南市错那县勒布乡勒村,西藏,山南,name_prefix,Shan Nan Shi Cuo Na Xian Lei Bu Xiang Lei Cun,2,https://sjfw.mct.gov.cn/site/dataservice/rural,2022-12-07,2026-09-26,,,公开名录确认名称与所属地区；活动、餐饮、住宿和坐标尚未补充。
1002161,2161,public,日喀则市仁布县切瓦乡嘎布久嘎村,西藏,日喀则,name_prefix,Ri Ka Ze Shi Ren Bu Xian Qie Wa Xiang Ga Bu Jiu Ga Cun,2,https://sjfw.mct.gov.cn/site/dataservice/rural,2022-12-07,2026-09-26,,,公开名录确认名称与所属地区；活动、餐饮、住宿和坐标尚未补充。
1002160,2160,public,山南市乃东区昌珠镇扎西曲登社区,西藏,山南,name_prefix,Shan Nan Shi Nai Dong Qu Chang Zhu Zhen Zha Xi Qu Deng She Qu,2,https://sjfw.mct.gov.cn/site/dataservice/rural,2022-12-07,2026-09-26,,,公开名录确认名称与所属地区；活动、餐饮、住宿和坐标尚未补充。
1002159,2159,public,西安市长安区王曲街道南堡寨村,陕西,西安,name_prefix,Xi An Shi Zhang An Qu Wang Qu Jie Dao Nan Bao Zhai Cun,2,https://sjfw.mct.gov.cn/site/dataservice/rural,2022-12-07,2026-09-26,,,公开名录确认名称与所属地区；活动、餐饮、住宿和坐标尚未补充。
1002158,2158,public,宝鸡市眉县汤峪镇汤峪村,陕西,宝鸡,name_prefix,Bao Ji Shi Mei Xian Tang Yu Zhen Tang Yu Cun,2,https://sjfw.mct.gov.cn/site/dataservice/rural,2022-12-07,2026-09-26,,,公开名录确认名称与所属地区；活动、餐饮、住宿和坐标尚未补充。
1002157,2157,public,延安市延川县文安驿镇梁家河村,陕西,延安,name_prefix,Yan An Shi Yan Chuan Xian Wen An Yi Zhen Liang Jia He Cun,2,https://sjfw.mct.gov.cn/site/dataservice/rural,2022-12-07,2026-09-26,,,公开名录确认名称与所属地区；活动、餐饮、住宿和坐标尚未补充。
1002156,2156,public,咸阳市泾阳县安吴镇龙源村,陕西,咸阳,name_prefix,Xian Yang Shi Jing Yang Xian An Wu Zhen Long Yuan Cun,2,https://sjfw.mct.gov.cn/site/dataservice/rural,2022-12-07,2026-09-26,,,公开名录确认名称与所属地区；活动、餐饮、住宿和坐标尚未补充。
1002155,2155,public,安康市石泉县后柳镇中坝村,陕西,安康,name_prefix,An Kang Shi Shi Quan Xian Hou Liu Zhen Zhong Ba Cun,2,https://sjfw.mct.gov.cn/site/dataservice/rural,2022-12-07,2026-09-26,,,公开名录确认名称与所属地区；活动、餐饮、住宿和坐标尚未补充。
1002154,2154,public,商洛市丹凤县棣花镇棣花社区,陕西,商洛,name_prefix,Shang Luo Shi Dan Feng Xian Di Hua Zhen Di Hua She Qu,2,https://sjfw.mct.gov.cn/site/dataservice/rural,2022-12-07,2026-09-26,,,公开名录确认名称与所属地区；活动、餐饮、住宿和坐标尚未补充。
1002153,2153,public,铜川市印台区金锁关镇何家坊村,陕西,铜川,name_prefix,Tong Chuan Shi Yin Tai Qu Jin Suo Guan Zhen He Jia Fang Cun,2,https://sjfw.mct.gov.cn/site/dataservice/rural,2022-12-07,2026-09-26,,,公开名录确认名称与所属地区；活动、餐饮、住宿和坐标尚未补充。
1002152,2152,public,渭南市潼关县太要镇秦王寨社区,陕西,渭南,name_prefix,Wei Nan Shi Tong Guan Xian Tai Yao Zhen Qin Wang Zhai She Qu,2,https://sjfw.mct.gov.cn/site/dataservice/rural,2022-12-07,2026-09-26,,,公开名录确认名称与所属地区；活动、餐饮、住宿和坐标尚未补充。
1002151,2151,public,渭南市临渭区桥南镇天刘村,陕西,渭南,name_prefix,Wei Nan Shi Lin Wei Qu Qiao Nan Zhen Tian Liu Cun,2,https://sjfw.mct.gov.cn/site/dataservice/rural,2022-12-07,2026-09-26,,,公开名录确认名称与所属地区；活动、餐饮、住宿和坐标尚未补充。
1002150,2150,public,咸阳市旬邑县张洪镇西头村,陕西,咸阳,name_prefix,Xian Yang Shi Xun Yi Xian Zhang Hong Zhen Xi Tou Cun,2,https://sjfw.mct.gov.cn/site/dataservice/rural,2022-12-07,2026-09-26,,,公开名录确认名称与所属地区；活动、餐饮、住宿和坐标尚未补充。
1002149,2149,public,汉中市佛坪县长角坝镇沙窝村,陕西,汉中,name_prefix,Han Zhong Shi Fu Ping Xian Zhang Jiao Ba Zhen Sha Wo Cun,2,https://sjfw.mct.gov.cn/site/dataservice/rural,2022-12-07,2026-09-26,,,公开名录确认名称与所属地区；活动、餐饮、住宿和坐标尚未补充。
1002148,2148,public,汉中市汉台区河东店镇花果村,陕西,汉中,name_prefix,Han Zhong Shi Han Tai Qu He Dong Dian Zhen Hua Guo Cun,2,https://sjfw.mct.gov.cn/site/dataservice/rural,2022-12-07,2026-09-26,,,公开名录确认名称与所属地区；活动、餐饮、住宿和坐标尚未补充。
1002147,2147,public,安康市宁陕县筒车湾镇七里村,陕西,安康,name_prefix,An Kang Shi Ning Shan Xian Tong Che Wan Zhen Qi Li Cun,2,https://sjfw.mct.gov.cn/site/dataservice/rural,2022-12-07,2026-09-26,,,公开名录确认名称与所属地区；活动、餐饮、住宿和坐标尚未补充。
1002146,2146,public,铜川市宜君县哭泉镇淌泥河村,陕西,铜川,name_prefix,Tong Chuan Shi Yi Jun Xian Ku Quan Zhen Tang Ni He Cun,2,https://sjfw.mct.gov.cn/site/dataservice/rural,2022-12-07,2026-09-26,,,公开名录确认名称与所属地区；活动、餐饮、住宿和坐标尚未补充。
1002145,2145,public,宝鸡市凤县红花铺镇永生村,陕西,宝鸡,name_prefix,Bao Ji Shi Feng Xian Hong Hua Pu Zhen Yong Sheng Cun,2,https://sjfw.mct.gov.cn/site/dataservice/rural,2022-12-07,2026-09-26,,,公开名录确认名称与所属地区；活动、餐饮、住宿和坐标尚未补充。
1002144,2144,public,渭南市华阴市孟塬镇司家村,陕西,渭南,name_prefix,Wei Nan Shi Hua Yin Shi Meng Yuan Zhen Si Jia Cun,2,https://sjfw.mct.gov.cn/site/dataservice/rural,2022-12-07,2026-09-26,,,公开名录确认名称与所属地区；活动、餐饮、住宿和坐标尚未补充。
1002143,2143,public,汉中市勉县勉阳街道天荡山社区,陕西,汉中,name_prefix,Han Zhong Shi Mian Xian Mian Yang Jie Dao Tian Dang Shan She Qu,2,https://sjfw.mct.gov.cn/site/dataservice/rural,2022-12-07,2026-09-26,,,公开名录确认名称与所属地区；活动、餐饮、住宿和坐标尚未补充。
1002142,2142,public,商洛市洛南县四皓街道南沟社区,陕西,商洛,name_prefix,Shang Luo Shi Luo Nan Xian Si Hao Jie Dao Nan Gou She Qu,2,https://sjfw.mct.gov.cn/site/dataservice/rural,2022-12-07,2026-09-26,,,公开名录确认名称与所属地区；活动、餐饮、住宿和坐标尚未补充。
1002141,2141,public,杨凌示范区杨陵区五泉镇王上村,陕西,陕西,province_fallback,Yang Ling Shi Fan Qu Yang Ling Qu Wu Quan Zhen Wang Shang Cun,2,https://sjfw.mct.gov.cn/site/dataservice/rural,2022-12-07,2026-09-26,,,公开名录确认名称与所属地区；活动、餐饮、住宿和坐标尚未补充。
1002140,2140,public,渭南市华阴市华山镇仙峪口村,陕西,渭南,name_prefix,Wei Nan Shi Hua Yin Shi Hua Shan Zhen Xian Yu Kou Cun,2,https://sjfw.mct.gov.cn/site/dataservice/rural,2022-12-07,2026-09-26,,,公开名录确认名称与所属地区；活动、餐饮、住宿和坐标尚未补充。
1002139,2139,public,榆林市绥德县满堂川镇郭家沟村,陕西,榆林,name_prefix,Yu Lin Shi Sui De Xian Man Tang Chuan Zhen Guo Jia Gou Cun,2,https://sjfw.mct.gov.cn/site/dataservice/rural,2022-12-07,2026-09-26,,,公开名录确认名称与所属地区；活动、餐饮、住宿和坐标尚未补充。
1002138,2138,public,韩城市板桥镇王村,陕西,韩城,name_prefix,Han Cheng Shi Ban Qiao Zhen Wang Cun,2,https://sjfw.mct.gov.cn/site/dataservice/rural,2022-12-07,2026-09-26,,,公开名录确认名称与所属地区；活动、餐饮、住宿和坐标尚未补充。
1002137,2137,public,商洛市柞水县小岭镇金米村,陕西,商洛,name_prefix,Shang Luo Shi Zha Shui Xian Xiao Ling Zhen Jin Mi Cun,2,https://sjfw.mct.gov.cn/site/dataservice/rural,2022-12-07,2026-09-26,,,公开名录确认名称与所属地区；活动、餐饮、住宿和坐标尚未补充。
1002136,2136,public,临夏回族自治州临夏市南龙镇马家庄村,甘肃,临夏回族自治州,name_prefix,Lin Xia Hui Zu Zi Zhi Zhou Lin Xia Shi Nan Long Zhen Ma Jia Zhuang Cun,2,https://sjfw.mct.gov.cn/site/dataservice/rural,2022-12-07,2026-09-26,,,公开名录确认名称与所属地区；活动、餐饮、住宿和坐标尚未补充。
1002135,2135,public,陇南市康县王坝镇何家庄村,甘肃,陇南,name_prefix,Long Nan Shi Kang Xian Wang Ba Zhen He Jia Zhuang Cun,2,https://sjfw.mct.gov.cn/site/dataservice/rural,2022-12-07,2026-09-26,,,公开名录确认名称与所属地区；活动、餐饮、住宿和坐标尚未补充。
1002134,2134,public,平凉市泾川县汭丰镇郑家沟村,甘肃,平凉,name_prefix,Ping Liang Shi Jing Chuan Xian Rui Feng Zhen Zheng Jia Gou Cun,2,https://sjfw.mct.gov.cn/site/dataservice/rural,2022-12-07,2026-09-26,,,公开名录确认名称与所属地区；活动、餐饮、住宿和坐标尚未补充。
1002133,2133,public,陇南市康县岸门口镇街道村（朱家沟）,甘肃,陇南,name_prefix,Long Nan Shi Kang Xian An Men Kou Zhen Jie Dao Cun （ Zhu Jia Gou ）,2,https://sjfw.mct.gov.cn/site/dataservice/rural,2022-12-07,2026-09-26,,,公开名录确认名称与所属地区；活动、餐饮、住宿和坐标尚未补充。
1002132,2132,public,兰州市皋兰县什川镇上车村,甘肃,兰州,name_prefix,Lan Zhou Shi Gao Lan Xian Shen Chuan Zhen Shang Che Cun,2,https://sjfw.mct.gov.cn/site/dataservice/rural,2022-12-07,2026-09-26,,,公开名录确认名称与所属地区；活动、餐饮、住宿和坐标尚未补充。
1002131,2131,public,张掖市肃南裕固族自治县康乐镇榆木庄村,甘肃,张掖,name_prefix,Zhang Ye Shi Su Nan Yu Gu Zu Zi Zhi Xian Kang Le Zhen Yu Mu Zhuang Cun,2,https://sjfw.mct.gov.cn/site/dataservice/rural,2022-12-07,2026-09-26,,,公开名录确认名称与所属地区；活动、餐饮、住宿和坐标尚未补充。
1002130,2130,public,临夏回族自治州临夏县北塬镇钱家村,甘肃,临夏回族自治州,name_prefix,Lin Xia Hui Zu Zi Zhi Zhou Lin Xia Xian Bei Yuan Zhen Qian Jia Cun,2,https://sjfw.mct.gov.cn/site/dataservice/rural,2022-12-07,2026-09-26,,,公开名录确认名称与所属地区；活动、餐饮、住宿和坐标尚未补充。
1002129,2129,public,敦煌市月牙泉镇杨家桥村,甘肃,敦煌,name_prefix,Dun Huang Shi Yue Ya Quan Zhen Yang Jia Qiao Cun,2,https://sjfw.mct.gov.cn/site/dataservice/rural,2022-12-07,2026-09-26,,,公开名录确认名称与所属地区；活动、餐饮、住宿和坐标尚未补充。
1002128,2128,public,张掖市甘州区长安镇前进村,甘肃,张掖,name_prefix,Zhang Ye Shi Gan Zhou Qu Chang An Zhen Qian Jin Cun,2,https://sjfw.mct.gov.cn/site/dataservice/rural,2022-12-07,2026-09-26,,,公开名录确认名称与所属地区；活动、餐饮、住宿和坐标尚未补充。
1002127,2127,public,酒泉市肃州区泉湖镇永久村,甘肃,酒泉,name_prefix,Jiu Quan Shi Su Zhou Qu Quan Hu Zhen Yong Jiu Cun,2,https://sjfw.mct.gov.cn/site/dataservice/rural,2022-12-07,2026-09-26,,,公开名录确认名称与所属地区；活动、餐饮、住宿和坐标尚未补充。
1002126,2126,public,天水市秦州区玉泉镇李官湾村,甘肃,天水,name_prefix,Tian Shui Shi Qin Zhou Qu Yu Quan Zhen Li Guan Wan Cun,2,https://sjfw.mct.gov.cn/site/dataservice/rural,2022-12-07,2026-09-26,,,公开名录确认名称与所属地区；活动、餐饮、住宿和坐标尚未补充。
1002125,2125,public,庆阳市宁县瓦斜乡永吉村,甘肃,庆阳,name_prefix,Qing Yang Shi Ning Xian Wa Xie Xiang Yong Ji Cun,2,https://sjfw.mct.gov.cn/site/dataservice/rural,2022-12-07,2026-09-26,,,公开名录确认名称与所属地区；活动、餐饮、住宿和坐标尚未补充。
1002124,2124,public,嘉峪关市峪泉镇黄草营村,甘肃,嘉峪关,name_prefix,Jia Yu Guan Shi Yu Quan Zhen Huang Cao Ying Cun,2,https://sjfw.mct.gov.cn/site/dataservice/rural,2022-12-07,2026-09-26,,,公开名录确认名称与所属地区；活动、餐饮、住宿和坐标尚未补充。
1002123,2123,public,甘南藏族自治州迭部县达拉乡高吉村,甘肃,甘南藏族自治州,name_prefix,Gan Nan Zang Zu Zi Zhi Zhou Die Bu Xian Da La Xiang Gao Ji Cun,2,https://sjfw.mct.gov.cn/site/dataservice/rural,2022-12-07,2026-09-26,,,公开名录确认名称与所属地区；活动、餐饮、住宿和坐标尚未补充。
1002122,2122,public,武威市天祝藏族自治县大红沟镇大红沟村,甘肃,武威,name_prefix,Wu Wei Shi Tian Zhu Zang Zu Zi Zhi Xian Da Hong Gou Zhen Da Hong Gou Cun,2,https://sjfw.mct.gov.cn/site/dataservice/rural,2022-12-07,2026-09-26,,,公开名录确认名称与所属地区；活动、餐饮、住宿和坐标尚未补充。
1002121,2121,public,金昌市金川区宁远堡镇龙景村,甘肃,金昌,name_prefix,Jin Chang Shi Jin Chuan Qu Ning Yuan Bao Zhen Long Jing Cun,2,https://sjfw.mct.gov.cn/site/dataservice/rural,2022-12-07,2026-09-26,,,公开名录确认名称与所属地区；活动、餐饮、住宿和坐标尚未补充。
1002120,2120,public,陇南市两当县杨店镇灵官村,甘肃,陇南,name_prefix,Long Nan Shi Liang Dang Xian Yang Dian Zhen Ling Guan Cun,2,https://sjfw.mct.gov.cn/site/dataservice/rural,2022-12-07,2026-09-26,,,公开名录确认名称与所属地区；活动、餐饮、住宿和坐标尚未补充。
1002119,2119,public,甘南藏族自治州迭部县电尕镇谢协村,甘肃,甘南藏族自治州,name_prefix,Gan Nan Zang Zu Zi Zhi Zhou Die Bu Xian Dian Ga Zhen Xie Xie Cun,2,https://sjfw.mct.gov.cn/site/dataservice/rural,2022-12-07,2026-09-26,,,公开名录确认名称与所属地区；活动、餐饮、住宿和坐标尚未补充。
1002118,2118,public,张掖市山丹县李桥乡高庙村,甘肃,张掖,name_prefix,Zhang Ye Shi Shan Dan Xian Li Qiao Xiang Gao Miao Cun,2,https://sjfw.mct.gov.cn/site/dataservice/rural,2022-12-07,2026-09-26,,,公开名录确认名称与所属地区；活动、餐饮、住宿和坐标尚未补充。
1002117,2117,public,白银市景泰县喜泉镇大水䃎村,甘肃,白银,name_prefix,Bai Yin Shi Jing Tai Xian Xi Quan Zhen Da Shui Zha Cun,2,https://sjfw.mct.gov.cn/site/dataservice/rural,2022-12-07,2026-09-26,,,公开名录确认名称与所属地区；活动、餐饮、住宿和坐标尚未补充。
1002116,2116,public,海东市民和回族土族自治县古鄯镇山庄村,青海,海东,name_prefix,Hai Dong Shi Min He Hui Zu Tu Zu Zi Zhi Xian Gu Shan Zhen Shan Zhuang Cun,2,https://sjfw.mct.gov.cn/site/dataservice/rural,2022-12-07,2026-09-26,,,公开名录确认名称与所属地区；活动、餐饮、住宿和坐标尚未补充。
1002115,2115,public,黄南藏族自治州尖扎县昂拉乡德吉村,青海,黄南藏族自治州,name_prefix,Huang Nan Zang Zu Zi Zhi Zhou Jian Zha Xian Ang La Xiang De Ji Cun,2,https://sjfw.mct.gov.cn/site/dataservice/rural,2022-12-07,2026-09-26,,,公开名录确认名称与所属地区；活动、餐饮、住宿和坐标尚未补充。
1002114,2114,public,西宁市湟源县和平乡小高陵村,青海,西宁,name_prefix,Xi Ning Shi Huang Yuan Xian He Ping Xiang Xiao Gao Ling Cun,2,https://sjfw.mct.gov.cn/site/dataservice/rural,2022-12-07,2026-09-26,,,公开名录确认名称与所属地区；活动、餐饮、住宿和坐标尚未补充。
1002113,2113,public,海北藏族自治州门源回族自治县仙米乡桥滩村,青海,海北藏族自治州,name_prefix,Hai Bei Zang Zu Zi Zhi Zhou Men Yuan Hui Zu Zi Zhi Xian Xian Mi Xiang Qiao Tan Cun,2,https://sjfw.mct.gov.cn/site/dataservice/rural,2022-12-07,2026-09-26,,,公开名录确认名称与所属地区；活动、餐饮、住宿和坐标尚未补充。
1002112,2112,public,海东市循化撒拉族自治县查汗都斯乡红光村,青海,海东,name_prefix,Hai Dong Shi Xun Hua Sa La Zu Zi Zhi Xian Cha Han Dou Si Xiang Hong Guang Cun,2,https://sjfw.mct.gov.cn/site/dataservice/rural,2022-12-07,2026-09-26,,,公开名录确认名称与所属地区；活动、餐饮、住宿和坐标尚未补充。
1002111,2111,public,海北藏族自治州门源回族自治县珠固乡东旭村,青海,海北藏族自治州,name_prefix,Hai Bei Zang Zu Zi Zhi Zhou Men Yuan Hui Zu Zi Zhi Xian Zhu Gu Xiang Dong Xu Cun,2,https://sjfw.mct.gov.cn/site/dataservice/rural,2022-12-07,2026-09-26,,,公开名录确认名称与所属地区；活动、餐饮、住宿和坐标尚未补充。
1002110,2110,public,西宁市湟中区拦隆口镇卡阳村,青海,西宁,name_prefix,Xi Ning Shi Huang Zhong Qu Lan Long Kou Zhen Ka Yang Cun,2,https://sjfw.mct.gov.cn/site/dataservice/rural,2022-12-07,2026-09-26,,,公开名录确认名称与所属地区；活动、餐饮、住宿和坐标尚未补充。
1002109,2109,public,海南藏族自治州贵德县尕让乡松巴村,青海,海南藏族自治州,name_prefix,Hai Nan Zang Zu Zi Zhi Zhou Gui De Xian Ga Rang Xiang Song Ba Cun,2,https://sjfw.mct.gov.cn/site/dataservice/rural,2022-12-07,2026-09-26,,,公开名录确认名称与所属地区；活动、餐饮、住宿和坐标尚未补充。
1002108,2108,public,西宁市湟中区李家山镇柳树庄村,青海,西宁,name_prefix,Xi Ning Shi Huang Zhong Qu Li Jia Shan Zhen Liu Shu Zhuang Cun,2,https://sjfw.mct.gov.cn/site/dataservice/rural,2022-12-07,2026-09-26,,,公开名录确认名称与所属地区；活动、餐饮、住宿和坐标尚未补充。
1002107,2107,public,海西蒙古族藏族自治州格尔木市郭勒木德镇红柳村,青海,海西蒙古族藏族自治州,name_prefix,Hai Xi Meng Gu Zu Zang Zu Zi Zhi Zhou Ge Er Mu Shi Guo Lei Mu De Zhen Hong Liu Cun,2,https://sjfw.mct.gov.cn/site/dataservice/rural,2022-12-07,2026-09-26,,,公开名录确认名称与所属地区；活动、餐饮、住宿和坐标尚未补充。
1002106,2106,public,海南藏族自治州贵德县河阴镇红柳滩村,青海,海南藏族自治州,name_prefix,Hai Nan Zang Zu Zi Zhi Zhou Gui De Xian He Yin Zhen Hong Liu Tan Cun,2,https://sjfw.mct.gov.cn/site/dataservice/rural,2022-12-07,2026-09-26,,,公开名录确认名称与所属地区；活动、餐饮、住宿和坐标尚未补充。
1002105,2105,public,海东市民和回族土族自治县官亭镇喇家村,青海,海东,name_prefix,Hai Dong Shi Min He Hui Zu Tu Zu Zi Zhi Xian Guan Ting Zhen La Jia Cun,2,https://sjfw.mct.gov.cn/site/dataservice/rural,2022-12-07,2026-09-26,,,公开名录确认名称与所属地区；活动、餐饮、住宿和坐标尚未补充。
1002104,2104,public,海南藏族自治州贵德县尕让乡二连村,青海,海南藏族自治州,name_prefix,Hai Nan Zang Zu Zi Zhi Zhou Gui De Xian Ga Rang Xiang Er Lian Cun,2,https://sjfw.mct.gov.cn/site/dataservice/rural,2022-12-07,2026-09-26,,,公开名录确认名称与所属地区；活动、餐饮、住宿和坐标尚未补充。
1002103,2103,public,黄南藏族自治州泽库县和日镇和日村,青海,黄南藏族自治州,name_prefix,Huang Nan Zang Zu Zi Zhi Zhou Ze Ku Xian He Ri Zhen He Ri Cun,2,https://sjfw.mct.gov.cn/site/dataservice/rural,2022-12-07,2026-09-26,,,公开名录确认名称与所属地区；活动、餐饮、住宿和坐标尚未补充。
1002102,2102,public,玉树藏族自治州治多县立新乡叶青村,青海,玉树藏族自治州,name_prefix,Yu Shu Zang Zu Zi Zhi Zhou Zhi Duo Xian Li Xin Xiang Ye Qing Cun,2,https://sjfw.mct.gov.cn/site/dataservice/rural,2022-12-07,2026-09-26,,,公开名录确认名称与所属地区；活动、餐饮、住宿和坐标尚未补充。
1002101,2101,public,海东市互助土族自治县南门峡镇磨儿沟村,青海,海东,name_prefix,Hai Dong Shi Hu Zhu Tu Zu Zi Zhi Xian Nan Men Xia Zhen Mo Er Gou Cun,2,https://sjfw.mct.gov.cn/site/dataservice/rural,2022-12-07,2026-09-26,,,公开名录确认名称与所属地区；活动、餐饮、住宿和坐标尚未补充。
1002100,2100,public,海北藏族自治州门源回族自治县东川镇麻当村,青海,海北藏族自治州,name_prefix,Hai Bei Zang Zu Zi Zhi Zhou Men Yuan Hui Zu Zi Zhi Xian Dong Chuan Zhen Ma Dang Cun,2,https://sjfw.mct.gov.cn/site/dataservice/rural,2022-12-07,2026-09-26,,,公开名录确认名称与所属地区；活动、餐饮、住宿和坐标尚未补充。
1002099,2099,public,海北藏族自治州祁连县八宝镇白杨沟村,青海,海北藏族自治州,name_prefix,Hai Bei Zang Zu Zi Zhi Zhou Qi Lian Xian Ba Bao Zhen Bai Yang Gou Cun,2,https://sjfw.mct.gov.cn/site/dataservice/rural,2022-12-07,2026-09-26,,,公开名录确认名称与所属地区；活动、餐饮、住宿和坐标尚未补充。
1002098,2098,public,海东市互助土族自治县五十镇班彦村,青海,海东,name_prefix,Hai Dong Shi Hu Zhu Tu Zu Zi Zhi Xian Wu Shi Zhen Ban Yan Cun,2,https://sjfw.mct.gov.cn/site/dataservice/rural,2022-12-07,2026-09-26,,,公开名录确认名称与所属地区；活动、餐饮、住宿和坐标尚未补充。
1002097,2097,public,西宁市湟源县申中乡前沟村,青海,西宁,name_prefix,Xi Ning Shi Huang Yuan Xian Shen Zhong Xiang Qian Gou Cun,2,https://sjfw.mct.gov.cn/site/dataservice/rural,2022-12-07,2026-09-26,,,公开名录确认名称与所属地区；活动、餐饮、住宿和坐标尚未补充。
1002096,2096,public,银川市西夏区镇北堡镇华西村,宁夏,银川,name_prefix,Yin Chuan Shi Xi Xia Qu Zhen Bei Bao Zhen Hua Xi Cun,2,https://sjfw.mct.gov.cn/site/dataservice/rural,2022-12-07,2026-09-26,,,公开名录确认名称与所属地区；活动、餐饮、住宿和坐标尚未补充。
1002095,2095,public,固原市泾源县泾河源镇冶家村,宁夏,固原,name_prefix,Gu Yuan Shi Jing Yuan Xian Jing He Yuan Zhen Ye Jia Cun,2,https://sjfw.mct.gov.cn/site/dataservice/rural,2022-12-07,2026-09-26,,,公开名录确认名称与所属地区；活动、餐饮、住宿和坐标尚未补充。
1002094,2094,public,银川市西夏区镇北堡镇昊苑村,宁夏,银川,name_prefix,Yin Chuan Shi Xi Xia Qu Zhen Bei Bao Zhen Hao Yuan Cun,2,https://sjfw.mct.gov.cn/site/dataservice/rural,2022-12-07,2026-09-26,,,公开名录确认名称与所属地区；活动、餐饮、住宿和坐标尚未补充。
1002093,2093,public,固原市隆德县温堡乡新庄村,宁夏,固原,name_prefix,Gu Yuan Shi Long De Xian Wen Bao Xiang Xin Zhuang Cun,2,https://sjfw.mct.gov.cn/site/dataservice/rural,2022-12-07,2026-09-26,,,公开名录确认名称与所属地区；活动、餐饮、住宿和坐标尚未补充。
1002092,2092,public,吴忠市青铜峡市叶盛镇地三村,宁夏,吴忠,name_prefix,Wu Zhong Shi Qing Tong Xia Shi Ye Sheng Zhen Di San Cun,2,https://sjfw.mct.gov.cn/site/dataservice/rural,2022-12-07,2026-09-26,,,公开名录确认名称与所属地区；活动、餐饮、住宿和坐标尚未补充。
1002091,2091,public,银川市贺兰县常信乡四十里店村,宁夏,银川,name_prefix,Yin Chuan Shi He Lan Xian Chang Xin Xiang Si Shi Li Dian Cun,2,https://sjfw.mct.gov.cn/site/dataservice/rural,2022-12-07,2026-09-26,,,公开名录确认名称与所属地区；活动、餐饮、住宿和坐标尚未补充。
1002090,2090,public,固原市隆德县神林乡辛平村,宁夏,固原,name_prefix,Gu Yuan Shi Long De Xian Shen Lin Xiang Xin Ping Cun,2,https://sjfw.mct.gov.cn/site/dataservice/rural,2022-12-07,2026-09-26,,,公开名录确认名称与所属地区；活动、餐饮、住宿和坐标尚未补充。
1002089,2089,public,吴忠市利通区东塔寺乡石佛寺村,宁夏,吴忠,name_prefix,Wu Zhong Shi Li Tong Qu Dong Ta Si Xiang Shi Fo Si Cun,2,https://sjfw.mct.gov.cn/site/dataservice/rural,2022-12-07,2026-09-26,,,公开名录确认名称与所属地区；活动、餐饮、住宿和坐标尚未补充。
1002088,2088,public,中卫市中宁县石空镇倪丁村,宁夏,中卫,name_prefix,Zhong Wei Shi Zhong Ning Xian Shi Kong Zhen Ni Ding Cun,2,https://sjfw.mct.gov.cn/site/dataservice/rural,2022-12-07,2026-09-26,,,公开名录确认名称与所属地区；活动、餐饮、住宿和坐标尚未补充。
1002087,2087,public,固原市西吉县将台堡镇毛沟村,宁夏,固原,name_prefix,Gu Yuan Shi Xi Ji Xian Jiang Tai Bao Zhen Mao Gou Cun,2,https://sjfw.mct.gov.cn/site/dataservice/rural,2022-12-07,2026-09-26,,,公开名录确认名称与所属地区；活动、餐饮、住宿和坐标尚未补充。
1002086,2086,public,固原市泾源县大湾乡杨岭村,宁夏,固原,name_prefix,Gu Yuan Shi Jing Yuan Xian Da Wan Xiang Yang Ling Cun,2,https://sjfw.mct.gov.cn/site/dataservice/rural,2022-12-07,2026-09-26,,,公开名录确认名称与所属地区；活动、餐饮、住宿和坐标尚未补充。
1002085,2085,public,石嘴山市惠农区礼和乡银河村,宁夏,石嘴山,name_prefix,Shi Zui Shan Shi Hui Nong Qu Li He Xiang Yin He Cun,2,https://sjfw.mct.gov.cn/site/dataservice/rural,2022-12-07,2026-09-26,,,公开名录确认名称与所属地区；活动、餐饮、住宿和坐标尚未补充。
1002084,2084,public,石嘴山市惠农区红果子镇马家湾村,宁夏,石嘴山,name_prefix,Shi Zui Shan Shi Hui Nong Qu Hong Guo Zi Zhen Ma Jia Wan Cun,2,https://sjfw.mct.gov.cn/site/dataservice/rural,2022-12-07,2026-09-26,,,公开名录确认名称与所属地区；活动、餐饮、住宿和坐标尚未补充。
1002083,2083,public,固原市彭阳县城阳乡杨坪村,宁夏,固原,name_prefix,Gu Yuan Shi Peng Yang Xian Cheng Yang Xiang Yang Ping Cun,2,https://sjfw.mct.gov.cn/site/dataservice/rural,2022-12-07,2026-09-26,,,公开名录确认名称与所属地区；活动、餐饮、住宿和坐标尚未补充。
1002082,2082,public,固原市原州区河川乡寨洼村,宁夏,固原,name_prefix,Gu Yuan Shi Yuan Zhou Qu He Chuan Xiang Zhai Wa Cun,2,https://sjfw.mct.gov.cn/site/dataservice/rural,2022-12-07,2026-09-26,,,公开名录确认名称与所属地区；活动、餐饮、住宿和坐标尚未补充。
1002081,2081,public,吴忠市盐池县花马池镇曹泥洼村,宁夏,吴忠,name_prefix,Wu Zhong Shi Yan Chi Xian Hua Ma Chi Zhen Cao Ni Wa Cun,2,https://sjfw.mct.gov.cn/site/dataservice/rural,2022-12-07,2026-09-26,,,公开名录确认名称与所属地区；活动、餐饮、住宿和坐标尚未补充。
1002080,2080,public,中卫市中宁县石空镇太平村,宁夏,中卫,name_prefix,Zhong Wei Shi Zhong Ning Xian Shi Kong Zhen Tai Ping Cun,2,https://sjfw.mct.gov.cn/site/dataservice/rural,2022-12-07,2026-09-26,,,公开名录确认名称与所属地区；活动、餐饮、住宿和坐标尚未补充。
1002079,2079,public,固原市隆德县观庄乡前庄村,宁夏,固原,name_prefix,Gu Yuan Shi Long De Xian Guan Zhuang Xiang Qian Zhuang Cun,2,https://sjfw.mct.gov.cn/site/dataservice/rural,2022-12-07,2026-09-26,,,公开名录确认名称与所属地区；活动、餐饮、住宿和坐标尚未补充。
1002078,2078,public,石嘴山市平罗县黄渠桥镇黄渠桥村,宁夏,石嘴山,name_prefix,Shi Zui Shan Shi Ping Luo Xian Huang Qu Qiao Zhen Huang Qu Qiao Cun,2,https://sjfw.mct.gov.cn/site/dataservice/rural,2022-12-07,2026-09-26,,,公开名录确认名称与所属地区；活动、餐饮、住宿和坐标尚未补充。
1002077,2077,public,中卫市沙坡头区迎水桥镇北长滩村,宁夏,中卫,name_prefix,Zhong Wei Shi Sha Po Tou Qu Ying Shui Qiao Zhen Bei Zhang Tan Cun,2,https://sjfw.mct.gov.cn/site/dataservice/rural,2022-12-07,2026-09-26,,,公开名录确认名称与所属地区；活动、餐饮、住宿和坐标尚未补充。
1002076,2076,public,阿勒泰地区喀纳斯景区禾木哈纳斯蒙古族乡哈纳斯村,新疆,阿勒泰地区,name_prefix,A Lei Tai Di Qu Ka Na Si Jing Qu He Mu Ha Na Si Meng Gu Zu Xiang Ha Na Si Cun,2,https://sjfw.mct.gov.cn/site/dataservice/rural,2022-12-07,2026-09-26,,,公开名录确认名称与所属地区；活动、餐饮、住宿和坐标尚未补充。
1002075,2075,public,伊犁哈萨克自治州新源县那拉提镇阿尔善村,新疆,伊犁哈萨克自治州,name_prefix,Yi Li Ha Sa Ke Zi Zhi Zhou Xin Yuan Xian Na La Ti Zhen A Er Shan Cun,2,https://sjfw.mct.gov.cn/site/dataservice/rural,2022-12-07,2026-09-26,,,公开名录确认名称与所属地区；活动、餐饮、住宿和坐标尚未补充。
1002074,2074,public,巴音郭楞蒙古自治州和静县巴音布鲁克镇巴西里格村,新疆,巴音郭楞蒙古自治州,name_prefix,Ba Yin Guo Leng Meng Gu Zi Zhi Zhou He Jing Xian Ba Yin Bu Lu Ke Zhen Ba Xi Li Ge Cun,2,https://sjfw.mct.gov.cn/site/dataservice/rural,2022-12-07,2026-09-26,,,公开名录确认名称与所属地区；活动、餐饮、住宿和坐标尚未补充。
1002073,2073,public,昌吉回族自治州木垒哈萨克自治县英格堡乡月亮地村,新疆,昌吉回族自治州,name_prefix,Chang Ji Hui Zu Zi Zhi Zhou Mu Lei Ha Sa Ke Zi Zhi Xian Ying Ge Bao Xiang Yue Liang Di Cun,2,https://sjfw.mct.gov.cn/site/dataservice/rural,2022-12-07,2026-09-26,,,公开名录确认名称与所属地区；活动、餐饮、住宿和坐标尚未补充。
1002072,2072,public,阿克苏地区新和县依其艾日克镇加依村,新疆,阿克苏地区,name_prefix,A Ke Su Di Qu Xin He Xian Yi Qi Ai Ri Ke Zhen Jia Yi Cun,2,https://sjfw.mct.gov.cn/site/dataservice/rural,2022-12-07,2026-09-26,,,公开名录确认名称与所属地区；活动、餐饮、住宿和坐标尚未补充。
1002071,2071,public,伊犁哈萨克自治州霍城县芦草沟镇四宫村,新疆,伊犁哈萨克自治州,name_prefix,Yi Li Ha Sa Ke Zi Zhi Zhou Huo Cheng Xian Lu Cao Gou Zhen Si Gong Cun,2,https://sjfw.mct.gov.cn/site/dataservice/rural,2022-12-07,2026-09-26,,,公开名录确认名称与所属地区；活动、餐饮、住宿和坐标尚未补充。
1002070,2070,public,和田地区洛浦县恰尔巴格乡阔恰艾日克村,新疆,和田地区,name_prefix,He Tian Di Qu Luo Pu Xian Qia Er Ba Ge Xiang Kuo Qia Ai Ri Ke Cun,2,https://sjfw.mct.gov.cn/site/dataservice/rural,2022-12-07,2026-09-26,,,公开名录确认名称与所属地区；活动、餐饮、住宿和坐标尚未补充。
1002069,2069,public,克孜勒苏柯尔克孜自治州阿克陶县奥依塔克镇奥依塔克村,新疆,克孜勒苏柯尔克孜自治州,name_prefix,Ke Zi Lei Su Ke Er Ke Zi Zi Zhi Zhou A Ke Tao Xian Ao Yi Ta Ke Zhen Ao Yi Ta Ke Cun,2,https://sjfw.mct.gov.cn/site/dataservice/rural,2022-12-07,2026-09-26,,,公开名录确认名称与所属地区；活动、餐饮、住宿和坐标尚未补充。
1002068,2068,public,巴音郭楞蒙古自治州尉犁县兴平镇达西村,新疆,巴音郭楞蒙古自治州,name_prefix,Ba Yin Guo Leng Meng Gu Zi Zhi Zhou Yu Li Xian Xing Ping Zhen Da Xi Cun,2,https://sjfw.mct.gov.cn/site/dataservice/rural,2022-12-07,2026-09-26,,,公开名录确认名称与所属地区；活动、餐饮、住宿和坐标尚未补充。
1002067,2067,public,喀什地区泽普县国营林场长寿村,新疆,喀什地区,name_prefix,Ka Shi Di Qu Ze Pu Xian Guo Ying Lin Chang Chang Shou Cun,2,https://sjfw.mct.gov.cn/site/dataservice/rural,2022-12-07,2026-09-26,,,公开名录确认名称与所属地区；活动、餐饮、住宿和坐标尚未补充。
1002066,2066,public,阿克苏地区温宿县柯柯牙镇塔格拉克村,新疆,阿克苏地区,name_prefix,A Ke Su Di Qu Wen Su Xian Ke Ke Ya Zhen Ta Ge La Ke Cun,2,https://sjfw.mct.gov.cn/site/dataservice/rural,2022-12-07,2026-09-26,,,公开名录确认名称与所属地区；活动、餐饮、住宿和坐标尚未补充。
1002065,2065,public,阿勒泰地区富蕴县可可托海镇塔拉特村,新疆,阿勒泰地区,name_prefix,A Lei Tai Di Qu Fu Yun Xian Ke Ke Tuo Hai Zhen Ta La Te Cun,2,https://sjfw.mct.gov.cn/site/dataservice/rural,2022-12-07,2026-09-26,,,公开名录确认名称与所属地区；活动、餐饮、住宿和坐标尚未补充。
1002064,2064,public,和田地区于田县达里雅布依乡达里雅布依村,新疆,和田地区,name_prefix,He Tian Di Qu Yu Tian Xian Da Li Ya Bu Yi Xiang Da Li Ya Bu Yi Cun,2,https://sjfw.mct.gov.cn/site/dataservice/rural,2022-12-07,2026-09-26,,,公开名录确认名称与所属地区；活动、餐饮、住宿和坐标尚未补充。
1002063,2063,public,阿克苏地区拜城县康其乡阿热勒村,新疆,阿克苏地区,name_prefix,A Ke Su Di Qu Bai Cheng Xian Kang Qi Xiang A Re Lei Cun,2,https://sjfw.mct.gov.cn/site/dataservice/rural,2022-12-07,2026-09-26,,,公开名录确认名称与所属地区；活动、餐饮、住宿和坐标尚未补充。
1002062,2062,public,昌吉回族自治州阜康市城关镇山坡中心村,新疆,昌吉回族自治州,name_prefix,Chang Ji Hui Zu Zi Zhi Zhou Fu Kang Shi Cheng Guan Zhen Shan Po Zhong Xin Cun,2,https://sjfw.mct.gov.cn/site/dataservice/rural,2022-12-07,2026-09-26,,,公开名录确认名称与所属地区；活动、餐饮、住宿和坐标尚未补充。
1002061,2061,public,巴音郭楞蒙古自治州博湖县乌兰再格森乡乌图阿热勒村,新疆,巴音郭楞蒙古自治州,name_prefix,Ba Yin Guo Leng Meng Gu Zi Zhi Zhou Bo Hu Xian Wu Lan Zai Ge Sen Xiang Wu Tu A Re Lei Cun,2,https://sjfw.mct.gov.cn/site/dataservice/rural,2022-12-07,2026-09-26,,,公开名录确认名称与所属地区；活动、餐饮、住宿和坐标尚未补充。
1002060,2060,public,巴音郭楞蒙古自治州博湖县才坎诺尔乡拉罕诺尔村,新疆,巴音郭楞蒙古自治州,name_prefix,Ba Yin Guo Leng Meng Gu Zi Zhi Zhou Bo Hu Xian Cai Kan Nuo Er Xiang La Han Nuo Er Cun,2,https://sjfw.mct.gov.cn/site/dataservice/rural,2022-12-07,2026-09-26,,,公开名录确认名称与所属地区；活动、餐饮、住宿和坐标尚未补充。
1002059,2059,public,喀什地区岳普湖县岳普湖乡喀拉玉吉买村,新疆,喀什地区,name_prefix,Ka Shi Di Qu Yue Pu Hu Xian Yue Pu Hu Xiang Ka La Yu Ji Mai Cun,2,https://sjfw.mct.gov.cn/site/dataservice/rural,2022-12-07,2026-09-26,,,公开名录确认名称与所属地区；活动、餐饮、住宿和坐标尚未补充。
1002058,2058,public,和田地区和田市吉亚乡阔恰村,新疆,和田地区,name_prefix,He Tian Di Qu He Tian Shi Ji Ya Xiang Kuo Qia Cun,2,https://sjfw.mct.gov.cn/site/dataservice/rural,2022-12-07,2026-09-26,,,公开名录确认名称与所属地区；活动、餐饮、住宿和坐标尚未补充。
1002057,2057,public,伊犁哈萨克自治州昭苏县昭苏镇吐格勒勤布拉克村,新疆,伊犁哈萨克自治州,name_prefix,Yi Li Ha Sa Ke Zi Zhi Zhou Zhao Su Xian Zhao Su Zhen Tu Ge Lei Qin Bu La Ke Cun,2,https://sjfw.mct.gov.cn/site/dataservice/rural,2022-12-07,2026-09-26,,,公开名录确认名称与所属地区；活动、餐饮、住宿和坐标尚未补充。
1002056,2056,public,喀什地区莎车县米夏镇夏玛勒巴格村,新疆,喀什地区,name_prefix,Ka Shi Di Qu Sha Che Xian Mi Xia Zhen Xia Ma Lei Ba Ge Cun,2,https://sjfw.mct.gov.cn/site/dataservice/rural,2022-12-07,2026-09-26,,,公开名录确认名称与所属地区；活动、餐饮、住宿和坐标尚未补充。
1002055,2055,public,昌吉回族自治州吉木萨尔县北庭镇古城村,新疆,昌吉回族自治州,name_prefix,Chang Ji Hui Zu Zi Zhi Zhou Ji Mu Sa Er Xian Bei Ting Zhen Gu Cheng Cun,2,https://sjfw.mct.gov.cn/site/dataservice/rural,2022-12-07,2026-09-26,,,公开名录确认名称与所属地区；活动、餐饮、住宿和坐标尚未补充。
1002054,2054,public,博尔塔拉蒙古自治州温泉县扎勒木特乡博格达尔村,新疆,博尔塔拉蒙古自治州,name_prefix,Bo Er Ta La Meng Gu Zi Zhi Zhou Wen Quan Xian Zha Lei Mu Te Xiang Bo Ge Da Er Cun,2,https://sjfw.mct.gov.cn/site/dataservice/rural,2022-12-07,2026-09-26,,,公开名录确认名称与所属地区；活动、餐饮、住宿和坐标尚未补充。
1002053,2053,public,喀什地区喀什市帕哈太克里乡尤喀尔克喀库拉村,新疆,喀什地区,name_prefix,Ka Shi Di Qu Ka Shi Shi Pa Ha Tai Ke Li Xiang You Ka Er Ke Ka Ku La Cun,2,https://sjfw.mct.gov.cn/site/dataservice/rural,2022-12-07,2026-09-26,,,公开名录确认名称与所属地区；活动、餐饮、住宿和坐标尚未补充。
1002052,2052,public,第十二师西山农牧场2连（烽火台小镇）,新疆,新疆,province_fallback,Di Shi Er Shi Xi Shan Nong Mu Chang 2 Lian （ Feng Huo Tai Xiao Zhen ）,2,https://sjfw.mct.gov.cn/site/dataservice/rural,2022-12-07,2026-09-26,,,公开名录确认名称与所属地区；活动、餐饮、住宿和坐标尚未补充。
1002051,2051,public,第十师北屯市185团2连,新疆,第十师北屯,name_prefix,Di Shi Shi Bei Tun Shi 185 Tuan 2 Lian,2,https://sjfw.mct.gov.cn/site/dataservice/rural,2022-12-07,2026-09-26,,,公开名录确认名称与所属地区；活动、餐饮、住宿和坐标尚未补充。
1002050,2050,public,第十师北屯市185团1连,新疆,第十师北屯,name_prefix,Di Shi Shi Bei Tun Shi 185 Tuan 1 Lian,2,https://sjfw.mct.gov.cn/site/dataservice/rural,2022-12-07,2026-09-26,,,公开名录确认名称与所属地区；活动、餐饮、住宿和坐标尚未补充。
1002049,2049,public,第十二师头屯河农场3连,新疆,新疆,province_fallback,Di Shi Er Shi Tou Tun He Nong Chang 3 Lian,2,https://sjfw.mct.gov.cn/site/dataservice/rural,2022-12-07,2026-09-26,,,公开名录确认名称与所属地区；活动、餐饮、住宿和坐标尚未补充。
1002048,2048,public,第一师阿拉尔市10团5连,新疆,第一师阿拉尔,name_prefix,Di Yi Shi A La Er Shi 10 Tuan 5 Lian,2,https://sjfw.mct.gov.cn/site/dataservice/rural,2022-12-07,2026-09-26,,,公开名录确认名称与所属地区；活动、餐饮、住宿和坐标尚未补充。
1002047,2047,public,第八师石河子市121团7连,新疆,第八师石河子,name_prefix,Di Ba Shi Shi He Zi Shi 121 Tuan 7 Lian,2,https://sjfw.mct.gov.cn/site/dataservice/rural,2022-12-07,2026-09-26,,,公开名录确认名称与所属地区；活动、餐饮、住宿和坐标尚未补充。
1002046,2046,public,第九师161团6连,新疆,新疆,province_fallback,Di Jiu Shi 161 Tuan 6 Lian,2,https://sjfw.mct.gov.cn/site/dataservice/rural,2022-12-07,2026-09-26,,,公开名录确认名称与所属地区；活动、餐饮、住宿和坐标尚未补充。
1002045,2045,public,第四师可克达拉市76团1连,新疆,第四师可克达拉,name_prefix,Di Si Shi Ke Ke Da La Shi 76 Tuan 1 Lian,2,https://sjfw.mct.gov.cn/site/dataservice/rural,2022-12-07,2026-09-26,,,公开名录确认名称与所属地区；活动、餐饮、住宿和坐标尚未补充。
1002044,2044,public,第九师165团4连,新疆,新疆,province_fallback,Di Jiu Shi 165 Tuan 4 Lian,2,https://sjfw.mct.gov.cn/site/dataservice/rural,2022-12-07,2026-09-26,,,公开名录确认名称与所属地区；活动、餐饮、住宿和坐标尚未补充。
1002043,2043,public,第五师双河市83团1连,新疆,第五师双河,name_prefix,Di Wu Shi Shuang He Shi 83 Tuan 1 Lian,2,https://sjfw.mct.gov.cn/site/dataservice/rural,2022-12-07,2026-09-26,,,公开名录确认名称与所属地区；活动、餐饮、住宿和坐标尚未补充。
1002042,2042,public,第四师可克达拉市71团7连,新疆,第四师可克达拉,name_prefix,Di Si Shi Ke Ke Da La Shi 71 Tuan 7 Lian,2,https://sjfw.mct.gov.cn/site/dataservice/rural,2022-12-07,2026-09-26,,,公开名录确认名称与所属地区；活动、餐饮、住宿和坐标尚未补充。
1002041,2041,public,第十三师红星一场3连,新疆,新疆,province_fallback,Di Shi San Shi Hong Xing Yi Chang 3 Lian,2,https://sjfw.mct.gov.cn/site/dataservice/rural,2022-12-07,2026-09-26,,,公开名录确认名称与所属地区；活动、餐饮、住宿和坐标尚未补充。
1002040,2040,public,第十师北屯市188团4连,新疆,第十师北屯,name_prefix,Di Shi Shi Bei Tun Shi 188 Tuan 4 Lian,2,https://sjfw.mct.gov.cn/site/dataservice/rural,2022-12-07,2026-09-26,,,公开名录确认名称与所属地区；活动、餐饮、住宿和坐标尚未补充。
1002039,2039,public,第五师双河市86团22连,新疆,第五师双河,name_prefix,Di Wu Shi Shuang He Shi 86 Tuan 22 Lian,2,https://sjfw.mct.gov.cn/site/dataservice/rural,2022-12-07,2026-09-26,,,公开名录确认名称与所属地区；活动、餐饮、住宿和坐标尚未补充。
1002038,2038,public,第十三师红星二场3连,新疆,新疆,province_fallback,Di Shi San Shi Hong Xing Er Chang 3 Lian,2,https://sjfw.mct.gov.cn/site/dataservice/rural,2022-12-07,2026-09-26,,,公开名录确认名称与所属地区；活动、餐饮、住宿和坐标尚未补充。
1002037,2037,public,第四师可克达拉市62团3连,新疆,第四师可克达拉,name_prefix,Di Si Shi Ke Ke Da La Shi 62 Tuan 3 Lian,2,https://sjfw.mct.gov.cn/site/dataservice/rural,2022-12-07,2026-09-26,,,公开名录确认名称与所属地区；活动、餐饮、住宿和坐标尚未补充。
1002036,2036,public,第十二师104团畜牧连,新疆,新疆,province_fallback,Di Shi Er Shi 104 Tuan Xu Mu Lian,2,https://sjfw.mct.gov.cn/site/dataservice/rural,2022-12-07,2026-09-26,,,公开名录确认名称与所属地区；活动、餐饮、住宿和坐标尚未补充。
1002035,2035,public,北京市密云区古北口镇司马台村,北京,北京,municipality,Bei Jing Shi Mi Yun Qu Gu Bei Kou Zhen Si Ma Tai Cun,3,https://sjfw.mct.gov.cn/site/dataservice/rural,2022-12-07,2026-09-26,,,公开名录确认名称与所属地区；活动、餐饮、住宿和坐标尚未补充。
1002034,2034,public,北京市延庆区旧县镇盆窑村,北京,北京,municipality,Bei Jing Shi Yan Qing Qu Jiu Xian Zhen Pen Yao Cun,3,https://sjfw.mct.gov.cn/site/dataservice/rural,2022-12-07,2026-09-26,,,公开名录确认名称与所属地区；活动、餐饮、住宿和坐标尚未补充。
1002033,2033,public,北京市平谷区金海湖镇将军关村,北京,北京,municipality,Bei Jing Shi Ping Gu Qu Jin Hai Hu Zhen Jiang Jun Guan Cun,3,https://sjfw.mct.gov.cn/site/dataservice/rural,2022-12-07,2026-09-26,,,公开名录确认名称与所属地区；活动、餐饮、住宿和坐标尚未补充。
1002032,2032,public,北京市房山区大石窝镇王家磨村,北京,北京,municipality,Bei Jing Shi Fang Shan Qu Da Shi Wo Zhen Wang Jia Mo Cun,3,https://sjfw.mct.gov.cn/site/dataservice/rural,2022-12-07,2026-09-26,,,公开名录确认名称与所属地区；活动、餐饮、住宿和坐标尚未补充。
1002031,2031,public,北京市门头沟区清水镇洪水口村,北京,北京,municipality,Bei Jing Shi Men Tou Gou Qu Qing Shui Zhen Hong Shui Kou Cun,3,https://sjfw.mct.gov.cn/site/dataservice/rural,2022-12-07,2026-09-26,,,公开名录确认名称与所属地区；活动、餐饮、住宿和坐标尚未补充。
1002030,2030,public,北京市怀柔区汤河口镇庄户沟门村,北京,北京,municipality,Bei Jing Shi Huai Rou Qu Tang He Kou Zhen Zhuang Hu Gou Men Cun,3,https://sjfw.mct.gov.cn/site/dataservice/rural,2022-12-07,2026-09-26,,,公开名录确认名称与所属地区；活动、餐饮、住宿和坐标尚未补充。
1002029,2029,public,天津市蓟州区穿芳峪镇东水厂村,天津,天津,municipality,Tian Jin Shi Ji Zhou Qu Chuan Fang Yu Zhen Dong Shui Chang Cun,3,https://sjfw.mct.gov.cn/site/dataservice/rural,2022-12-07,2026-09-26,,,公开名录确认名称与所属地区；活动、餐饮、住宿和坐标尚未补充。
1002028,2028,public,天津市蓟州区下营镇前干涧村,天津,天津,municipality,Tian Jin Shi Ji Zhou Qu Xia Ying Zhen Qian Gan Jian Cun,3,https://sjfw.mct.gov.cn/site/dataservice/rural,2022-12-07,2026-09-26,,,公开名录确认名称与所属地区；活动、餐饮、住宿和坐标尚未补充。
1002027,2027,public,天津市津南区北闸口镇前进村,天津,天津,municipality,Tian Jin Shi Jin Nan Qu Bei Zha Kou Zhen Qian Jin Cun,3,https://sjfw.mct.gov.cn/site/dataservice/rural,2022-12-07,2026-09-26,,,公开名录确认名称与所属地区；活动、餐饮、住宿和坐标尚未补充。
1002026,2026,public,天津市北辰区青光镇韩家墅村,天津,天津,municipality,Tian Jin Shi Bei Chen Qu Qing Guang Zhen Han Jia Shu Cun,3,https://sjfw.mct.gov.cn/site/dataservice/rural,2022-12-07,2026-09-26,,,公开名录确认名称与所属地区；活动、餐饮、住宿和坐标尚未补充。
1002025,2025,public,天津市宁河区板桥镇盆罐庄村,天津,天津,municipality,Tian Jin Shi Ning He Qu Ban Qiao Zhen Pen Guan Zhuang Cun,3,https://sjfw.mct.gov.cn/site/dataservice/rural,2022-12-07,2026-09-26,,,公开名录确认名称与所属地区；活动、餐饮、住宿和坐标尚未补充。
1002024,2024,public,河北省邯郸市武安市淑村镇白沙村,河北,邯郸,name_prefix,He Bei Sheng Han Dan Shi Wu An Shi Shu Cun Zhen Bai Sha Cun,3,https://sjfw.mct.gov.cn/site/dataservice/rural,2022-12-07,2026-09-26,,,公开名录确认名称与所属地区；活动、餐饮、住宿和坐标尚未补充。
1002023,2023,public,河北省张家口市张北县小二台镇德胜村,河北,张家口,name_prefix,He Bei Sheng Zhang Jia Kou Shi Zhang Bei Xian Xiao Er Tai Zhen De Sheng Cun,3,https://sjfw.mct.gov.cn/site/dataservice/rural,2022-12-07,2026-09-26,,,公开名录确认名称与所属地区；活动、餐饮、住宿和坐标尚未补充。
1002022,2022,public,河北省石家庄市平山县西柏坡镇北庄村,河北,石家庄,name_prefix,He Bei Sheng Shi Jia Zhuang Shi Ping Shan Xian Xi Bai Po Zhen Bei Zhuang Cun,3,https://sjfw.mct.gov.cn/site/dataservice/rural,2022-12-07,2026-09-26,,,公开名录确认名称与所属地区；活动、餐饮、住宿和坐标尚未补充。
1002021,2021,public,河北省衡水市故城县房庄镇吴梧茂村,河北,衡水,name_prefix,He Bei Sheng Heng Shui Shi Gu Cheng Xian Fang Zhuang Zhen Wu Wu Mao Cun,3,https://sjfw.mct.gov.cn/site/dataservice/rural,2022-12-07,2026-09-26,,,公开名录确认名称与所属地区；活动、餐饮、住宿和坐标尚未补充。
1002020,2020,public,河北省邢台市内丘县侯家庄乡岗底村,河北,邢台,name_prefix,He Bei Sheng Xing Tai Shi Nei Qiu Xian Hou Jia Zhuang Xiang Gang Di Cun,3,https://sjfw.mct.gov.cn/site/dataservice/rural,2022-12-07,2026-09-26,,,公开名录确认名称与所属地区；活动、餐饮、住宿和坐标尚未补充。
1002019,2019,public,河北省承德市隆化县七家镇温泉村,河北,承德,name_prefix,He Bei Sheng Cheng De Shi Long Hua Xian Qi Jia Zhen Wen Quan Cun,3,https://sjfw.mct.gov.cn/site/dataservice/rural,2022-12-07,2026-09-26,,,公开名录确认名称与所属地区；活动、餐饮、住宿和坐标尚未补充。
1002018,2018,public,河北省邢台市宁晋县贾家口镇黄儿营西村,河北,邢台,name_prefix,He Bei Sheng Xing Tai Shi Ning Jin Xian Jia Jia Kou Zhen Huang Er Ying Xi Cun,3,https://sjfw.mct.gov.cn/site/dataservice/rural,2022-12-07,2026-09-26,,,公开名录确认名称与所属地区；活动、餐饮、住宿和坐标尚未补充。
1002017,2017,public,山西省太原市娄烦县静游镇峰岭底村,山西,太原,name_prefix,Shan Xi Sheng Tai Yuan Shi Lou Fan Xian Jing You Zhen Feng Ling Di Cun,3,https://sjfw.mct.gov.cn/site/dataservice/rural,2022-12-07,2026-09-26,,,公开名录确认名称与所属地区；活动、餐饮、住宿和坐标尚未补充。
1002016,2016,public,山西省忻州市偏关县老牛湾镇老牛湾村,山西,忻州,name_prefix,Shan Xi Sheng Xin Zhou Shi Pian Guan Xian Lao Niu Wan Zhen Lao Niu Wan Cun,3,https://sjfw.mct.gov.cn/site/dataservice/rural,2022-12-07,2026-09-26,,,公开名录确认名称与所属地区；活动、餐饮、住宿和坐标尚未补充。
1002015,2015,public,山西省阳泉市盂县孙家庄镇王炭咀村,山西,阳泉,name_prefix,Shan Xi Sheng Yang Quan Shi Yu Xian Sun Jia Zhuang Zhen Wang Tan Ju Cun,3,https://sjfw.mct.gov.cn/site/dataservice/rural,2022-12-07,2026-09-26,,,公开名录确认名称与所属地区；活动、餐饮、住宿和坐标尚未补充。
1002014,2014,public,山西省晋中市寿阳县宗艾镇下洲村,山西,晋中,name_prefix,Shan Xi Sheng Jin Zhong Shi Shou Yang Xian Zong Ai Zhen Xia Zhou Cun,3,https://sjfw.mct.gov.cn/site/dataservice/rural,2022-12-07,2026-09-26,,,公开名录确认名称与所属地区；活动、餐饮、住宿和坐标尚未补充。
1002013,2013,public,山西省长治市平顺县石城镇岳家寨村,山西,长治,name_prefix,Shan Xi Sheng Zhang Zhi Shi Ping Shun Xian Shi Cheng Zhen Yue Jia Zhai Cun,3,https://sjfw.mct.gov.cn/site/dataservice/rural,2022-12-07,2026-09-26,,,公开名录确认名称与所属地区；活动、餐饮、住宿和坐标尚未补充。
1002012,2012,public,山西省临汾市永和县乾坤湾乡东征村,山西,临汾,name_prefix,Shan Xi Sheng Lin Fen Shi Yong He Xian Qian Kun Wan Xiang Dong Zheng Cun,3,https://sjfw.mct.gov.cn/site/dataservice/rural,2022-12-07,2026-09-26,,,公开名录确认名称与所属地区；活动、餐饮、住宿和坐标尚未补充。
1002011,2011,public,山西省运城市河津市清涧街道龙门村,山西,运城,name_prefix,Shan Xi Sheng Yun Cheng Shi He Jin Shi Qing Jian Jie Dao Long Men Cun,3,https://sjfw.mct.gov.cn/site/dataservice/rural,2022-12-07,2026-09-26,,,公开名录确认名称与所属地区；活动、餐饮、住宿和坐标尚未补充。
1002010,2010,public,内蒙古自治区赤峰市松山区大庙镇小庙子村,内蒙古,赤峰,name_prefix,Nei Meng Gu Zi Zhi Qu Chi Feng Shi Song Shan Qu Da Miao Zhen Xiao Miao Zi Cun,3,https://sjfw.mct.gov.cn/site/dataservice/rural,2022-12-07,2026-09-26,,,公开名录确认名称与所属地区；活动、餐饮、住宿和坐标尚未补充。
1002009,2009,public,内蒙古自治区呼和浩特市和林格尔县新店子镇胶泥湾村,内蒙古,呼和浩特,name_prefix,Nei Meng Gu Zi Zhi Qu Hu He Hao Te Shi He Lin Ge Er Xian Xin Dian Zi Zhen Jiao Ni Wan Cun,3,https://sjfw.mct.gov.cn/site/dataservice/rural,2022-12-07,2026-09-26,,,公开名录确认名称与所属地区；活动、餐饮、住宿和坐标尚未补充。
1002008,2008,public,内蒙古自治区兴安盟阿尔山市明水河镇西口村,内蒙古,兴安盟,name_prefix,Nei Meng Gu Zi Zhi Qu Xing An Meng A Er Shan Shi Ming Shui He Zhen Xi Kou Cun,3,https://sjfw.mct.gov.cn/site/dataservice/rural,2022-12-07,2026-09-26,,,公开名录确认名称与所属地区；活动、餐饮、住宿和坐标尚未补充。
1002007,2007,public,内蒙古自治区呼伦贝尔市鄂温克族自治旗巴彦塔拉达斡尔民族乡伊兰嘎查,内蒙古,呼伦贝尔,name_prefix,Nei Meng Gu Zi Zhi Qu Hu Lun Bei Er Shi E Wen Ke Zu Zi Zhi Qi Ba Yan Ta La Da Wo Er Min Zu Xiang Yi Lan Ga Cha,3,https://sjfw.mct.gov.cn/site/dataservice/rural,2022-12-07,2026-09-26,,,公开名录确认名称与所属地区；活动、餐饮、住宿和坐标尚未补充。
1002006,2006,public,内蒙古自治区乌兰察布市兴和县店子镇卢家营村,内蒙古,乌兰察布,name_prefix,Nei Meng Gu Zi Zhi Qu Wu Lan Cha Bu Shi Xing He Xian Dian Zi Zhen Lu Jia Ying Cun,3,https://sjfw.mct.gov.cn/site/dataservice/rural,2022-12-07,2026-09-26,,,公开名录确认名称与所属地区；活动、餐饮、住宿和坐标尚未补充。
1002005,2005,public,内蒙古自治区巴彦淖尔市杭锦后旗双庙镇太荣村,内蒙古,巴彦淖尔,name_prefix,Nei Meng Gu Zi Zhi Qu Ba Yan Nao Er Shi Hang Jin Hou Qi Shuang Miao Zhen Tai Rong Cun,3,https://sjfw.mct.gov.cn/site/dataservice/rural,2022-12-07,2026-09-26,,,公开名录确认名称与所属地区；活动、餐饮、住宿和坐标尚未补充。
1002004,2004,public,辽宁省锦州市凌海市温滴楼镇边墙子村,辽宁,锦州,name_prefix,Liao Ning Sheng Jin Zhou Shi Ling Hai Shi Wen Di Lou Zhen Bian Qiang Zi Cun,3,https://sjfw.mct.gov.cn/site/dataservice/rural,2022-12-07,2026-09-26,,,公开名录确认名称与所属地区；活动、餐饮、住宿和坐标尚未补充。
1002003,2003,public,辽宁省朝阳市凌源市大王杖子乡宫家烧锅村,辽宁,朝阳,name_prefix,Liao Ning Sheng Zhao Yang Shi Ling Yuan Shi Da Wang Zhang Zi Xiang Gong Jia Shao Guo Cun,3,https://sjfw.mct.gov.cn/site/dataservice/rural,2022-12-07,2026-09-26,,,公开名录确认名称与所属地区；活动、餐饮、住宿和坐标尚未补充。
1002002,2002,public,辽宁省辽阳市辽阳县刘二堡镇前杜村,辽宁,辽阳,name_prefix,Liao Ning Sheng Liao Yang Shi Liao Yang Xian Liu Er Bao Zhen Qian Du Cun,3,https://sjfw.mct.gov.cn/site/dataservice/rural,2022-12-07,2026-09-26,,,公开名录确认名称与所属地区；活动、餐饮、住宿和坐标尚未补充。
1002001,2001,public,辽宁省营口市鲅鱼圈区芦屯镇小望海村,辽宁,营口,name_prefix,Liao Ning Sheng Ying Kou Shi Ba Yu Quan Qu Lu Tun Zhen Xiao Wang Hai Cun,3,https://sjfw.mct.gov.cn/site/dataservice/rural,2022-12-07,2026-09-26,,,公开名录确认名称与所属地区；活动、餐饮、住宿和坐标尚未补充。
1002000,2000,public,辽宁省葫芦岛市兴城市三道沟满族乡头道沟村,辽宁,葫芦岛,name_prefix,Liao Ning Sheng Hu Lu Dao Shi Xing Cheng Shi San Dao Gou Man Zu Xiang Tou Dao Gou Cun,3,https://sjfw.mct.gov.cn/site/dataservice/rural,2022-12-07,2026-09-26,,,公开名录确认名称与所属地区；活动、餐饮、住宿和坐标尚未补充。
1001999,1999,public,吉林省长春市双阳区太平镇小石村,吉林,长春,name_prefix,Ji Lin Sheng Zhang Chun Shi Shuang Yang Qu Tai Ping Zhen Xiao Shi Cun,3,https://sjfw.mct.gov.cn/site/dataservice/rural,2022-12-07,2026-09-26,,,公开名录确认名称与所属地区；活动、餐饮、住宿和坐标尚未补充。
1001998,1998,public,吉林省吉林市桦甸市桦郊乡晓光村,吉林,吉林,name_prefix,Ji Lin Sheng Ji Lin Shi Hua Dian Shi Hua Jiao Xiang Xiao Guang Cun,3,https://sjfw.mct.gov.cn/site/dataservice/rural,2022-12-07,2026-09-26,,,公开名录确认名称与所属地区；活动、餐饮、住宿和坐标尚未补充。
1001997,1997,public,吉林省延边朝鲜族自治州龙井市智新镇明东村,吉林,延边朝鲜族自治州,name_prefix,Ji Lin Sheng Yan Bian Chao Xian Zu Zi Zhi Zhou Long Jing Shi Zhi Xin Zhen Ming Dong Cun,3,https://sjfw.mct.gov.cn/site/dataservice/rural,2022-12-07,2026-09-26,,,公开名录确认名称与所属地区；活动、餐饮、住宿和坐标尚未补充。
1001996,1996,public,吉林省白山市长白朝鲜族自治县马鹿沟镇果园民俗村,吉林,白山,name_prefix,Ji Lin Sheng Bai Shan Shi Zhang Bai Chao Xian Zu Zi Zhi Xian Ma Lu Gou Zhen Guo Yuan Min Su Cun,3,https://sjfw.mct.gov.cn/site/dataservice/rural,2022-12-07,2026-09-26,,,公开名录确认名称与所属地区；活动、餐饮、住宿和坐标尚未补充。
1001995,1995,public,吉林省通化市东昌区金厂镇夹皮沟村,吉林,通化,name_prefix,Ji Lin Sheng Tong Hua Shi Dong Chang Qu Jin Chang Zhen Jia Pi Gou Cun,3,https://sjfw.mct.gov.cn/site/dataservice/rural,2022-12-07,2026-09-26,,,公开名录确认名称与所属地区；活动、餐饮、住宿和坐标尚未补充。
1001994,1994,public,吉林省白城市通榆县向海蒙古族乡向海村,吉林,白城,name_prefix,Ji Lin Sheng Bai Cheng Shi Tong Yu Xian Xiang Hai Meng Gu Zu Xiang Xiang Hai Cun,3,https://sjfw.mct.gov.cn/site/dataservice/rural,2022-12-07,2026-09-26,,,公开名录确认名称与所属地区；活动、餐饮、住宿和坐标尚未补充。
1001993,1993,public,黑龙江省齐齐哈尔市梅里斯达斡尔族区雅尔塞镇哈拉新村,黑龙江,齐齐哈尔,name_prefix,Hei Long Jiang Sheng Qi Qi Ha Er Shi Mei Li Si Da Wo Er Zu Qu Ya Er Sai Zhen Ha La Xin Cun,3,https://sjfw.mct.gov.cn/site/dataservice/rural,2022-12-07,2026-09-26,,,公开名录确认名称与所属地区；活动、餐饮、住宿和坐标尚未补充。
1001992,1992,public,黑龙江省牡丹江市穆棱市下城子镇孤榆树村,黑龙江,牡丹江,name_prefix,Hei Long Jiang Sheng Mu Dan Jiang Shi Mu Leng Shi Xia Cheng Zi Zhen Gu Yu Shu Cun,3,https://sjfw.mct.gov.cn/site/dataservice/rural,2022-12-07,2026-09-26,,,公开名录确认名称与所属地区；活动、餐饮、住宿和坐标尚未补充。
1001991,1991,public,黑龙江省佳木斯市同江市八岔赫哲族乡八岔村,黑龙江,佳木斯,name_prefix,Hei Long Jiang Sheng Jia Mu Si Shi Tong Jiang Shi Ba Cha He Zhe Zu Xiang Ba Cha Cun,3,https://sjfw.mct.gov.cn/site/dataservice/rural,2022-12-07,2026-09-26,,,公开名录确认名称与所属地区；活动、餐饮、住宿和坐标尚未补充。
1001990,1990,public,黑龙江省大庆市林甸县四合乡联合村,黑龙江,大庆,name_prefix,Hei Long Jiang Sheng Da Qing Shi Lin Dian Xian Si He Xiang Lian He Cun,3,https://sjfw.mct.gov.cn/site/dataservice/rural,2022-12-07,2026-09-26,,,公开名录确认名称与所属地区；活动、餐饮、住宿和坐标尚未补充。
1001989,1989,public,黑龙江省黑河市爱辉区瑷珲镇外三道沟村,黑龙江,黑河,name_prefix,Hei Long Jiang Sheng Hei He Shi Ai Hui Qu Ai Hui Zhen Wai San Dao Gou Cun,3,https://sjfw.mct.gov.cn/site/dataservice/rural,2022-12-07,2026-09-26,,,公开名录确认名称与所属地区；活动、餐饮、住宿和坐标尚未补充。
1001988,1988,public,黑龙江省伊春市铁力市工农乡北星村,黑龙江,伊春,name_prefix,Hei Long Jiang Sheng Yi Chun Shi Tie Li Shi Gong Nong Xiang Bei Xing Cun,3,https://sjfw.mct.gov.cn/site/dataservice/rural,2022-12-07,2026-09-26,,,公开名录确认名称与所属地区；活动、餐饮、住宿和坐标尚未补充。
1001987,1987,public,上海市青浦区金泽镇莲湖村,上海,上海,municipality,Shang Hai Shi Qing Pu Qu Jin Ze Zhen Lian Hu Cun,3,https://sjfw.mct.gov.cn/site/dataservice/rural,2022-12-07,2026-09-26,,,公开名录确认名称与所属地区；活动、餐饮、住宿和坐标尚未补充。
1001986,1986,public,上海市金山区漕泾镇水库村,上海,上海,municipality,Shang Hai Shi Jin Shan Qu Cao Jing Zhen Shui Ku Cun,3,https://sjfw.mct.gov.cn/site/dataservice/rural,2022-12-07,2026-09-26,,,公开名录确认名称与所属地区；活动、餐饮、住宿和坐标尚未补充。
1001985,1985,public,上海市嘉定区安亭镇向阳村,上海,上海,municipality,Shang Hai Shi Jia Ding Qu An Ting Zhen Xiang Yang Cun,3,https://sjfw.mct.gov.cn/site/dataservice/rural,2022-12-07,2026-09-26,,,公开名录确认名称与所属地区；活动、餐饮、住宿和坐标尚未补充。
1001984,1984,public,上海市宝山区月浦镇聚源桥村,上海,上海,municipality,Shang Hai Shi Bao Shan Qu Yue Pu Zhen Ju Yuan Qiao Cun,3,https://sjfw.mct.gov.cn/site/dataservice/rural,2022-12-07,2026-09-26,,,公开名录确认名称与所属地区；活动、餐饮、住宿和坐标尚未补充。
1001983,1983,public,上海市崇明区新河镇井亭村,上海,上海,municipality,Shang Hai Shi Chong Ming Qu Xin He Zhen Jing Ting Cun,3,https://sjfw.mct.gov.cn/site/dataservice/rural,2022-12-07,2026-09-26,,,公开名录确认名称与所属地区；活动、餐饮、住宿和坐标尚未补充。
1001982,1982,public,江苏省南京市浦口区永宁街道大埝社区,江苏,南京,name_prefix,Jiang Su Sheng Nan Jing Shi Pu Kou Qu Yong Ning Jie Dao Da Nian She Qu,3,https://sjfw.mct.gov.cn/site/dataservice/rural,2022-12-07,2026-09-26,,,公开名录确认名称与所属地区；活动、餐饮、住宿和坐标尚未补充。
1001981,1981,public,江苏省苏州市吴中区越溪街道旺山村,江苏,苏州,name_prefix,Jiang Su Sheng Su Zhou Shi Wu Zhong Qu Yue Xi Jie Dao Wang Shan Cun,3,https://sjfw.mct.gov.cn/site/dataservice/rural,2022-12-07,2026-09-26,,,公开名录确认名称与所属地区；活动、餐饮、住宿和坐标尚未补充。
1001980,1980,public,江苏省徐州市沛县大屯街道安庄社区,江苏,徐州,name_prefix,Jiang Su Sheng Xu Zhou Shi Pei Xian Da Tun Jie Dao An Zhuang She Qu,3,https://sjfw.mct.gov.cn/site/dataservice/rural,2022-12-07,2026-09-26,,,公开名录确认名称与所属地区；活动、餐饮、住宿和坐标尚未补充。
1001979,1979,public,江苏省盐城市东台市弶港镇巴斗村,江苏,盐城,name_prefix,Jiang Su Sheng Yan Cheng Shi Dong Tai Shi Jiang Gang Zhen Ba Dou Cun,3,https://sjfw.mct.gov.cn/site/dataservice/rural,2022-12-07,2026-09-26,,,公开名录确认名称与所属地区；活动、餐饮、住宿和坐标尚未补充。
1001978,1978,public,江苏省扬州市邗江区方巷镇沿湖村,江苏,扬州,name_prefix,Jiang Su Sheng Yang Zhou Shi Han Jiang Qu Fang Xiang Zhen Yan Hu Cun,3,https://sjfw.mct.gov.cn/site/dataservice/rural,2022-12-07,2026-09-26,,,公开名录确认名称与所属地区；活动、餐饮、住宿和坐标尚未补充。
1001977,1977,public,江苏省泰州市高港区白马镇陈家村,江苏,泰州,name_prefix,Jiang Su Sheng Tai Zhou Shi Gao Gang Qu Bai Ma Zhen Chen Jia Cun,3,https://sjfw.mct.gov.cn/site/dataservice/rural,2022-12-07,2026-09-26,,,公开名录确认名称与所属地区；活动、餐饮、住宿和坐标尚未补充。
1001976,1976,public,江苏省宿迁市宿城区耿车镇刘圩村,江苏,宿迁,name_prefix,Jiang Su Sheng Su Qian Shi Su Cheng Qu Geng Che Zhen Liu Wei Cun,3,https://sjfw.mct.gov.cn/site/dataservice/rural,2022-12-07,2026-09-26,,,公开名录确认名称与所属地区；活动、餐饮、住宿和坐标尚未补充。
1001975,1975,public,浙江省杭州市余杭区径山镇小古城村,浙江,杭州,name_prefix,Zhe Jiang Sheng Hang Zhou Shi Yu Hang Qu Jing Shan Zhen Xiao Gu Cheng Cun,3,https://sjfw.mct.gov.cn/site/dataservice/rural,2022-12-07,2026-09-26,,,公开名录确认名称与所属地区；活动、餐饮、住宿和坐标尚未补充。
1001974,1974,public,浙江省湖州市吴兴区妙西镇妙山村,浙江,湖州,name_prefix,Zhe Jiang Sheng Hu Zhou Shi Wu Xing Qu Miao Xi Zhen Miao Shan Cun,3,https://sjfw.mct.gov.cn/site/dataservice/rural,2022-12-07,2026-09-26,,,公开名录确认名称与所属地区；活动、餐饮、住宿和坐标尚未补充。
1001973,1973,public,浙江省绍兴市柯桥区湖塘街道香林村,浙江,绍兴,name_prefix,Zhe Jiang Sheng Shao Xing Shi Ke Qiao Qu Hu Tang Jie Dao Xiang Lin Cun,3,https://sjfw.mct.gov.cn/site/dataservice/rural,2022-12-07,2026-09-26,,,公开名录确认名称与所属地区；活动、餐饮、住宿和坐标尚未补充。
1001972,1972,public,浙江省金华市武义县俞源乡俞源村,浙江,金华,name_prefix,Zhe Jiang Sheng Jin Hua Shi Wu Yi Xian Yu Yuan Xiang Yu Yuan Cun,3,https://sjfw.mct.gov.cn/site/dataservice/rural,2022-12-07,2026-09-26,,,公开名录确认名称与所属地区；活动、餐饮、住宿和坐标尚未补充。
1001971,1971,public,浙江省舟山市定海区马岙街道马岙村,浙江,舟山,name_prefix,Zhe Jiang Sheng Zhou Shan Shi Ding Hai Qu Ma Ao Jie Dao Ma Ao Cun,3,https://sjfw.mct.gov.cn/site/dataservice/rural,2022-12-07,2026-09-26,,,公开名录确认名称与所属地区；活动、餐饮、住宿和坐标尚未补充。
1001970,1970,public,浙江省台州市天台县街头镇后岸村,浙江,台州,name_prefix,Zhe Jiang Sheng Tai Zhou Shi Tian Tai Xian Jie Tou Zhen Hou An Cun,3,https://sjfw.mct.gov.cn/site/dataservice/rural,2022-12-07,2026-09-26,,,公开名录确认名称与所属地区；活动、餐饮、住宿和坐标尚未补充。
1001969,1969,public,浙江省丽水市云和县赤石乡赤石村,浙江,丽水,name_prefix,Zhe Jiang Sheng Li Shui Shi Yun He Xian Chi Shi Xiang Chi Shi Cun,3,https://sjfw.mct.gov.cn/site/dataservice/rural,2022-12-07,2026-09-26,,,公开名录确认名称与所属地区；活动、餐饮、住宿和坐标尚未补充。
1001968,1968,public,安徽省黄山市徽州区潜口镇唐模村,安徽,黄山,name_prefix,An Hui Sheng Huang Shan Shi Hui Zhou Qu Qian Kou Zhen Tang Mo Cun,3,https://sjfw.mct.gov.cn/site/dataservice/rural,2022-12-07,2026-09-26,,,公开名录确认名称与所属地区；活动、餐饮、住宿和坐标尚未补充。
1001967,1967,public,安徽省滁州市南谯区施集镇井楠村,安徽,滁州,name_prefix,An Hui Sheng Chu Zhou Shi Nan Qiao Qu Shi Ji Zhen Jing Nan Cun,3,https://sjfw.mct.gov.cn/site/dataservice/rural,2022-12-07,2026-09-26,,,公开名录确认名称与所属地区；活动、餐饮、住宿和坐标尚未补充。
1001966,1966,public,安徽省芜湖市湾沚区六郎镇官巷村,安徽,芜湖,name_prefix,An Hui Sheng Wu Hu Shi Wan Zhi Qu Liu Lang Zhen Guan Xiang Cun,3,https://sjfw.mct.gov.cn/site/dataservice/rural,2022-12-07,2026-09-26,,,公开名录确认名称与所属地区；活动、餐饮、住宿和坐标尚未补充。
1001965,1965,public,安徽省池州市青阳县朱备镇将军村,安徽,池州,name_prefix,An Hui Sheng Chi Zhou Shi Qing Yang Xian Zhu Bei Zhen Jiang Jun Cun,3,https://sjfw.mct.gov.cn/site/dataservice/rural,2022-12-07,2026-09-26,,,公开名录确认名称与所属地区；活动、餐饮、住宿和坐标尚未补充。
1001964,1964,public,安徽省安庆市岳西县河图镇南河村,安徽,安庆,name_prefix,An Hui Sheng An Qing Shi Yue Xi Xian He Tu Zhen Nan He Cun,3,https://sjfw.mct.gov.cn/site/dataservice/rural,2022-12-07,2026-09-26,,,公开名录确认名称与所属地区；活动、餐饮、住宿和坐标尚未补充。
1001963,1963,public,安徽省淮北市杜集区矿山集街道南山村,安徽,淮北,name_prefix,An Hui Sheng Huai Bei Shi Du Ji Qu Kuang Shan Ji Jie Dao Nan Shan Cun,3,https://sjfw.mct.gov.cn/site/dataservice/rural,2022-12-07,2026-09-26,,,公开名录确认名称与所属地区；活动、餐饮、住宿和坐标尚未补充。
1001962,1962,public,安徽省蚌埠市怀远县龙亢镇龙亢村,安徽,蚌埠,name_prefix,An Hui Sheng Beng Bu Shi Huai Yuan Xian Long Kang Zhen Long Kang Cun,3,https://sjfw.mct.gov.cn/site/dataservice/rural,2022-12-07,2026-09-26,,,公开名录确认名称与所属地区；活动、餐饮、住宿和坐标尚未补充。
1001961,1961,public,福建省泉州市晋江市新塘街道梧林社区,福建,泉州,name_prefix,Fu Jian Sheng Quan Zhou Shi Jin Jiang Shi Xin Tang Jie Dao Wu Lin She Qu,3,https://sjfw.mct.gov.cn/site/dataservice/rural,2022-12-07,2026-09-26,,,公开名录确认名称与所属地区；活动、餐饮、住宿和坐标尚未补充。
1001960,1960,public,福建省宁德市福鼎市磻溪镇赤溪村,福建,宁德,name_prefix,Fu Jian Sheng Ning De Shi Fu Ding Shi Pan Xi Zhen Chi Xi Cun,3,https://sjfw.mct.gov.cn/site/dataservice/rural,2022-12-07,2026-09-26,,,公开名录确认名称与所属地区；活动、餐饮、住宿和坐标尚未补充。
1001959,1959,public,福建省漳州市华安县高安镇坪水村,福建,漳州,name_prefix,Fu Jian Sheng Zhang Zhou Shi Hua An Xian Gao An Zhen Ping Shui Cun,3,https://sjfw.mct.gov.cn/site/dataservice/rural,2022-12-07,2026-09-26,,,公开名录确认名称与所属地区；活动、餐饮、住宿和坐标尚未补充。
1001958,1958,public,福建省三明市沙县区夏茂镇俞邦村,福建,三明,name_prefix,Fu Jian Sheng San Ming Shi Sha Xian Qu Xia Mao Zhen Yu Bang Cun,3,https://sjfw.mct.gov.cn/site/dataservice/rural,2022-12-07,2026-09-26,,,公开名录确认名称与所属地区；活动、餐饮、住宿和坐标尚未补充。
1001957,1957,public,福建省龙岩市永定区湖坑镇南江村,福建,龙岩,name_prefix,Fu Jian Sheng Long Yan Shi Yong Ding Qu Hu Keng Zhen Nan Jiang Cun,3,https://sjfw.mct.gov.cn/site/dataservice/rural,2022-12-07,2026-09-26,,,公开名录确认名称与所属地区；活动、餐饮、住宿和坐标尚未补充。
1001956,1956,public,福建省平潭综合实验区君山镇磹水村,福建,福建,province_fallback,Fu Jian Sheng Ping Tan Zong He Shi Yan Qu Jun Shan Zhen Tan Shui Cun,3,https://sjfw.mct.gov.cn/site/dataservice/rural,2022-12-07,2026-09-26,,,公开名录确认名称与所属地区；活动、餐饮、住宿和坐标尚未补充。
1001955,1955,public,江西省赣州市于都县梓山镇潭头村,江西,赣州,name_prefix,Jiang Xi Sheng Gan Zhou Shi Yu Dou Xian Zi Shan Zhen Tan Tou Cun,3,https://sjfw.mct.gov.cn/site/dataservice/rural,2022-12-07,2026-09-26,,,公开名录确认名称与所属地区；活动、餐饮、住宿和坐标尚未补充。
1001954,1954,public,江西省上饶市婺源县思口镇思溪村延村,江西,上饶,name_prefix,Jiang Xi Sheng Shang Rao Shi Wu Yuan Xian Si Kou Zhen Si Xi Cun Yan Cun,3,https://sjfw.mct.gov.cn/site/dataservice/rural,2022-12-07,2026-09-26,,,公开名录确认名称与所属地区；活动、餐饮、住宿和坐标尚未补充。
1001953,1953,public,江西省赣州市瑞金市叶坪镇华屋村,江西,赣州,name_prefix,Jiang Xi Sheng Gan Zhou Shi Rui Jin Shi Ye Ping Zhen Hua Wu Cun,3,https://sjfw.mct.gov.cn/site/dataservice/rural,2022-12-07,2026-09-26,,,公开名录确认名称与所属地区；活动、餐饮、住宿和坐标尚未补充。
1001952,1952,public,江西省九江市庐山市白鹿镇秀峰村,江西,九江,name_prefix,Jiang Xi Sheng Jiu Jiang Shi Lu Shan Shi Bai Lu Zhen Xiu Feng Cun,3,https://sjfw.mct.gov.cn/site/dataservice/rural,2022-12-07,2026-09-26,,,公开名录确认名称与所属地区；活动、餐饮、住宿和坐标尚未补充。
1001951,1951,public,江西省景德镇市浮梁县瑶里镇五华村,江西,景德镇,name_prefix,Jiang Xi Sheng Jing De Zhen Shi Fu Liang Xian Yao Li Zhen Wu Hua Cun,3,https://sjfw.mct.gov.cn/site/dataservice/rural,2022-12-07,2026-09-26,,,公开名录确认名称与所属地区；活动、餐饮、住宿和坐标尚未补充。
1001950,1950,public,江西省抚州市黎川县德胜镇德胜村,江西,抚州,name_prefix,Jiang Xi Sheng Fu Zhou Shi Li Chuan Xian De Sheng Zhen De Sheng Cun,3,https://sjfw.mct.gov.cn/site/dataservice/rural,2022-12-07,2026-09-26,,,公开名录确认名称与所属地区；活动、餐饮、住宿和坐标尚未补充。
1001949,1949,public,江西省南昌市新建区溪霞镇店前村,江西,南昌,name_prefix,Jiang Xi Sheng Nan Chang Shi Xin Jian Qu Xi Xia Zhen Dian Qian Cun,3,https://sjfw.mct.gov.cn/site/dataservice/rural,2022-12-07,2026-09-26,,,公开名录确认名称与所属地区；活动、餐饮、住宿和坐标尚未补充。
1001948,1948,public,山东省济南市莱芜区雪野街道房干村,山东,济南,name_prefix,Shan Dong Sheng Ji Nan Shi Lai Wu Qu Xue Ye Jie Dao Fang Gan Cun,3,https://sjfw.mct.gov.cn/site/dataservice/rural,2022-12-07,2026-09-26,,,公开名录确认名称与所属地区；活动、餐饮、住宿和坐标尚未补充。
1001947,1947,public,山东省日照市岚山区岚山头街道官草汪村,山东,日照,name_prefix,Shan Dong Sheng Ri Zhao Shi Lan Shan Qu Lan Shan Tou Jie Dao Guan Cao Wang Cun,3,https://sjfw.mct.gov.cn/site/dataservice/rural,2022-12-07,2026-09-26,,,公开名录确认名称与所属地区；活动、餐饮、住宿和坐标尚未补充。
1001946,1946,public,山东省济宁市曲阜市尼山镇鲁源村,山东,济宁,name_prefix,Shan Dong Sheng Ji Ning Shi Qu Fu Shi Ni Shan Zhen Lu Yuan Cun,3,https://sjfw.mct.gov.cn/site/dataservice/rural,2022-12-07,2026-09-26,,,公开名录确认名称与所属地区；活动、餐饮、住宿和坐标尚未补充。
1001945,1945,public,山东省烟台市蓬莱区大辛店镇木兰沟村,山东,烟台,name_prefix,Shan Dong Sheng Yan Tai Shi Peng Lai Qu Da Xin Dian Zhen Mu Lan Gou Cun,3,https://sjfw.mct.gov.cn/site/dataservice/rural,2022-12-07,2026-09-26,,,公开名录确认名称与所属地区；活动、餐饮、住宿和坐标尚未补充。
1001944,1944,public,山东省淄博市高青县常家镇蓑衣樊村,山东,淄博,name_prefix,Shan Dong Sheng Zi Bo Shi Gao Qing Xian Chang Jia Zhen Suo Yi Fan Cun,3,https://sjfw.mct.gov.cn/site/dataservice/rural,2022-12-07,2026-09-26,,,公开名录确认名称与所属地区；活动、餐饮、住宿和坐标尚未补充。
1001943,1943,public,山东省青岛市崂山区王哥庄街道晓望社区,山东,青岛,name_prefix,Shan Dong Sheng Qing Dao Shi Lao Shan Qu Wang Ge Zhuang Jie Dao Xiao Wang She Qu,3,https://sjfw.mct.gov.cn/site/dataservice/rural,2022-12-07,2026-09-26,,,公开名录确认名称与所属地区；活动、餐饮、住宿和坐标尚未补充。
1001942,1942,public,山东省潍坊市临朐县嵩山生态旅游发展服务中心淹子岭村,山东,潍坊,name_prefix,Shan Dong Sheng Wei Fang Shi Lin Qu Xian Song Shan Sheng Tai Lv You Fa Zhan Fu Wu Zhong Xin Yan Zi Ling Cun,3,https://sjfw.mct.gov.cn/site/dataservice/rural,2022-12-07,2026-09-26,,,公开名录确认名称与所属地区；活动、餐饮、住宿和坐标尚未补充。
1001941,1941,public,河南省郑州市巩义市小关镇南岭新村,河南,郑州,name_prefix,He Nan Sheng Zheng Zhou Shi Gong Yi Shi Xiao Guan Zhen Nan Ling Xin Cun,3,https://sjfw.mct.gov.cn/site/dataservice/rural,2022-12-07,2026-09-26,,,公开名录确认名称与所属地区；活动、餐饮、住宿和坐标尚未补充。
1001940,1940,public,河南省郑州市巩义市大峪沟镇海上桥村,河南,郑州,name_prefix,He Nan Sheng Zheng Zhou Shi Gong Yi Shi Da Yu Gou Zhen Hai Shang Qiao Cun,3,https://sjfw.mct.gov.cn/site/dataservice/rural,2022-12-07,2026-09-26,,,公开名录确认名称与所属地区；活动、餐饮、住宿和坐标尚未补充。
1001939,1939,public,河南省洛阳市嵩县车村镇天桥沟村,河南,洛阳,name_prefix,He Nan Sheng Luo Yang Shi Song Xian Che Cun Zhen Tian Qiao Gou Cun,3,https://sjfw.mct.gov.cn/site/dataservice/rural,2022-12-07,2026-09-26,,,公开名录确认名称与所属地区；活动、餐饮、住宿和坐标尚未补充。
1001938,1938,public,河南省焦作市修武县西村乡大南坡村,河南,焦作,name_prefix,He Nan Sheng Jiao Zuo Shi Xiu Wu Xian Xi Cun Xiang Da Nan Po Cun,3,https://sjfw.mct.gov.cn/site/dataservice/rural,2022-12-07,2026-09-26,,,公开名录确认名称与所属地区；活动、餐饮、住宿和坐标尚未补充。
1001937,1937,public,河南省濮阳市清丰县双庙乡单拐村,河南,濮阳,name_prefix,He Nan Sheng Pu Yang Shi Qing Feng Xian Shuang Miao Xiang Dan Guai Cun,3,https://sjfw.mct.gov.cn/site/dataservice/rural,2022-12-07,2026-09-26,,,公开名录确认名称与所属地区；活动、餐饮、住宿和坐标尚未补充。
1001936,1936,public,河南省信阳市浉河区浉河港镇郝家冲村,河南,信阳,name_prefix,He Nan Sheng Xin Yang Shi Shi He Qu Shi He Gang Zhen Hao Jia Chong Cun,3,https://sjfw.mct.gov.cn/site/dataservice/rural,2022-12-07,2026-09-26,,,公开名录确认名称与所属地区；活动、餐饮、住宿和坐标尚未补充。
1001935,1935,public,河南省周口市西华县红花集镇龙池头村,河南,周口,name_prefix,He Nan Sheng Zhou Kou Shi Xi Hua Xian Hong Hua Ji Zhen Long Chi Tou Cun,3,https://sjfw.mct.gov.cn/site/dataservice/rural,2022-12-07,2026-09-26,,,公开名录确认名称与所属地区；活动、餐饮、住宿和坐标尚未补充。
1001934,1934,public,湖北省襄阳市襄城区尹集乡姚庵村,湖北,襄阳,name_prefix,Hu Bei Sheng Xiang Yang Shi Xiang Cheng Qu Yin Ji Xiang Yao An Cun,3,https://sjfw.mct.gov.cn/site/dataservice/rural,2022-12-07,2026-09-26,,,公开名录确认名称与所属地区；活动、餐饮、住宿和坐标尚未补充。
1001933,1933,public,湖北省宜昌市远安县花林寺镇龙凤村,湖北,宜昌,name_prefix,Hu Bei Sheng Yi Chang Shi Yuan An Xian Hua Lin Si Zhen Long Feng Cun,3,https://sjfw.mct.gov.cn/site/dataservice/rural,2022-12-07,2026-09-26,,,公开名录确认名称与所属地区；活动、餐饮、住宿和坐标尚未补充。
1001932,1932,public,湖北省荆州市松滋市洈水镇樟木溪村,湖北,荆州,name_prefix,Hu Bei Sheng Jing Zhou Shi Song Zi Shi Wei Shui Zhen Zhang Mu Xi Cun,3,https://sjfw.mct.gov.cn/site/dataservice/rural,2022-12-07,2026-09-26,,,公开名录确认名称与所属地区；活动、餐饮、住宿和坐标尚未补充。
1001931,1931,public,湖北省孝感市孝昌县小悟乡田堂村,湖北,孝感,name_prefix,Hu Bei Sheng Xiao Gan Shi Xiao Chang Xian Xiao Wu Xiang Tian Tang Cun,3,https://sjfw.mct.gov.cn/site/dataservice/rural,2022-12-07,2026-09-26,,,公开名录确认名称与所属地区；活动、餐饮、住宿和坐标尚未补充。
1001930,1930,public,湖北省黄冈市罗田县骆驼坳镇燕窝垸村,湖北,黄冈,name_prefix,Hu Bei Sheng Huang Gang Shi Luo Tian Xian Luo Tuo Ao Zhen Yan Wo Yuan Cun,3,https://sjfw.mct.gov.cn/site/dataservice/rural,2022-12-07,2026-09-26,,,公开名录确认名称与所属地区；活动、餐饮、住宿和坐标尚未补充。
1001929,1929,public,湖北省咸宁市通城县大坪乡内冲瑶族村,湖北,咸宁,name_prefix,Hu Bei Sheng Xian Ning Shi Tong Cheng Xian Da Ping Xiang Nei Chong Yao Zu Cun,3,https://sjfw.mct.gov.cn/site/dataservice/rural,2022-12-07,2026-09-26,,,公开名录确认名称与所属地区；活动、餐饮、住宿和坐标尚未补充。
1001928,1928,public,湖北省随州市广水市武胜关镇桃源村,湖北,随州,name_prefix,Hu Bei Sheng Sui Zhou Shi Guang Shui Shi Wu Sheng Guan Zhen Tao Yuan Cun,3,https://sjfw.mct.gov.cn/site/dataservice/rural,2022-12-07,2026-09-26,,,公开名录确认名称与所属地区；活动、餐饮、住宿和坐标尚未补充。
1001927,1927,public,湖南省湘西土家族苗族自治州凤凰县麻冲乡竹山村,湖南,湘西土家族苗族自治州,name_prefix,Hu Nan Sheng Xiang Xi Tu Jia Zu Miao Zu Zi Zhi Zhou Feng Huang Xian Ma Chong Xiang Zhu Shan Cun,3,https://sjfw.mct.gov.cn/site/dataservice/rural,2022-12-07,2026-09-26,,,公开名录确认名称与所属地区；活动、餐饮、住宿和坐标尚未补充。
1001926,1926,public,湖南省怀化市溆浦县统溪河镇穿岩山村,湖南,怀化,name_prefix,Hu Nan Sheng Huai Hua Shi Xu Pu Xian Tong Xi He Zhen Chuan Yan Shan Cun,3,https://sjfw.mct.gov.cn/site/dataservice/rural,2022-12-07,2026-09-26,,,公开名录确认名称与所属地区；活动、餐饮、住宿和坐标尚未补充。
1001925,1925,public,湖南省邵阳市洞口县罗溪瑶族乡宝瑶村,湖南,邵阳,name_prefix,Hu Nan Sheng Shao Yang Shi Dong Kou Xian Luo Xi Yao Zu Xiang Bao Yao Cun,3,https://sjfw.mct.gov.cn/site/dataservice/rural,2022-12-07,2026-09-26,,,公开名录确认名称与所属地区；活动、餐饮、住宿和坐标尚未补充。
1001924,1924,public,湖南省娄底市新化县吉庆镇油溪桥村,湖南,娄底,name_prefix,Hu Nan Sheng Lou Di Shi Xin Hua Xian Ji Qing Zhen You Xi Qiao Cun,3,https://sjfw.mct.gov.cn/site/dataservice/rural,2022-12-07,2026-09-26,,,公开名录确认名称与所属地区；活动、餐饮、住宿和坐标尚未补充。
1001923,1923,public,湖南省衡阳市珠晖区茶山坳镇堰头村,湖南,衡阳,name_prefix,Hu Nan Sheng Heng Yang Shi Zhu Hui Qu Cha Shan Ao Zhen Yan Tou Cun,3,https://sjfw.mct.gov.cn/site/dataservice/rural,2022-12-07,2026-09-26,,,公开名录确认名称与所属地区；活动、餐饮、住宿和坐标尚未补充。
1001922,1922,public,湖南省常德市津市市金鱼岭街道大关山村,湖南,常德,name_prefix,Hu Nan Sheng Chang De Shi Jin Shi Shi Jin Yu Ling Jie Dao Da Guan Shan Cun,3,https://sjfw.mct.gov.cn/site/dataservice/rural,2022-12-07,2026-09-26,,,公开名录确认名称与所属地区；活动、餐饮、住宿和坐标尚未补充。
1001921,1921,public,湖南省张家界市永定区王家坪镇马头溪村,湖南,张家界,name_prefix,Hu Nan Sheng Zhang Jia Jie Shi Yong Ding Qu Wang Jia Ping Zhen Ma Tou Xi Cun,3,https://sjfw.mct.gov.cn/site/dataservice/rural,2022-12-07,2026-09-26,,,公开名录确认名称与所属地区；活动、餐饮、住宿和坐标尚未补充。
1001920,1920,public,广东省广州市从化区城郊街西和村,广东,广州,name_prefix,Guang Dong Sheng Guang Zhou Shi Cong Hua Qu Cheng Jiao Jie Xi He Cun,3,https://sjfw.mct.gov.cn/site/dataservice/rural,2022-12-07,2026-09-26,,,公开名录确认名称与所属地区；活动、餐饮、住宿和坐标尚未补充。
1001919,1919,public,广东省肇庆市封开县江口街道台洞村,广东,肇庆,name_prefix,Guang Dong Sheng Zhao Qing Shi Feng Kai Xian Jiang Kou Jie Dao Tai Dong Cun,3,https://sjfw.mct.gov.cn/site/dataservice/rural,2022-12-07,2026-09-26,,,公开名录确认名称与所属地区；活动、餐饮、住宿和坐标尚未补充。
1001918,1918,public,广东省惠州市惠阳区秋长街道周田村,广东,惠州,name_prefix,Guang Dong Sheng Hui Zhou Shi Hui Yang Qu Qiu Chang Jie Dao Zhou Tian Cun,3,https://sjfw.mct.gov.cn/site/dataservice/rural,2022-12-07,2026-09-26,,,公开名录确认名称与所属地区；活动、餐饮、住宿和坐标尚未补充。
1001917,1917,public,广东省汕头市潮南区陇田镇东华村,广东,汕头,name_prefix,Guang Dong Sheng Shan Tou Shi Chao Nan Qu Long Tian Zhen Dong Hua Cun,3,https://sjfw.mct.gov.cn/site/dataservice/rural,2022-12-07,2026-09-26,,,公开名录确认名称与所属地区；活动、餐饮、住宿和坐标尚未补充。
1001916,1916,public,广东省中山市南朗街道左步村,广东,中山,name_prefix,Guang Dong Sheng Zhong Shan Shi Nan Lang Jie Dao Zuo Bu Cun,3,https://sjfw.mct.gov.cn/site/dataservice/rural,2022-12-07,2026-09-26,,,公开名录确认名称与所属地区；活动、餐饮、住宿和坐标尚未补充。
1001915,1915,public,广东省湛江市徐闻县角尾乡放坡村,广东,湛江,name_prefix,Guang Dong Sheng Zhan Jiang Shi Xu Wen Xian Jiao Wei Xiang Fang Po Cun,3,https://sjfw.mct.gov.cn/site/dataservice/rural,2022-12-07,2026-09-26,,,公开名录确认名称与所属地区；活动、餐饮、住宿和坐标尚未补充。
1001914,1914,public,广东省潮州市潮安区凤凰镇叫水坑村,广东,潮州,name_prefix,Guang Dong Sheng Chao Zhou Shi Chao An Qu Feng Huang Zhen Jiao Shui Keng Cun,3,https://sjfw.mct.gov.cn/site/dataservice/rural,2022-12-07,2026-09-26,,,公开名录确认名称与所属地区；活动、餐饮、住宿和坐标尚未补充。
1001913,1913,public,广西壮族自治区柳州市融水苗族自治县香粉乡雨卜村,广西,柳州,name_prefix,Guang Xi Zhuang Zu Zi Zhi Qu Liu Zhou Shi Rong Shui Miao Zu Zi Zhi Xian Xiang Fen Xiang Yu Bo Cun,3,https://sjfw.mct.gov.cn/site/dataservice/rural,2022-12-07,2026-09-26,,,公开名录确认名称与所属地区；活动、餐饮、住宿和坐标尚未补充。
1001912,1912,public,广西壮族自治区桂林市兴安县华江瑶族乡龙塘江村,广西,桂林,name_prefix,Guang Xi Zhuang Zu Zi Zhi Qu Gui Lin Shi Xing An Xian Hua Jiang Yao Zu Xiang Long Tang Jiang Cun,3,https://sjfw.mct.gov.cn/site/dataservice/rural,2022-12-07,2026-09-26,,,公开名录确认名称与所属地区；活动、餐饮、住宿和坐标尚未补充。
1001911,1911,public,广西壮族自治区钦州市浦北县北通镇那新村,广西,钦州,name_prefix,Guang Xi Zhuang Zu Zi Zhi Qu Qin Zhou Shi Pu Bei Xian Bei Tong Zhen Na Xin Cun,3,https://sjfw.mct.gov.cn/site/dataservice/rural,2022-12-07,2026-09-26,,,公开名录确认名称与所属地区；活动、餐饮、住宿和坐标尚未补充。
1001910,1910,public,广西壮族自治区百色市凌云县伶站瑶族乡浩坤村,广西,百色,name_prefix,Guang Xi Zhuang Zu Zi Zhi Qu Bai Se Shi Ling Yun Xian Ling Zhan Yao Zu Xiang Hao Kun Cun,3,https://sjfw.mct.gov.cn/site/dataservice/rural,2022-12-07,2026-09-26,,,公开名录确认名称与所属地区；活动、餐饮、住宿和坐标尚未补充。
1001909,1909,public,广西壮族自治区贺州市昭平县黄姚镇北莱村,广西,贺州,name_prefix,Guang Xi Zhuang Zu Zi Zhi Qu He Zhou Shi Zhao Ping Xian Huang Yao Zhen Bei Lai Cun,3,https://sjfw.mct.gov.cn/site/dataservice/rural,2022-12-07,2026-09-26,,,公开名录确认名称与所属地区；活动、餐饮、住宿和坐标尚未补充。
1001908,1908,public,广西壮族自治区河池市南丹县里湖瑶族乡朵努社区,广西,河池,name_prefix,Guang Xi Zhuang Zu Zi Zhi Qu He Chi Shi Nan Dan Xian Li Hu Yao Zu Xiang Duo Nu She Qu,3,https://sjfw.mct.gov.cn/site/dataservice/rural,2022-12-07,2026-09-26,,,公开名录确认名称与所属地区；活动、餐饮、住宿和坐标尚未补充。
1001907,1907,public,广西壮族自治区来宾市金秀瑶族自治县金秀镇六段村,广西,来宾,name_prefix,Guang Xi Zhuang Zu Zi Zhi Qu Lai Bin Shi Jin Xiu Yao Zu Zi Zhi Xian Jin Xiu Zhen Liu Duan Cun,3,https://sjfw.mct.gov.cn/site/dataservice/rural,2022-12-07,2026-09-26,,,公开名录确认名称与所属地区；活动、餐饮、住宿和坐标尚未补充。
1001906,1906,public,海南省琼海市博鳌镇留客村,海南,琼海,name_prefix,Hai Nan Sheng Qiong Hai Shi Bo Ao Zhen Liu Ke Cun,3,https://sjfw.mct.gov.cn/site/dataservice/rural,2022-12-07,2026-09-26,,,公开名录确认名称与所属地区；活动、餐饮、住宿和坐标尚未补充。
1001905,1905,public,海南省万宁市兴隆华侨农场57队,海南,万宁,name_prefix,Hai Nan Sheng Wan Ning Shi Xing Long Hua Qiao Nong Chang 57 Dui,3,https://sjfw.mct.gov.cn/site/dataservice/rural,2022-12-07,2026-09-26,,,公开名录确认名称与所属地区；活动、餐饮、住宿和坐标尚未补充。
1001904,1904,public,海南省儋州市中和镇七里村,海南,儋州,name_prefix,Hai Nan Sheng Dan Zhou Shi Zhong He Zhen Qi Li Cun,3,https://sjfw.mct.gov.cn/site/dataservice/rural,2022-12-07,2026-09-26,,,公开名录确认名称与所属地区；活动、餐饮、住宿和坐标尚未补充。
1001903,1903,public,海南省昌江黎族自治县王下乡浪论村,海南,海南,province_fallback,Hai Nan Sheng Chang Jiang Li Zu Zi Zhi Xian Wang Xia Xiang Lang Lun Cun,3,https://sjfw.mct.gov.cn/site/dataservice/rural,2022-12-07,2026-09-26,,,公开名录确认名称与所属地区；活动、餐饮、住宿和坐标尚未补充。
1001902,1902,public,海南省文昌市潭牛镇大庙村,海南,文昌,name_prefix,Hai Nan Sheng Wen Chang Shi Tan Niu Zhen Da Miao Cun,3,https://sjfw.mct.gov.cn/site/dataservice/rural,2022-12-07,2026-09-26,,,公开名录确认名称与所属地区；活动、餐饮、住宿和坐标尚未补充。
1001901,1901,public,重庆市万州区长岭镇安溪村,重庆,重庆,municipality,Chong Qing Shi Wan Zhou Qu Zhang Ling Zhen An Xi Cun,3,https://sjfw.mct.gov.cn/site/dataservice/rural,2022-12-07,2026-09-26,,,公开名录确认名称与所属地区；活动、餐饮、住宿和坐标尚未补充。
1001900,1900,public,重庆市九龙坡区铜罐驿镇英雄湾村,重庆,重庆,municipality,Chong Qing Shi Jiu Long Po Qu Tong Guan Yi Zhen Ying Xiong Wan Cun,3,https://sjfw.mct.gov.cn/site/dataservice/rural,2022-12-07,2026-09-26,,,公开名录确认名称与所属地区；活动、餐饮、住宿和坐标尚未补充。
1001899,1899,public,重庆市江津区先锋镇保坪村,重庆,重庆,municipality,Chong Qing Shi Jiang Jin Qu Xian Feng Zhen Bao Ping Cun,3,https://sjfw.mct.gov.cn/site/dataservice/rural,2022-12-07,2026-09-26,,,公开名录确认名称与所属地区；活动、餐饮、住宿和坐标尚未补充。
1001898,1898,public,重庆市巫山县竹贤乡下庄村,重庆,重庆,municipality,Chong Qing Shi Wu Shan Xian Zhu Xian Xiang Xia Zhuang Cun,3,https://sjfw.mct.gov.cn/site/dataservice/rural,2022-12-07,2026-09-26,,,公开名录确认名称与所属地区；活动、餐饮、住宿和坐标尚未补充。
1001897,1897,public,重庆市奉节县兴隆镇回龙村,重庆,重庆,municipality,Chong Qing Shi Feng Jie Xian Xing Long Zhen Hui Long Cun,3,https://sjfw.mct.gov.cn/site/dataservice/rural,2022-12-07,2026-09-26,,,公开名录确认名称与所属地区；活动、餐饮、住宿和坐标尚未补充。
1001896,1896,public,重庆市潼南区崇龛镇明月社区,重庆,重庆,municipality,Chong Qing Shi Tong Nan Qu Chong Kan Zhen Ming Yue She Qu,3,https://sjfw.mct.gov.cn/site/dataservice/rural,2022-12-07,2026-09-26,,,公开名录确认名称与所属地区；活动、餐饮、住宿和坐标尚未补充。
1001895,1895,public,四川省成都市邛崃市平乐镇花楸村,四川,成都,name_prefix,Si Chuan Sheng Cheng Du Shi Qiong Lai Shi Ping Le Zhen Hua Qiu Cun,3,https://sjfw.mct.gov.cn/site/dataservice/rural,2022-12-07,2026-09-26,,,公开名录确认名称与所属地区；活动、餐饮、住宿和坐标尚未补充。
1001894,1894,public,四川省乐山市金口河区永和镇胜利村,四川,乐山,name_prefix,Si Chuan Sheng Le Shan Shi Jin Kou He Qu Yong He Zhen Sheng Li Cun,3,https://sjfw.mct.gov.cn/site/dataservice/rural,2022-12-07,2026-09-26,,,公开名录确认名称与所属地区；活动、餐饮、住宿和坐标尚未补充。
1001893,1893,public,四川省宜宾市翠屏区李庄镇高桥村,四川,宜宾,name_prefix,Si Chuan Sheng Yi Bin Shi Cui Ping Qu Li Zhuang Zhen Gao Qiao Cun,3,https://sjfw.mct.gov.cn/site/dataservice/rural,2022-12-07,2026-09-26,,,公开名录确认名称与所属地区；活动、餐饮、住宿和坐标尚未补充。
1001892,1892,public,四川省广安市岳池县白庙镇郑家村,四川,广安,name_prefix,Si Chuan Sheng Guang An Shi Yue Chi Xian Bai Miao Zhen Zheng Jia Cun,3,https://sjfw.mct.gov.cn/site/dataservice/rural,2022-12-07,2026-09-26,,,公开名录确认名称与所属地区；活动、餐饮、住宿和坐标尚未补充。
1001891,1891,public,四川省雅安市石棉县安顺场镇安顺村,四川,雅安,name_prefix,Si Chuan Sheng Ya An Shi Shi Mian Xian An Shun Chang Zhen An Shun Cun,3,https://sjfw.mct.gov.cn/site/dataservice/rural,2022-12-07,2026-09-26,,,公开名录确认名称与所属地区；活动、餐饮、住宿和坐标尚未补充。
1001890,1890,public,四川省眉山市青神县青竹街道兰沟村,四川,眉山,name_prefix,Si Chuan Sheng Mei Shan Shi Qing Shen Xian Qing Zhu Jie Dao Lan Gou Cun,3,https://sjfw.mct.gov.cn/site/dataservice/rural,2022-12-07,2026-09-26,,,公开名录确认名称与所属地区；活动、餐饮、住宿和坐标尚未补充。
1001889,1889,public,四川省阿坝藏族羌族自治州小金县四姑娘山镇长坪村,四川,阿坝藏族羌族自治州,name_prefix,Si Chuan Sheng A Ba Zang Zu Qiang Zu Zi Zhi Zhou Xiao Jin Xian Si Gu Niang Shan Zhen Zhang Ping Cun,3,https://sjfw.mct.gov.cn/site/dataservice/rural,2022-12-07,2026-09-26,,,公开名录确认名称与所属地区；活动、餐饮、住宿和坐标尚未补充。
1001888,1888,public,贵州省毕节市黔西市新仁苗族乡化屋村,贵州,毕节,name_prefix,Gui Zhou Sheng Bi Jie Shi Qian Xi Shi Xin Ren Miao Zu Xiang Hua Wu Cun,3,https://sjfw.mct.gov.cn/site/dataservice/rural,2022-12-07,2026-09-26,,,公开名录确认名称与所属地区；活动、餐饮、住宿和坐标尚未补充。
1001887,1887,public,贵州省六盘水市水城区米箩镇倮么村,贵州,六盘水,name_prefix,Gui Zhou Sheng Liu Pan Shui Shi Shui Cheng Qu Mi Luo Zhen Luo Me Cun,3,https://sjfw.mct.gov.cn/site/dataservice/rural,2022-12-07,2026-09-26,,,公开名录确认名称与所属地区；活动、餐饮、住宿和坐标尚未补充。
1001886,1886,public,贵州省安顺市平坝区夏云镇小河湾村,贵州,安顺,name_prefix,Gui Zhou Sheng An Shun Shi Ping Ba Qu Xia Yun Zhen Xiao He Wan Cun,3,https://sjfw.mct.gov.cn/site/dataservice/rural,2022-12-07,2026-09-26,,,公开名录确认名称与所属地区；活动、餐饮、住宿和坐标尚未补充。
1001885,1885,public,贵州省贵阳市开阳县禾丰布依族苗族乡马头村,贵州,贵阳,name_prefix,Gui Zhou Sheng Gui Yang Shi Kai Yang Xian He Feng Bu Yi Zu Miao Zu Xiang Ma Tou Cun,3,https://sjfw.mct.gov.cn/site/dataservice/rural,2022-12-07,2026-09-26,,,公开名录确认名称与所属地区；活动、餐饮、住宿和坐标尚未补充。
1001884,1884,public,贵州省遵义市湄潭县鱼泉街道新石社区,贵州,遵义,name_prefix,Gui Zhou Sheng Zun Yi Shi Mei Tan Xian Yu Quan Jie Dao Xin Shi She Qu,3,https://sjfw.mct.gov.cn/site/dataservice/rural,2022-12-07,2026-09-26,,,公开名录确认名称与所属地区；活动、餐饮、住宿和坐标尚未补充。
1001883,1883,public,贵州省黔东南苗族侗族自治州锦屏县敦寨镇雷屯村,贵州,黔东南苗族侗族自治州,name_prefix,Gui Zhou Sheng Qian Dong Nan Miao Zu Dong Zu Zi Zhi Zhou Jin Ping Xian Dun Zhai Zhen Lei Tun Cun,3,https://sjfw.mct.gov.cn/site/dataservice/rural,2022-12-07,2026-09-26,,,公开名录确认名称与所属地区；活动、餐饮、住宿和坐标尚未补充。
1001882,1882,public,贵州省黔南布依族苗族自治州龙里县龙山镇龙山社区,贵州,黔南布依族苗族自治州,name_prefix,Gui Zhou Sheng Qian Nan Bu Yi Zu Miao Zu Zi Zhi Zhou Long Li Xian Long Shan Zhen Long Shan She Qu,3,https://sjfw.mct.gov.cn/site/dataservice/rural,2022-12-07,2026-09-26,,,公开名录确认名称与所属地区；活动、餐饮、住宿和坐标尚未补充。
1001881,1881,public,云南省大理白族自治州鹤庆县草海镇新华村,云南,大理白族自治州,name_prefix,Yun Nan Sheng Da Li Bai Zu Zi Zhi Zhou He Qing Xian Cao Hai Zhen Xin Hua Cun,3,https://sjfw.mct.gov.cn/site/dataservice/rural,2022-12-07,2026-09-26,,,公开名录确认名称与所属地区；活动、餐饮、住宿和坐标尚未补充。
1001880,1880,public,云南省丽江市玉龙纳西族自治县拉市镇均良村,云南,丽江,name_prefix,Yun Nan Sheng Li Jiang Shi Yu Long Na Xi Zu Zi Zhi Xian La Shi Zhen Jun Liang Cun,3,https://sjfw.mct.gov.cn/site/dataservice/rural,2022-12-07,2026-09-26,,,公开名录确认名称与所属地区；活动、餐饮、住宿和坐标尚未补充。
1001879,1879,public,云南省玉溪市澄江市龙街镇禄充社区,云南,玉溪,name_prefix,Yun Nan Sheng Yu Xi Shi Cheng Jiang Shi Long Jie Zhen Lu Chong She Qu,3,https://sjfw.mct.gov.cn/site/dataservice/rural,2022-12-07,2026-09-26,,,公开名录确认名称与所属地区；活动、餐饮、住宿和坐标尚未补充。
1001878,1878,public,云南省临沧市双江拉祜族佤族布朗族傣族自治县沙河乡允俸村,云南,临沧,name_prefix,Yun Nan Sheng Lin Cang Shi Shuang Jiang La Hu Zu Wa Zu Bu Lang Zu Dai Zu Zi Zhi Xian Sha He Xiang Yun Feng Cun,3,https://sjfw.mct.gov.cn/site/dataservice/rural,2022-12-07,2026-09-26,,,公开名录确认名称与所属地区；活动、餐饮、住宿和坐标尚未补充。
1001877,1877,public,云南省西双版纳傣族自治州勐海县打洛镇曼掌村,云南,西双版纳傣族自治州,name_prefix,Yun Nan Sheng Xi Shuang Ban Na Dai Zu Zi Zhi Zhou Meng Hai Xian Da Luo Zhen Man Zhang Cun,3,https://sjfw.mct.gov.cn/site/dataservice/rural,2022-12-07,2026-09-26,,,公开名录确认名称与所属地区；活动、餐饮、住宿和坐标尚未补充。
1001876,1876,public,云南省曲靖市宣威市东山镇芙蓉村,云南,曲靖,name_prefix,Yun Nan Sheng Qu Jing Shi Xuan Wei Shi Dong Shan Zhen Fu Rong Cun,3,https://sjfw.mct.gov.cn/site/dataservice/rural,2022-12-07,2026-09-26,,,公开名录确认名称与所属地区；活动、餐饮、住宿和坐标尚未补充。
1001875,1875,public,云南省文山壮族苗族自治州丘北县双龙营镇普者黑村,云南,文山壮族苗族自治州,name_prefix,Yun Nan Sheng Wen Shan Zhuang Zu Miao Zu Zi Zhi Zhou Qiu Bei Xian Shuang Long Ying Zhen Pu Zhe Hei Cun,3,https://sjfw.mct.gov.cn/site/dataservice/rural,2022-12-07,2026-09-26,,,公开名录确认名称与所属地区；活动、餐饮、住宿和坐标尚未补充。
1001874,1874,public,西藏自治区日喀则市定结县琼孜乡姆村,西藏,日喀则,name_prefix,Xi Zang Zi Zhi Qu Ri Ka Ze Shi Ding Jie Xian Qiong Zi Xiang Mu Cun,3,https://sjfw.mct.gov.cn/site/dataservice/rural,2022-12-07,2026-09-26,,,公开名录确认名称与所属地区；活动、餐饮、住宿和坐标尚未补充。
1001873,1873,public,西藏自治区日喀则市亚东县帕里镇四居委会,西藏,日喀则,name_prefix,Xi Zang Zi Zhi Qu Ri Ka Ze Shi Ya Dong Xian Pa Li Zhen Si Ju Wei Hui,3,https://sjfw.mct.gov.cn/site/dataservice/rural,2022-12-07,2026-09-26,,,公开名录确认名称与所属地区；活动、餐饮、住宿和坐标尚未补充。
1001872,1872,public,西藏自治区山南市洛扎县色乡色村,西藏,山南,name_prefix,Xi Zang Zi Zhi Qu Shan Nan Shi Luo Zha Xian Se Xiang Se Cun,3,https://sjfw.mct.gov.cn/site/dataservice/rural,2022-12-07,2026-09-26,,,公开名录确认名称与所属地区；活动、餐饮、住宿和坐标尚未补充。
1001871,1871,public,西藏自治区山南市洛扎县拉郊乡拉郊村,西藏,山南,name_prefix,Xi Zang Zi Zhi Qu Shan Nan Shi Luo Zha Xian La Jiao Xiang La Jiao Cun,3,https://sjfw.mct.gov.cn/site/dataservice/rural,2022-12-07,2026-09-26,,,公开名录确认名称与所属地区；活动、餐饮、住宿和坐标尚未补充。
1001870,1870,public,西藏自治区林芝市米林县南伊珞巴民族乡南伊村,西藏,林芝,name_prefix,Xi Zang Zi Zhi Qu Lin Zhi Shi Mi Lin Xian Nan Yi Luo Ba Min Zu Xiang Nan Yi Cun,3,https://sjfw.mct.gov.cn/site/dataservice/rural,2022-12-07,2026-09-26,,,公开名录确认名称与所属地区；活动、餐饮、住宿和坐标尚未补充。
1001869,1869,public,陕西省西安市鄠邑区石井街道蔡家坡村,陕西,西安,name_prefix,Shan Xi Sheng Xi An Shi Hu Yi Qu Shi Jing Jie Dao Cai Jia Po Cun,3,https://sjfw.mct.gov.cn/site/dataservice/rural,2022-12-07,2026-09-26,,,公开名录确认名称与所属地区；活动、餐饮、住宿和坐标尚未补充。
1001868,1868,public,陕西省宝鸡市金台区金河镇周家庄村,陕西,宝鸡,name_prefix,Shan Xi Sheng Bao Ji Shi Jin Tai Qu Jin He Zhen Zhou Jia Zhuang Cun,3,https://sjfw.mct.gov.cn/site/dataservice/rural,2022-12-07,2026-09-26,,,公开名录确认名称与所属地区；活动、餐饮、住宿和坐标尚未补充。
1001867,1867,public,陕西省渭南市合阳县黑池镇南社社区,陕西,渭南,name_prefix,Shan Xi Sheng Wei Nan Shi He Yang Xian Hei Chi Zhen Nan She She Qu,3,https://sjfw.mct.gov.cn/site/dataservice/rural,2022-12-07,2026-09-26,,,公开名录确认名称与所属地区；活动、餐饮、住宿和坐标尚未补充。
1001866,1866,public,陕西省汉中市南郑区汉山街道汉山村,陕西,汉中,name_prefix,Shan Xi Sheng Han Zhong Shi Nan Zheng Qu Han Shan Jie Dao Han Shan Cun,3,https://sjfw.mct.gov.cn/site/dataservice/rural,2022-12-07,2026-09-26,,,公开名录确认名称与所属地区；活动、餐饮、住宿和坐标尚未补充。
1001865,1865,public,陕西省商洛市山阳县法官镇法官庙村,陕西,商洛,name_prefix,Shan Xi Sheng Shang Luo Shi Shan Yang Xian Fa Guan Zhen Fa Guan Miao Cun,3,https://sjfw.mct.gov.cn/site/dataservice/rural,2022-12-07,2026-09-26,,,公开名录确认名称与所属地区；活动、餐饮、住宿和坐标尚未补充。
1001864,1864,public,陕西省延安市宝塔区万花山镇佛道坪村,陕西,延安,name_prefix,Shan Xi Sheng Yan An Shi Bao Ta Qu Wan Hua Shan Zhen Fu Dao Ping Cun,3,https://sjfw.mct.gov.cn/site/dataservice/rural,2022-12-07,2026-09-26,,,公开名录确认名称与所属地区；活动、餐饮、住宿和坐标尚未补充。
1001863,1863,public,甘肃省兰州市榆中县小康营乡浪街村,甘肃,兰州,name_prefix,Gan Su Sheng Lan Zhou Shi Yu Zhong Xian Xiao Kang Ying Xiang Lang Jie Cun,3,https://sjfw.mct.gov.cn/site/dataservice/rural,2022-12-07,2026-09-26,,,公开名录确认名称与所属地区；活动、餐饮、住宿和坐标尚未补充。
1001862,1862,public,甘肃省定西市渭源县田家河乡元古堆村,甘肃,定西,name_prefix,Gan Su Sheng Ding Xi Shi Wei Yuan Xian Tian Jia He Xiang Yuan Gu Dui Cun,3,https://sjfw.mct.gov.cn/site/dataservice/rural,2022-12-07,2026-09-26,,,公开名录确认名称与所属地区；活动、餐饮、住宿和坐标尚未补充。
1001861,1861,public,甘肃省武威市凉州区高坝镇蜻蜓村,甘肃,武威,name_prefix,Gan Su Sheng Wu Wei Shi Liang Zhou Qu Gao Ba Zhen Qing Ting Cun,3,https://sjfw.mct.gov.cn/site/dataservice/rural,2022-12-07,2026-09-26,,,公开名录确认名称与所属地区；活动、餐饮、住宿和坐标尚未补充。
1001860,1860,public,甘肃省白银市白银区水川镇顾家善村,甘肃,白银,name_prefix,Gan Su Sheng Bai Yin Shi Bai Yin Qu Shui Chuan Zhen Gu Jia Shan Cun,3,https://sjfw.mct.gov.cn/site/dataservice/rural,2022-12-07,2026-09-26,,,公开名录确认名称与所属地区；活动、餐饮、住宿和坐标尚未补充。
1001859,1859,public,甘肃省临夏回族自治州康乐县八松乡纳沟村,甘肃,临夏回族自治州,name_prefix,Gan Su Sheng Lin Xia Hui Zu Zi Zhi Zhou Kang Le Xian Ba Song Xiang Na Gou Cun,3,https://sjfw.mct.gov.cn/site/dataservice/rural,2022-12-07,2026-09-26,,,公开名录确认名称与所属地区；活动、餐饮、住宿和坐标尚未补充。
1001858,1858,public,甘肃省庆阳市庆城县庆城镇药王洞村,甘肃,庆阳,name_prefix,Gan Su Sheng Qing Yang Shi Qing Cheng Xian Qing Cheng Zhen Yao Wang Dong Cun,3,https://sjfw.mct.gov.cn/site/dataservice/rural,2022-12-07,2026-09-26,,,公开名录确认名称与所属地区；活动、餐饮、住宿和坐标尚未补充。
1001857,1857,public,青海省西宁市大通回族土族自治县朔北藏族乡东至沟村,青海,西宁,name_prefix,Qing Hai Sheng Xi Ning Shi Da Tong Hui Zu Tu Zu Zi Zhi Xian Shuo Bei Zang Zu Xiang Dong Zhi Gou Cun,3,https://sjfw.mct.gov.cn/site/dataservice/rural,2022-12-07,2026-09-26,,,公开名录确认名称与所属地区；活动、餐饮、住宿和坐标尚未补充。
1001856,1856,public,青海省海东市化隆回族自治县群科镇安达其哈村,青海,海东,name_prefix,Qing Hai Sheng Hai Dong Shi Hua Long Hui Zu Zi Zhi Xian Qun Ke Zhen An Da Qi Ha Cun,3,https://sjfw.mct.gov.cn/site/dataservice/rural,2022-12-07,2026-09-26,,,公开名录确认名称与所属地区；活动、餐饮、住宿和坐标尚未补充。
1001855,1855,public,青海省黄南藏族自治州同仁市扎毛乡扎毛村,青海,黄南藏族自治州,name_prefix,Qing Hai Sheng Huang Nan Zang Zu Zi Zhi Zhou Tong Ren Shi Zha Mao Xiang Zha Mao Cun,3,https://sjfw.mct.gov.cn/site/dataservice/rural,2022-12-07,2026-09-26,,,公开名录确认名称与所属地区；活动、餐饮、住宿和坐标尚未补充。
1001854,1854,public,青海省海东市乐都区高庙镇新庄村,青海,海东,name_prefix,Qing Hai Sheng Hai Dong Shi Le Du Qu Gao Miao Zhen Xin Zhuang Cun,3,https://sjfw.mct.gov.cn/site/dataservice/rural,2022-12-07,2026-09-26,,,公开名录确认名称与所属地区；活动、餐饮、住宿和坐标尚未补充。
1001853,1853,public,青海省海南藏族自治州贵德县河西镇团结村,青海,海南藏族自治州,name_prefix,Qing Hai Sheng Hai Nan Zang Zu Zi Zhi Zhou Gui De Xian He Xi Zhen Tuan Jie Cun,3,https://sjfw.mct.gov.cn/site/dataservice/rural,2022-12-07,2026-09-26,,,公开名录确认名称与所属地区；活动、餐饮、住宿和坐标尚未补充。
1001852,1852,public,宁夏回族自治区吴忠市青铜峡市大坝镇韦桥村,宁夏,吴忠,name_prefix,Ning Xia Hui Zu Zi Zhi Qu Wu Zhong Shi Qing Tong Xia Shi Da Ba Zhen Wei Qiao Cun,3,https://sjfw.mct.gov.cn/site/dataservice/rural,2022-12-07,2026-09-26,,,公开名录确认名称与所属地区；活动、餐饮、住宿和坐标尚未补充。
1001851,1851,public,宁夏回族自治区吴忠市红寺堡区红寺堡镇弘德村,宁夏,吴忠,name_prefix,Ning Xia Hui Zu Zi Zhi Qu Wu Zhong Shi Hong Si Bao Qu Hong Si Bao Zhen Hong De Cun,3,https://sjfw.mct.gov.cn/site/dataservice/rural,2022-12-07,2026-09-26,,,公开名录确认名称与所属地区；活动、餐饮、住宿和坐标尚未补充。
1001850,1850,public,宁夏回族自治区石嘴山市平罗县高仁乡六顷地村,宁夏,石嘴山,name_prefix,Ning Xia Hui Zu Zi Zhi Qu Shi Zui Shan Shi Ping Luo Xian Gao Ren Xiang Liu Qing Di Cun,3,https://sjfw.mct.gov.cn/site/dataservice/rural,2022-12-07,2026-09-26,,,公开名录确认名称与所属地区；活动、餐饮、住宿和坐标尚未补充。
1001849,1849,public,宁夏回族自治区中卫市中宁县余丁乡黄羊村,宁夏,中卫,name_prefix,Ning Xia Hui Zu Zi Zhi Qu Zhong Wei Shi Zhong Ning Xian Yu Ding Xiang Huang Yang Cun,3,https://sjfw.mct.gov.cn/site/dataservice/rural,2022-12-07,2026-09-26,,,公开名录确认名称与所属地区；活动、餐饮、住宿和坐标尚未补充。
1001848,1848,public,宁夏回族自治区固原市隆德县凤岭乡李士村,宁夏,固原,name_prefix,Ning Xia Hui Zu Zi Zhi Qu Gu Yuan Shi Long De Xian Feng Ling Xiang Li Shi Cun,3,https://sjfw.mct.gov.cn/site/dataservice/rural,2022-12-07,2026-09-26,,,公开名录确认名称与所属地区；活动、餐饮、住宿和坐标尚未补充。
1001847,1847,public,新疆维吾尔自治区阿勒泰地区喀纳斯景区铁热克提乡白哈巴村,新疆,阿勒泰地区,name_prefix,Xin Jiang Wei Wu Er Zi Zhi Qu A Lei Tai Di Qu Ka Na Si Jing Qu Tie Re Ke Ti Xiang Bai Ha Ba Cun,3,https://sjfw.mct.gov.cn/site/dataservice/rural,2022-12-07,2026-09-26,,,公开名录确认名称与所属地区；活动、餐饮、住宿和坐标尚未补充。
1001846,1846,public,新疆维吾尔自治区阿勒泰地区吉木乃县托斯特乡塔斯特村（石头村）,新疆,阿勒泰地区,name_prefix,Xin Jiang Wei Wu Er Zi Zhi Qu A Lei Tai Di Qu Ji Mu Nai Xian Tuo Si Te Xiang Ta Si Te Cun （ Shi Tou Cun ）,3,https://sjfw.mct.gov.cn/site/dataservice/rural,2022-12-07,2026-09-26,,,公开名录确认名称与所属地区；活动、餐饮、住宿和坐标尚未补充。
1001845,1845,public,新疆维吾尔自治区伊犁哈萨克自治州新源县那拉提镇拜依盖托别村,新疆,伊犁哈萨克自治州,name_prefix,Xin Jiang Wei Wu Er Zi Zhi Qu Yi Li Ha Sa Ke Zi Zhi Zhou Xin Yuan Xian Na La Ti Zhen Bai Yi Gai Tuo Bie Cun,3,https://sjfw.mct.gov.cn/site/dataservice/rural,2022-12-07,2026-09-26,,,公开名录确认名称与所属地区；活动、餐饮、住宿和坐标尚未补充。
1001844,1844,public,新疆维吾尔自治区昌吉回族自治州昌吉市六工镇十三户村,新疆,昌吉回族自治州,name_prefix,Xin Jiang Wei Wu Er Zi Zhi Qu Chang Ji Hui Zu Zi Zhi Zhou Chang Ji Shi Liu Gong Zhen Shi San Hu Cun,3,https://sjfw.mct.gov.cn/site/dataservice/rural,2022-12-07,2026-09-26,,,公开名录确认名称与所属地区；活动、餐饮、住宿和坐标尚未补充。
1001843,1843,public,新疆维吾尔自治区克拉玛依市乌尔禾区乌尔禾镇查干草村,新疆,克拉玛依,name_prefix,Xin Jiang Wei Wu Er Zi Zhi Qu Ke La Ma Yi Shi Wu Er He Qu Wu Er He Zhen Cha Gan Cao Cun,3,https://sjfw.mct.gov.cn/site/dataservice/rural,2022-12-07,2026-09-26,,,公开名录确认名称与所属地区；活动、餐饮、住宿和坐标尚未补充。
1001842,1842,public,新疆维吾尔自治区吐鲁番市高昌区葡萄镇巴格日社区,新疆,吐鲁番,name_prefix,Xin Jiang Wei Wu Er Zi Zhi Qu Tu Lu Fan Shi Gao Chang Qu Pu Tao Zhen Ba Ge Ri She Qu,3,https://sjfw.mct.gov.cn/site/dataservice/rural,2022-12-07,2026-09-26,,,公开名录确认名称与所属地区；活动、餐饮、住宿和坐标尚未补充。
1001841,1841,public,新疆生产建设兵团第一师16团1连,新疆,新疆,province_fallback,Xin Jiang Sheng Chan Jian She Bing Tuan Di Yi Shi 16 Tuan 1 Lian,3,https://sjfw.mct.gov.cn/site/dataservice/rural,2022-12-07,2026-09-26,,,公开名录确认名称与所属地区；活动、餐饮、住宿和坐标尚未补充。
1001840,1840,public,新疆生产建设兵团第二师27团8连,新疆,新疆,province_fallback,Xin Jiang Sheng Chan Jian She Bing Tuan Di Er Shi 27 Tuan 8 Lian,3,https://sjfw.mct.gov.cn/site/dataservice/rural,2022-12-07,2026-09-26,,,公开名录确认名称与所属地区；活动、餐饮、住宿和坐标尚未补充。
1001839,1839,public,新疆生产建设兵团第六师红旗农场11连,新疆,新疆,province_fallback,Xin Jiang Sheng Chan Jian She Bing Tuan Di Liu Shi Hong Qi Nong Chang 11 Lian,3,https://sjfw.mct.gov.cn/site/dataservice/rural,2022-12-07,2026-09-26,,,公开名录确认名称与所属地区；活动、餐饮、住宿和坐标尚未补充。
1001838,1838,public,新疆生产建设兵团第九师161团8连,新疆,新疆,province_fallback,Xin Jiang Sheng Chan Jian She Bing Tuan Di Jiu Shi 161 Tuan 8 Lian,3,https://sjfw.mct.gov.cn/site/dataservice/rural,2022-12-07,2026-09-26,,,公开名录确认名称与所属地区；活动、餐饮、住宿和坐标尚未补充。
1001837,1837,public,新疆生产建设兵团第十四师皮山农场1连,新疆,新疆,province_fallback,Xin Jiang Sheng Chan Jian She Bing Tuan Di Shi Si Shi Pi Shan Nong Chang 1 Lian,3,https://sjfw.mct.gov.cn/site/dataservice/rural,2022-12-07,2026-09-26,,,公开名录确认名称与所属地区；活动、餐饮、住宿和坐标尚未补充。
1028202,28202,public,北京市延庆区四海镇大吉祥村,北京,北京,municipality,Bei Jing Shi Yan Qing Qu Si Hai Zhen Da Ji Xiang Cun,4,https://sjfw.mct.gov.cn/site/dataservice/rural,2022-12-07,2026-09-26,,,公开名录确认名称与所属地区；活动、餐饮、住宿和坐标尚未补充。
1028201,28201,public,北京市延庆区康庄镇火烧营村,北京,北京,municipality,Bei Jing Shi Yan Qing Qu Kang Zhuang Zhen Huo Shao Ying Cun,4,https://sjfw.mct.gov.cn/site/dataservice/rural,2022-12-07,2026-09-26,,,公开名录确认名称与所属地区；活动、餐饮、住宿和坐标尚未补充。
1028200,28200,public,北京市密云区新城子镇遥桥峪村,北京,北京,municipality,Bei Jing Shi Mi Yun Qu Xin Cheng Zi Zhen Yao Qiao Yu Cun,4,https://sjfw.mct.gov.cn/site/dataservice/rural,2022-12-07,2026-09-26,,,公开名录确认名称与所属地区；活动、餐饮、住宿和坐标尚未补充。
1028199,28199,public,北京市昌平区兴寿镇下苑村,北京,北京,municipality,Bei Jing Shi Chang Ping Qu Xing Shou Zhen Xia Yuan Cun,4,https://sjfw.mct.gov.cn/site/dataservice/rural,2022-12-07,2026-09-26,,,公开名录确认名称与所属地区；活动、餐饮、住宿和坐标尚未补充。
1028196,28196,public,北京市房山区史家营乡金鸡台村,北京,北京,municipality,Bei Jing Shi Fang Shan Qu Shi Jia Ying Xiang Jin Ji Tai Cun,4,https://sjfw.mct.gov.cn/site/dataservice/rural,2022-12-07,2026-09-26,,,公开名录确认名称与所属地区；活动、餐饮、住宿和坐标尚未补充。
1028190,28190,public,北京市门头沟区妙峰山镇炭厂村,北京,北京,municipality,Bei Jing Shi Men Tou Gou Qu Miao Feng Shan Zhen Tan Chang Cun,4,https://sjfw.mct.gov.cn/site/dataservice/rural,2022-12-07,2026-09-26,,,公开名录确认名称与所属地区；活动、餐饮、住宿和坐标尚未补充。
1028207,28207,public,天津市津南区八里台镇西小站村,天津,天津,municipality,Tian Jin Shi Jin Nan Qu Ba Li Tai Zhen Xi Xiao Zhan Cun,4,https://sjfw.mct.gov.cn/site/dataservice/rural,2022-12-07,2026-09-26,,,公开名录确认名称与所属地区；活动、餐饮、住宿和坐标尚未补充。
1028206,28206,public,天津市宝坻区黄庄镇李宦庄村,天津,天津,municipality,Tian Jin Shi Bao Di Qu Huang Zhuang Zhen Li Huan Zhuang Cun,4,https://sjfw.mct.gov.cn/site/dataservice/rural,2022-12-07,2026-09-26,,,公开名录确认名称与所属地区；活动、餐饮、住宿和坐标尚未补充。
1028205,28205,public,天津市西青区杨柳青镇白滩寺村,天津,天津,municipality,Tian Jin Shi Xi Qing Qu Yang Liu Qing Zhen Bai Tan Si Cun,4,https://sjfw.mct.gov.cn/site/dataservice/rural,2022-12-07,2026-09-26,,,公开名录确认名称与所属地区；活动、餐饮、住宿和坐标尚未补充。
1028204,28204,public,天津市宁河区丰台镇岳秀庄村,天津,天津,municipality,Tian Jin Shi Ning He Qu Feng Tai Zhen Yue Xiu Zhuang Cun,4,https://sjfw.mct.gov.cn/site/dataservice/rural,2022-12-07,2026-09-26,,,公开名录确认名称与所属地区；活动、餐饮、住宿和坐标尚未补充。
1028203,28203,public,天津市蓟州区罗庄子镇赵家峪村,天津,天津,municipality,Tian Jin Shi Ji Zhou Qu Luo Zhuang Zi Zhen Zhao Jia Yu Cun,4,https://sjfw.mct.gov.cn/site/dataservice/rural,2022-12-07,2026-09-26,,,公开名录确认名称与所属地区；活动、餐饮、住宿和坐标尚未补充。
1028214,28214,public,河北省唐山市遵化市团瓢庄乡山里各庄村,河北,唐山,name_prefix,He Bei Sheng Tang Shan Shi Zun Hua Shi Tuan Piao Zhuang Xiang Shan Li Ge Zhuang Cun,4,https://sjfw.mct.gov.cn/site/dataservice/rural,2022-12-07,2026-09-26,,,公开名录确认名称与所属地区；活动、餐饮、住宿和坐标尚未补充。
1028213,28213,public,河北省邯郸市涉县更乐镇大洼村,河北,邯郸,name_prefix,He Bei Sheng Han Dan Shi She Xian Geng Le Zhen Da Wa Cun,4,https://sjfw.mct.gov.cn/site/dataservice/rural,2022-12-07,2026-09-26,,,公开名录确认名称与所属地区；活动、餐饮、住宿和坐标尚未补充。
1028212,28212,public,河北省保定市易县安格庄乡田岗村,河北,保定,name_prefix,He Bei Sheng Bao Ding Shi Yi Xian An Ge Zhuang Xiang Tian Gang Cun,4,https://sjfw.mct.gov.cn/site/dataservice/rural,2022-12-07,2026-09-26,,,公开名录确认名称与所属地区；活动、餐饮、住宿和坐标尚未补充。
1028211,28211,public,河北省承德市兴隆县大水泉镇迷子地村,河北,承德,name_prefix,He Bei Sheng Cheng De Shi Xing Long Xian Da Shui Quan Zhen Mi Zi Di Cun,4,https://sjfw.mct.gov.cn/site/dataservice/rural,2022-12-07,2026-09-26,,,公开名录确认名称与所属地区；活动、餐饮、住宿和坐标尚未补充。
1028210,28210,public,河北省邢台市信都区路罗镇小戈廖村,河北,邢台,name_prefix,He Bei Sheng Xing Tai Shi Xin Dou Qu Lu Luo Zhen Xiao Ge Liao Cun,4,https://sjfw.mct.gov.cn/site/dataservice/rural,2022-12-07,2026-09-26,,,公开名录确认名称与所属地区；活动、餐饮、住宿和坐标尚未补充。
1028209,28209,public,河北省秦皇岛市海港区房庄村,河北,秦皇岛,name_prefix,He Bei Sheng Qin Huang Dao Shi Hai Gang Qu Fang Zhuang Cun,4,https://sjfw.mct.gov.cn/site/dataservice/rural,2022-12-07,2026-09-26,,,公开名录确认名称与所属地区；活动、餐饮、住宿和坐标尚未补充。
1028208,28208,public,河北省石家庄市井陉县秀林镇南横口村,河北,石家庄,name_prefix,He Bei Sheng Shi Jia Zhuang Shi Jing Xing Xian Xiu Lin Zhen Nan Heng Kou Cun,4,https://sjfw.mct.gov.cn/site/dataservice/rural,2022-12-07,2026-09-26,,,公开名录确认名称与所属地区；活动、餐饮、住宿和坐标尚未补充。
1028220,28220,public,山西省忻州市宁武县宁化镇宁化村,山西,忻州,name_prefix,Shan Xi Sheng Xin Zhou Shi Ning Wu Xian Ning Hua Zhen Ning Hua Cun,4,https://sjfw.mct.gov.cn/site/dataservice/rural,2022-12-07,2026-09-26,,,公开名录确认名称与所属地区；活动、餐饮、住宿和坐标尚未补充。
1028219,28219,public,山西省运城市万荣县高村乡闫景村,山西,运城,name_prefix,Shan Xi Sheng Yun Cheng Shi Wan Rong Xian Gao Cun Xiang Yan Jing Cun,4,https://sjfw.mct.gov.cn/site/dataservice/rural,2022-12-07,2026-09-26,,,公开名录确认名称与所属地区；活动、餐饮、住宿和坐标尚未补充。
1028218,28218,public,山西省临汾市曲沃县北董乡南林交村,山西,临汾,name_prefix,Shan Xi Sheng Lin Fen Shi Qu Wo Xian Bei Dong Xiang Nan Lin Jiao Cun,4,https://sjfw.mct.gov.cn/site/dataservice/rural,2022-12-07,2026-09-26,,,公开名录确认名称与所属地区；活动、餐饮、住宿和坐标尚未补充。
1028217,28217,public,山西省晋城市阳城县北留镇皇城村,山西,晋城,name_prefix,Shan Xi Sheng Jin Cheng Shi Yang Cheng Xian Bei Liu Zhen Huang Cheng Cun,4,https://sjfw.mct.gov.cn/site/dataservice/rural,2022-12-07,2026-09-26,,,公开名录确认名称与所属地区；活动、餐饮、住宿和坐标尚未补充。
1028216,28216,public,山西省长治市壶关县石坡乡南平头坞村,山西,长治,name_prefix,Shan Xi Sheng Zhang Zhi Shi Hu Guan Xian Shi Po Xiang Nan Ping Tou Wu Cun,4,https://sjfw.mct.gov.cn/site/dataservice/rural,2022-12-07,2026-09-26,,,公开名录确认名称与所属地区；活动、餐饮、住宿和坐标尚未补充。
1028215,28215,public,山西省阳泉市郊区西南舁乡咀子上村,山西,阳泉,name_prefix,Shan Xi Sheng Yang Quan Shi Jiao Qu Xi Nan Yu Xiang Ju Zi Shang Cun,4,https://sjfw.mct.gov.cn/site/dataservice/rural,2022-12-07,2026-09-26,,,公开名录确认名称与所属地区；活动、餐饮、住宿和坐标尚未补充。
1028226,28226,public,内蒙古自治区乌海市乌达区乌兰淖尔镇泽园新村,内蒙古,乌海,name_prefix,Nei Meng Gu Zi Zhi Qu Wu Hai Shi Wu Da Qu Wu Lan Nao Er Zhen Ze Yuan Xin Cun,4,https://sjfw.mct.gov.cn/site/dataservice/rural,2022-12-07,2026-09-26,,,公开名录确认名称与所属地区；活动、餐饮、住宿和坐标尚未补充。
1028225,28225,public,内蒙古自治区包头市青山区兴胜镇东达沟村,内蒙古,包头,name_prefix,Nei Meng Gu Zi Zhi Qu Bao Tou Shi Qing Shan Qu Xing Sheng Zhen Dong Da Gou Cun,4,https://sjfw.mct.gov.cn/site/dataservice/rural,2022-12-07,2026-09-26,,,公开名录确认名称与所属地区；活动、餐饮、住宿和坐标尚未补充。
1028224,28224,public,内蒙古自治区赤峰市松山区老府镇大乌良苏村,内蒙古,赤峰,name_prefix,Nei Meng Gu Zi Zhi Qu Chi Feng Shi Song Shan Qu Lao Fu Zhen Da Wu Liang Su Cun,4,https://sjfw.mct.gov.cn/site/dataservice/rural,2022-12-07,2026-09-26,,,公开名录确认名称与所属地区；活动、餐饮、住宿和坐标尚未补充。
1028223,28223,public,内蒙古自治区鄂尔多斯市达拉特旗树林召镇林原村,内蒙古,鄂尔多斯,name_prefix,Nei Meng Gu Zi Zhi Qu E Er Duo Si Shi Da La Te Qi Shu Lin Zhao Zhen Lin Yuan Cun,4,https://sjfw.mct.gov.cn/site/dataservice/rural,2022-12-07,2026-09-26,,,公开名录确认名称与所属地区；活动、餐饮、住宿和坐标尚未补充。
1028222,28222,public,内蒙古自治区呼伦贝尔市阿荣旗新发朝鲜族乡东光村,内蒙古,呼伦贝尔,name_prefix,Nei Meng Gu Zi Zhi Qu Hu Lun Bei Er Shi A Rong Qi Xin Fa Chao Xian Zu Xiang Dong Guang Cun,4,https://sjfw.mct.gov.cn/site/dataservice/rural,2022-12-07,2026-09-26,,,公开名录确认名称与所属地区；活动、餐饮、住宿和坐标尚未补充。
1028221,28221,public,内蒙古自治区赤峰市喀喇沁旗河南街道马鞍山村,内蒙古,赤峰,name_prefix,Nei Meng Gu Zi Zhi Qu Chi Feng Shi Ka La Qin Qi He Nan Jie Dao Ma An Shan Cun,4,https://sjfw.mct.gov.cn/site/dataservice/rural,2022-12-07,2026-09-26,,,公开名录确认名称与所属地区；活动、餐饮、住宿和坐标尚未补充。
1028232,28232,public,辽宁省朝阳市喀喇沁左翼蒙古族自治县水泉镇南亮子村,辽宁,朝阳,name_prefix,Liao Ning Sheng Zhao Yang Shi Ka La Qin Zuo Yi Meng Gu Zu Zi Zhi Xian Shui Quan Zhen Nan Liang Zi Cun,4,https://sjfw.mct.gov.cn/site/dataservice/rural,2022-12-07,2026-09-26,,,公开名录确认名称与所属地区；活动、餐饮、住宿和坐标尚未补充。
1028231,28231,public,辽宁省阜新市彰武县大德镇大德村,辽宁,阜新,name_prefix,Liao Ning Sheng Fu Xin Shi Zhang Wu Xian Da De Zhen Da De Cun,4,https://sjfw.mct.gov.cn/site/dataservice/rural,2022-12-07,2026-09-26,,,公开名录确认名称与所属地区；活动、餐饮、住宿和坐标尚未补充。
1028230,28230,public,辽宁省锦州市义县大榆树堡镇石匣子村,辽宁,锦州,name_prefix,Liao Ning Sheng Jin Zhou Shi Yi Xian Da Yu Shu Bao Zhen Shi Xia Zi Cun,4,https://sjfw.mct.gov.cn/site/dataservice/rural,2022-12-07,2026-09-26,,,公开名录确认名称与所属地区；活动、餐饮、住宿和坐标尚未补充。
1028229,28229,public,辽宁省抚顺市清原满族自治县大苏河乡南天门村,辽宁,抚顺,name_prefix,Liao Ning Sheng Fu Shun Shi Qing Yuan Man Zu Zi Zhi Xian Da Su He Xiang Nan Tian Men Cun,4,https://sjfw.mct.gov.cn/site/dataservice/rural,2022-12-07,2026-09-26,,,公开名录确认名称与所属地区；活动、餐饮、住宿和坐标尚未补充。
1028228,28228,public,辽宁省丹东市宽甸满族自治县青山沟镇青山沟村,辽宁,丹东,name_prefix,Liao Ning Sheng Dan Dong Shi Kuan Dian Man Zu Zi Zhi Xian Qing Shan Gou Zhen Qing Shan Gou Cun,4,https://sjfw.mct.gov.cn/site/dataservice/rural,2022-12-07,2026-09-26,,,公开名录确认名称与所属地区；活动、餐饮、住宿和坐标尚未补充。
1028227,28227,public,辽宁省大连市金州区向应街道土门子村,辽宁,大连,name_prefix,Liao Ning Sheng Da Lian Shi Jin Zhou Qu Xiang Ying Jie Dao Tu Men Zi Cun,4,https://sjfw.mct.gov.cn/site/dataservice/rural,2022-12-07,2026-09-26,,,公开名录确认名称与所属地区；活动、餐饮、住宿和坐标尚未补充。
1028238,28238,public,吉林省辽源市龙山区工农乡大良村,吉林,辽源,name_prefix,Ji Lin Sheng Liao Yuan Shi Long Shan Qu Gong Nong Xiang Da Liang Cun,4,https://sjfw.mct.gov.cn/site/dataservice/rural,2022-12-07,2026-09-26,,,公开名录确认名称与所属地区；活动、餐饮、住宿和坐标尚未补充。
1028237,28237,public,吉林省长春市九台区龙嘉街道红光村,吉林,长春,name_prefix,Ji Lin Sheng Zhang Chun Shi Jiu Tai Qu Long Jia Jie Dao Hong Guang Cun,4,https://sjfw.mct.gov.cn/site/dataservice/rural,2022-12-07,2026-09-26,,,公开名录确认名称与所属地区；活动、餐饮、住宿和坐标尚未补充。
1028236,28236,public,吉林省延边朝鲜族自治州龙井市东盛涌镇东明村,吉林,延边朝鲜族自治州,name_prefix,Ji Lin Sheng Yan Bian Chao Xian Zu Zi Zhi Zhou Long Jing Shi Dong Sheng Yong Zhen Dong Ming Cun,4,https://sjfw.mct.gov.cn/site/dataservice/rural,2022-12-07,2026-09-26,,,公开名录确认名称与所属地区；活动、餐饮、住宿和坐标尚未补充。
1028235,28235,public,吉林省吉林市永吉县北大湖镇南沟村,吉林,吉林,name_prefix,Ji Lin Sheng Ji Lin Shi Yong Ji Xian Bei Da Hu Zhen Nan Gou Cun,4,https://sjfw.mct.gov.cn/site/dataservice/rural,2022-12-07,2026-09-26,,,公开名录确认名称与所属地区；活动、餐饮、住宿和坐标尚未补充。
1028234,28234,public,吉林省松原市前郭尔罗斯蒙古族自治县查干湖镇西索恩图村,吉林,松原,name_prefix,Ji Lin Sheng Song Yuan Shi Qian Guo Er Luo Si Meng Gu Zu Zi Zhi Xian Cha Gan Hu Zhen Xi Suo En Tu Cun,4,https://sjfw.mct.gov.cn/site/dataservice/rural,2022-12-07,2026-09-26,,,公开名录确认名称与所属地区；活动、餐饮、住宿和坐标尚未补充。
1028233,28233,public,吉林省白山市抚松县漫江镇锦江村,吉林,白山,name_prefix,Ji Lin Sheng Bai Shan Shi Fu Song Xian Man Jiang Zhen Jin Jiang Cun,4,https://sjfw.mct.gov.cn/site/dataservice/rural,2022-12-07,2026-09-26,,,公开名录确认名称与所属地区；活动、餐饮、住宿和坐标尚未补充。
1028244,28244,public,黑龙江省大兴安岭地区塔河县十八站鄂伦春族乡鄂族村,黑龙江,大兴安岭地区,name_prefix,Hei Long Jiang Sheng Da Xing An Ling Di Qu Ta He Xian Shi Ba Zhan E Lun Chun Zu Xiang E Zu Cun,4,https://sjfw.mct.gov.cn/site/dataservice/rural,2022-12-07,2026-09-26,,,公开名录确认名称与所属地区；活动、餐饮、住宿和坐标尚未补充。
1028243,28243,public,黑龙江省伊春市金林区丰茂林场,黑龙江,伊春,name_prefix,Hei Long Jiang Sheng Yi Chun Shi Jin Lin Qu Feng Mao Lin Chang,4,https://sjfw.mct.gov.cn/site/dataservice/rural,2022-12-07,2026-09-26,,,公开名录确认名称与所属地区；活动、餐饮、住宿和坐标尚未补充。
1028242,28242,public,黑龙江省鸡西市城子河区永丰朝鲜族乡丰安村,黑龙江,鸡西,name_prefix,Hei Long Jiang Sheng Ji Xi Shi Cheng Zi He Qu Yong Feng Chao Xian Zu Xiang Feng An Cun,4,https://sjfw.mct.gov.cn/site/dataservice/rural,2022-12-07,2026-09-26,,,公开名录确认名称与所属地区；活动、餐饮、住宿和坐标尚未补充。
1028241,28241,public,黑龙江省佳木斯市汤原县汤原镇北靠山村,黑龙江,佳木斯,name_prefix,Hei Long Jiang Sheng Jia Mu Si Shi Tang Yuan Xian Tang Yuan Zhen Bei Kao Shan Cun,4,https://sjfw.mct.gov.cn/site/dataservice/rural,2022-12-07,2026-09-26,,,公开名录确认名称与所属地区；活动、餐饮、住宿和坐标尚未补充。
1028240,28240,public,黑龙江省牡丹江市宁安市渤海镇上官地村,黑龙江,牡丹江,name_prefix,Hei Long Jiang Sheng Mu Dan Jiang Shi Ning An Shi Bo Hai Zhen Shang Guan Di Cun,4,https://sjfw.mct.gov.cn/site/dataservice/rural,2022-12-07,2026-09-26,,,公开名录确认名称与所属地区；活动、餐饮、住宿和坐标尚未补充。
1028239,28239,public,黑龙江省哈尔滨市延寿县玉河镇新城村,黑龙江,哈尔滨,name_prefix,Hei Long Jiang Sheng Ha Er Bin Shi Yan Shou Xian Yu He Zhen Xin Cheng Cun,4,https://sjfw.mct.gov.cn/site/dataservice/rural,2022-12-07,2026-09-26,,,公开名录确认名称与所属地区；活动、餐饮、住宿和坐标尚未补充。
1028249,28249,public,上海市奉贤区庄行镇潘垫村,上海,上海,municipality,Shang Hai Shi Feng Xian Qu Zhuang Xing Zhen Pan Dian Cun,4,https://sjfw.mct.gov.cn/site/dataservice/rural,2022-12-07,2026-09-26,,,公开名录确认名称与所属地区；活动、餐饮、住宿和坐标尚未补充。
1028248,28248,public,上海市松江区石湖荡镇东夏村,上海,上海,municipality,Shang Hai Shi Song Jiang Qu Shi Hu Dang Zhen Dong Xia Cun,4,https://sjfw.mct.gov.cn/site/dataservice/rural,2022-12-07,2026-09-26,,,公开名录确认名称与所属地区；活动、餐饮、住宿和坐标尚未补充。
1028247,28247,public,上海市金山区吕巷镇和平村,上海,上海,municipality,Shang Hai Shi Jin Shan Qu Lv Xiang Zhen He Ping Cun,4,https://sjfw.mct.gov.cn/site/dataservice/rural,2022-12-07,2026-09-26,,,公开名录确认名称与所属地区；活动、餐饮、住宿和坐标尚未补充。
1028246,28246,public,上海市嘉定区华亭镇毛桥村,上海,上海,municipality,Shang Hai Shi Jia Ding Qu Hua Ting Zhen Mao Qiao Cun,4,https://sjfw.mct.gov.cn/site/dataservice/rural,2022-12-07,2026-09-26,,,公开名录确认名称与所属地区；活动、餐饮、住宿和坐标尚未补充。
1028245,28245,public,上海市宝山区月浦镇月狮村,上海,上海,municipality,Shang Hai Shi Bao Shan Qu Yue Pu Zhen Yue Shi Cun,4,https://sjfw.mct.gov.cn/site/dataservice/rural,2022-12-07,2026-09-26,,,公开名录确认名称与所属地区；活动、餐饮、住宿和坐标尚未补充。
1028256,28256,public,江苏省宿迁市泗阳县卢集镇成河村,江苏,宿迁,name_prefix,Jiang Su Sheng Su Qian Shi Si Yang Xian Lu Ji Zhen Cheng He Cun,4,https://sjfw.mct.gov.cn/site/dataservice/rural,2022-12-07,2026-09-26,,,公开名录确认名称与所属地区；活动、餐饮、住宿和坐标尚未补充。
1028255,28255,public,江苏省泰州市姜堰区溱潼镇湖南村,江苏,泰州,name_prefix,Jiang Su Sheng Tai Zhou Shi Jiang Yan Qu Qin Tong Zhen Hu Nan Cun,4,https://sjfw.mct.gov.cn/site/dataservice/rural,2022-12-07,2026-09-26,,,公开名录确认名称与所属地区；活动、餐饮、住宿和坐标尚未补充。
1028254,28254,public,江苏省镇江市丹徒区世业镇世业村,江苏,镇江,name_prefix,Jiang Su Sheng Zhen Jiang Shi Dan Tu Qu Shi Ye Zhen Shi Ye Cun,4,https://sjfw.mct.gov.cn/site/dataservice/rural,2022-12-07,2026-09-26,,,公开名录确认名称与所属地区；活动、餐饮、住宿和坐标尚未补充。
1028253,28253,public,江苏省扬州市高邮市菱塘回族乡清真村,江苏,扬州,name_prefix,Jiang Su Sheng Yang Zhou Shi Gao You Shi Ling Tang Hui Zu Xiang Qing Zhen Cun,4,https://sjfw.mct.gov.cn/site/dataservice/rural,2022-12-07,2026-09-26,,,公开名录确认名称与所属地区；活动、餐饮、住宿和坐标尚未补充。
1028252,28252,public,江苏省盐城市盐都区潘黄街道仰徐村,江苏,盐城,name_prefix,Jiang Su Sheng Yan Cheng Shi Yan Dou Qu Pan Huang Jie Dao Yang Xu Cun,4,https://sjfw.mct.gov.cn/site/dataservice/rural,2022-12-07,2026-09-26,,,公开名录确认名称与所属地区；活动、餐饮、住宿和坐标尚未补充。
1028251,28251,public,江苏省徐州市贾汪区茱萸山街道许阳村,江苏,徐州,name_prefix,Jiang Su Sheng Xu Zhou Shi Jia Wang Qu Zhu Yu Shan Jie Dao Xu Yang Cun,4,https://sjfw.mct.gov.cn/site/dataservice/rural,2022-12-07,2026-09-26,,,公开名录确认名称与所属地区；活动、餐饮、住宿和坐标尚未补充。
1028250,28250,public,江苏省无锡市惠山区阳山镇桃源村,江苏,无锡,name_prefix,Jiang Su Sheng Wu Xi Shi Hui Shan Qu Yang Shan Zhen Tao Yuan Cun,4,https://sjfw.mct.gov.cn/site/dataservice/rural,2022-12-07,2026-09-26,,,公开名录确认名称与所属地区；活动、餐饮、住宿和坐标尚未补充。
1028263,28263,public,浙江省丽水市松阳县三都乡上田村,浙江,丽水,name_prefix,Zhe Jiang Sheng Li Shui Shi Song Yang Xian San Dou Xiang Shang Tian Cun,4,https://sjfw.mct.gov.cn/site/dataservice/rural,2022-12-07,2026-09-26,,,公开名录确认名称与所属地区；活动、餐饮、住宿和坐标尚未补充。
1028262,28262,public,浙江省温州市苍南县矾山镇福德湾村,浙江,温州,name_prefix,Zhe Jiang Sheng Wen Zhou Shi Cang Nan Xian Fan Shan Zhen Fu De Wan Cun,4,https://sjfw.mct.gov.cn/site/dataservice/rural,2022-12-07,2026-09-26,,,公开名录确认名称与所属地区；活动、餐饮、住宿和坐标尚未补充。
1028261,28261,public,浙江省嘉兴市平湖市林埭镇徐家埭村,浙江,嘉兴,name_prefix,Zhe Jiang Sheng Jia Xing Shi Ping Hu Shi Lin Dai Zhen Xu Jia Dai Cun,4,https://sjfw.mct.gov.cn/site/dataservice/rural,2022-12-07,2026-09-26,,,公开名录确认名称与所属地区；活动、餐饮、住宿和坐标尚未补充。
1028260,28260,public,浙江省丽水市青田县方山乡龙现村,浙江,丽水,name_prefix,Zhe Jiang Sheng Li Shui Shi Qing Tian Xian Fang Shan Xiang Long Xian Cun,4,https://sjfw.mct.gov.cn/site/dataservice/rural,2022-12-07,2026-09-26,,,公开名录确认名称与所属地区；活动、餐饮、住宿和坐标尚未补充。
1028259,28259,public,浙江省衢州市柯城区沟溪乡余东村,浙江,衢州,name_prefix,Zhe Jiang Sheng Qu Zhou Shi Ke Cheng Qu Gou Xi Xiang Yu Dong Cun,4,https://sjfw.mct.gov.cn/site/dataservice/rural,2022-12-07,2026-09-26,,,公开名录确认名称与所属地区；活动、餐饮、住宿和坐标尚未补充。
1028258,28258,public,浙江省舟山市普陀区东极镇东极村,浙江,舟山,name_prefix,Zhe Jiang Sheng Zhou Shan Shi Pu Tuo Qu Dong Ji Zhen Dong Ji Cun,4,https://sjfw.mct.gov.cn/site/dataservice/rural,2022-12-07,2026-09-26,,,公开名录确认名称与所属地区；活动、餐饮、住宿和坐标尚未补充。
1028257,28257,public,浙江省杭州市淳安县姜家镇姜家村,浙江,杭州,name_prefix,Zhe Jiang Sheng Hang Zhou Shi Chun An Xian Jiang Jia Zhen Jiang Jia Cun,4,https://sjfw.mct.gov.cn/site/dataservice/rural,2022-12-07,2026-09-26,,,公开名录确认名称与所属地区；活动、餐饮、住宿和坐标尚未补充。
1028269,28269,public,安徽省安庆市宿松县洲头乡金坝村,安徽,安庆,name_prefix,An Hui Sheng An Qing Shi Su Song Xian Zhou Tou Xiang Jin Ba Cun,4,https://sjfw.mct.gov.cn/site/dataservice/rural,2022-12-07,2026-09-26,,,公开名录确认名称与所属地区；活动、餐饮、住宿和坐标尚未补充。
1028268,28268,public,安徽省黄山市黟县碧阳镇丰梧村,安徽,黄山,name_prefix,An Hui Sheng Huang Shan Shi Yi Xian Bi Yang Zhen Feng Wu Cun,4,https://sjfw.mct.gov.cn/site/dataservice/rural,2022-12-07,2026-09-26,,,公开名录确认名称与所属地区；活动、餐饮、住宿和坐标尚未补充。
1028267,28267,public,安徽省池州市石台县矶滩乡洪墩村,安徽,池州,name_prefix,An Hui Sheng Chi Zhou Shi Shi Tai Xian Ji Tan Xiang Hong Dun Cun,4,https://sjfw.mct.gov.cn/site/dataservice/rural,2022-12-07,2026-09-26,,,公开名录确认名称与所属地区；活动、餐饮、住宿和坐标尚未补充。
1028266,28266,public,安徽省宣城市广德市卢村乡笄山村,安徽,宣城,name_prefix,An Hui Sheng Xuan Cheng Shi Guang De Shi Lu Cun Xiang Ji Shan Cun,4,https://sjfw.mct.gov.cn/site/dataservice/rural,2022-12-07,2026-09-26,,,公开名录确认名称与所属地区；活动、餐饮、住宿和坐标尚未补充。
1028265,28265,public,安徽省马鞍山市含山县铜闸镇太湖村,安徽,马鞍山,name_prefix,An Hui Sheng Ma An Shan Shi Han Shan Xian Tong Zha Zhen Tai Hu Cun,4,https://sjfw.mct.gov.cn/site/dataservice/rural,2022-12-07,2026-09-26,,,公开名录确认名称与所属地区；活动、餐饮、住宿和坐标尚未补充。
1028264,28264,public,安徽省合肥市庐江县汤池镇百花村,安徽,合肥,name_prefix,An Hui Sheng He Fei Shi Lu Jiang Xian Tang Chi Zhen Bai Hua Cun,4,https://sjfw.mct.gov.cn/site/dataservice/rural,2022-12-07,2026-09-26,,,公开名录确认名称与所属地区；活动、餐饮、住宿和坐标尚未补充。
1028275,28275,public,福建省厦门市翔安区金海街道澳头社区,福建,厦门,name_prefix,Fu Jian Sheng Xia Men Shi Xiang An Qu Jin Hai Jie Dao Ao Tou She Qu,4,https://sjfw.mct.gov.cn/site/dataservice/rural,2022-12-07,2026-09-26,,,公开名录确认名称与所属地区；活动、餐饮、住宿和坐标尚未补充。
1028274,28274,public,福建省龙岩市长汀县南山镇中复村,福建,龙岩,name_prefix,Fu Jian Sheng Long Yan Shi Zhang Ting Xian Nan Shan Zhen Zhong Fu Cun,4,https://sjfw.mct.gov.cn/site/dataservice/rural,2022-12-07,2026-09-26,,,公开名录确认名称与所属地区；活动、餐饮、住宿和坐标尚未补充。
1028273,28273,public,福建省宁德市霞浦县三沙镇东壁村,福建,宁德,name_prefix,Fu Jian Sheng Ning De Shi Xia Pu Xian San Sha Zhen Dong Bi Cun,4,https://sjfw.mct.gov.cn/site/dataservice/rural,2022-12-07,2026-09-26,,,公开名录确认名称与所属地区；活动、餐饮、住宿和坐标尚未补充。
1028272,28272,public,福建省福州市永泰县嵩口镇大喜村,福建,福州,name_prefix,Fu Jian Sheng Fu Zhou Shi Yong Tai Xian Song Kou Zhen Da Xi Cun,4,https://sjfw.mct.gov.cn/site/dataservice/rural,2022-12-07,2026-09-26,,,公开名录确认名称与所属地区；活动、餐饮、住宿和坐标尚未补充。
1028271,28271,public,福建省莆田市荔城区西天尾镇后黄社区,福建,莆田,name_prefix,Fu Jian Sheng Pu Tian Shi Li Cheng Qu Xi Tian Wei Zhen Hou Huang She Qu,4,https://sjfw.mct.gov.cn/site/dataservice/rural,2022-12-07,2026-09-26,,,公开名录确认名称与所属地区；活动、餐饮、住宿和坐标尚未补充。
1028270,28270,public,福建省三明市永安市曹远镇霞鹤村,福建,三明,name_prefix,Fu Jian Sheng San Ming Shi Yong An Shi Cao Yuan Zhen Xia He Cun,4,https://sjfw.mct.gov.cn/site/dataservice/rural,2022-12-07,2026-09-26,,,公开名录确认名称与所属地区；活动、餐饮、住宿和坐标尚未补充。
1028282,28282,public,江西省抚州市资溪县鹤城镇大觉山村,江西,抚州,name_prefix,Jiang Xi Sheng Fu Zhou Shi Zi Xi Xian He Cheng Zhen Da Jue Shan Cun,4,https://sjfw.mct.gov.cn/site/dataservice/rural,2022-12-07,2026-09-26,,,公开名录确认名称与所属地区；活动、餐饮、住宿和坐标尚未补充。
1028281,28281,public,江西省赣州市崇义县上堡乡水南村,江西,赣州,name_prefix,Jiang Xi Sheng Gan Zhou Shi Chong Yi Xian Shang Bao Xiang Shui Nan Cun,4,https://sjfw.mct.gov.cn/site/dataservice/rural,2022-12-07,2026-09-26,,,公开名录确认名称与所属地区；活动、餐饮、住宿和坐标尚未补充。
1028280,28280,public,江西省上饶市广信区望仙乡望仙村,江西,上饶,name_prefix,Jiang Xi Sheng Shang Rao Shi Guang Xin Qu Wang Xian Xiang Wang Xian Cun,4,https://sjfw.mct.gov.cn/site/dataservice/rural,2022-12-07,2026-09-26,,,公开名录确认名称与所属地区；活动、餐饮、住宿和坐标尚未补充。
1028279,28279,public,江西省南昌市新建区太平镇雷港村,江西,南昌,name_prefix,Jiang Xi Sheng Nan Chang Shi Xin Jian Qu Tai Ping Zhen Lei Gang Cun,4,https://sjfw.mct.gov.cn/site/dataservice/rural,2022-12-07,2026-09-26,,,公开名录确认名称与所属地区；活动、餐饮、住宿和坐标尚未补充。
1028278,28278,public,江西省萍乡市芦溪县银河镇紫溪村,江西,萍乡,name_prefix,Jiang Xi Sheng Ping Xiang Shi Lu Xi Xian Yin He Zhen Zi Xi Cun,4,https://sjfw.mct.gov.cn/site/dataservice/rural,2022-12-07,2026-09-26,,,公开名录确认名称与所属地区；活动、餐饮、住宿和坐标尚未补充。
1028277,28277,public,江西省赣州市全南县龙源坝镇雅溪村,江西,赣州,name_prefix,Jiang Xi Sheng Gan Zhou Shi Quan Nan Xian Long Yuan Ba Zhen Ya Xi Cun,4,https://sjfw.mct.gov.cn/site/dataservice/rural,2022-12-07,2026-09-26,,,公开名录确认名称与所属地区；活动、餐饮、住宿和坐标尚未补充。
1028276,28276,public,江西省新余市渝水区良山镇下保村,江西,新余,name_prefix,Jiang Xi Sheng Xin Yu Shi Yu Shui Qu Liang Shan Zhen Xia Bao Cun,4,https://sjfw.mct.gov.cn/site/dataservice/rural,2022-12-07,2026-09-26,,,公开名录确认名称与所属地区；活动、餐饮、住宿和坐标尚未补充。
1028289,28289,public,山东省德州市乐陵市朱集镇后周村,山东,德州,name_prefix,Shan Dong Sheng De Zhou Shi Le Ling Shi Zhu Ji Zhen Hou Zhou Cun,4,https://sjfw.mct.gov.cn/site/dataservice/rural,2022-12-07,2026-09-26,,,公开名录确认名称与所属地区；活动、餐饮、住宿和坐标尚未补充。
1028288,28288,public,山东省济宁市兖州区新兖镇牛楼村,山东,济宁,name_prefix,Shan Dong Sheng Ji Ning Shi Yan Zhou Qu Xin Yan Zhen Niu Lou Cun,4,https://sjfw.mct.gov.cn/site/dataservice/rural,2022-12-07,2026-09-26,,,公开名录确认名称与所属地区；活动、餐饮、住宿和坐标尚未补充。
1028287,28287,public,山东省枣庄市山亭区冯卯镇李庄村,山东,枣庄,name_prefix,Shan Dong Sheng Zao Zhuang Shi Shan Ting Qu Feng Mao Zhen Li Zhuang Cun,4,https://sjfw.mct.gov.cn/site/dataservice/rural,2022-12-07,2026-09-26,,,公开名录确认名称与所属地区；活动、餐饮、住宿和坐标尚未补充。
1028286,28286,public,山东省泰安市新泰市龙廷镇掌平洼村,山东,泰安,name_prefix,Shan Dong Sheng Tai An Shi Xin Tai Shi Long Ting Zhen Zhang Ping Wa Cun,4,https://sjfw.mct.gov.cn/site/dataservice/rural,2022-12-07,2026-09-26,,,公开名录确认名称与所属地区；活动、餐饮、住宿和坐标尚未补充。
1028285,28285,public,山东省淄博市沂源县鲁村镇龙子峪村,山东,淄博,name_prefix,Shan Dong Sheng Zi Bo Shi Yi Yuan Xian Lu Cun Zhen Long Zi Yu Cun,4,https://sjfw.mct.gov.cn/site/dataservice/rural,2022-12-07,2026-09-26,,,公开名录确认名称与所属地区；活动、餐饮、住宿和坐标尚未补充。
1028284,28284,public,山东省临沂市蒙阴县桃墟镇百泉峪村,山东,临沂,name_prefix,Shan Dong Sheng Lin Yi Shi Meng Yin Xian Tao Xu Zhen Bai Quan Yu Cun,4,https://sjfw.mct.gov.cn/site/dataservice/rural,2022-12-07,2026-09-26,,,公开名录确认名称与所属地区；活动、餐饮、住宿和坐标尚未补充。
1028283,28283,public,山东省青岛市平度市大泽山镇响山潘家村,山东,青岛,name_prefix,Shan Dong Sheng Qing Dao Shi Ping Du Shi Da Ze Shan Zhen Xiang Shan Pan Jia Cun,4,https://sjfw.mct.gov.cn/site/dataservice/rural,2022-12-07,2026-09-26,,,公开名录确认名称与所属地区；活动、餐饮、住宿和坐标尚未补充。
1028296,28296,public,河南省安阳市滑县道口镇街道顺南村,河南,安阳,name_prefix,He Nan Sheng An Yang Shi Hua Xian Dao Kou Zhen Jie Dao Shun Nan Cun,4,https://sjfw.mct.gov.cn/site/dataservice/rural,2022-12-07,2026-09-26,,,公开名录确认名称与所属地区；活动、餐饮、住宿和坐标尚未补充。
1028295,28295,public,河南省安阳市汤阴县韩庄镇部落村,河南,安阳,name_prefix,He Nan Sheng An Yang Shi Tang Yin Xian Han Zhuang Zhen Bu Luo Cun,4,https://sjfw.mct.gov.cn/site/dataservice/rural,2022-12-07,2026-09-26,,,公开名录确认名称与所属地区；活动、餐饮、住宿和坐标尚未补充。
1028294,28294,public,河南省平顶山市鲁山县尧山镇上坪村,河南,平顶山,name_prefix,He Nan Sheng Ping Ding Shan Shi Lu Shan Xian Yao Shan Zhen Shang Ping Cun,4,https://sjfw.mct.gov.cn/site/dataservice/rural,2022-12-07,2026-09-26,,,公开名录确认名称与所属地区；活动、餐饮、住宿和坐标尚未补充。
1028293,28293,public,河南省新乡市辉县市拍石头乡张泗沟村,河南,新乡,name_prefix,He Nan Sheng Xin Xiang Shi Hui Xian Shi Pai Shi Tou Xiang Zhang Si Gou Cun,4,https://sjfw.mct.gov.cn/site/dataservice/rural,2022-12-07,2026-09-26,,,公开名录确认名称与所属地区；活动、餐饮、住宿和坐标尚未补充。
1028292,28292,public,河南省鹤壁市淇滨区上峪乡桑园村,河南,鹤壁,name_prefix,He Nan Sheng He Bi Shi Qi Bin Qu Shang Yu Xiang Sang Yuan Cun,4,https://sjfw.mct.gov.cn/site/dataservice/rural,2022-12-07,2026-09-26,,,公开名录确认名称与所属地区；活动、餐饮、住宿和坐标尚未补充。
1028291,28291,public,河南省郑州市巩义市米河镇明月村,河南,郑州,name_prefix,He Nan Sheng Zheng Zhou Shi Gong Yi Shi Mi He Zhen Ming Yue Cun,4,https://sjfw.mct.gov.cn/site/dataservice/rural,2022-12-07,2026-09-26,,,公开名录确认名称与所属地区；活动、餐饮、住宿和坐标尚未补充。
1028290,28290,public,河南省济源市承留镇花石村,河南,济源,name_prefix,He Nan Sheng Ji Yuan Shi Cheng Liu Zhen Hua Shi Cun,4,https://sjfw.mct.gov.cn/site/dataservice/rural,2022-12-07,2026-09-26,,,公开名录确认名称与所属地区；活动、餐饮、住宿和坐标尚未补充。
1028304,28304,public,湖北省恩施土家族苗族自治州巴东县东瀼口镇牛洞坪村,湖北,恩施土家族苗族自治州,name_prefix,Hu Bei Sheng En Shi Tu Jia Zu Miao Zu Zi Zhi Zhou Ba Dong Xian Dong Rang Kou Zhen Niu Dong Ping Cun,4,https://sjfw.mct.gov.cn/site/dataservice/rural,2022-12-07,2026-09-26,,,公开名录确认名称与所属地区；活动、餐饮、住宿和坐标尚未补充。
1028303,28303,public,湖北省咸宁市崇阳县白霓镇浪口村,湖北,咸宁,name_prefix,Hu Bei Sheng Xian Ning Shi Chong Yang Xian Bai Ni Zhen Lang Kou Cun,4,https://sjfw.mct.gov.cn/site/dataservice/rural,2022-12-07,2026-09-26,,,公开名录确认名称与所属地区；活动、餐饮、住宿和坐标尚未补充。
1028302,28302,public,湖北省黄冈市红安县七里坪镇八一村,湖北,黄冈,name_prefix,Hu Bei Sheng Huang Gang Shi Hong An Xian Qi Li Ping Zhen Ba Yi Cun,4,https://sjfw.mct.gov.cn/site/dataservice/rural,2022-12-07,2026-09-26,,,公开名录确认名称与所属地区；活动、餐饮、住宿和坐标尚未补充。
1028301,28301,public,湖北省荆门市东宝区子陵铺镇金泉村,湖北,荆门,name_prefix,Hu Bei Sheng Jing Men Shi Dong Bao Qu Zi Ling Pu Zhen Jin Quan Cun,4,https://sjfw.mct.gov.cn/site/dataservice/rural,2022-12-07,2026-09-26,,,公开名录确认名称与所属地区；活动、餐饮、住宿和坐标尚未补充。
1028300,28300,public,湖北省十堰市丹江口市官山镇吕家河村,湖北,十堰,name_prefix,Hu Bei Sheng Shi Yan Shi Dan Jiang Kou Shi Guan Shan Zhen Lv Jia He Cun,4,https://sjfw.mct.gov.cn/site/dataservice/rural,2022-12-07,2026-09-26,,,公开名录确认名称与所属地区；活动、餐饮、住宿和坐标尚未补充。
1028299,28299,public,湖北省黄石市阳新县王英镇高山村,湖北,黄石,name_prefix,Hu Bei Sheng Huang Shi Shi Yang Xin Xian Wang Ying Zhen Gao Shan Cun,4,https://sjfw.mct.gov.cn/site/dataservice/rural,2022-12-07,2026-09-26,,,公开名录确认名称与所属地区；活动、餐饮、住宿和坐标尚未补充。
1028297,28297,public,湖北省武汉市新洲区仓埠街道项山村,湖北,武汉,name_prefix,Hu Bei Sheng Wu Han Shi Xin Zhou Qu Cang Bu Jie Dao Xiang Shan Cun,4,https://sjfw.mct.gov.cn/site/dataservice/rural,2022-12-07,2026-09-26,,,公开名录确认名称与所属地区；活动、餐饮、住宿和坐标尚未补充。
1028311,28311,public,湖南省湘潭市岳塘区昭山镇七星村,湖南,湘潭,name_prefix,Hu Nan Sheng Xiang Tan Shi Yue Tang Qu Zhao Shan Zhen Qi Xing Cun,4,https://sjfw.mct.gov.cn/site/dataservice/rural,2022-12-07,2026-09-26,,,公开名录确认名称与所属地区；活动、餐饮、住宿和坐标尚未补充。
1028310,28310,public,湖南省长沙市浏阳市古港镇梅田湖村,湖南,长沙,name_prefix,Hu Nan Sheng Zhang Sha Shi Liu Yang Shi Gu Gang Zhen Mei Tian Hu Cun,4,https://sjfw.mct.gov.cn/site/dataservice/rural,2022-12-07,2026-09-26,,,公开名录确认名称与所属地区；活动、餐饮、住宿和坐标尚未补充。
1028309,28309,public,湖南省湘西土家族苗族自治州吉首市矮寨镇德夯村,湖南,湘西土家族苗族自治州,name_prefix,Hu Nan Sheng Xiang Xi Tu Jia Zu Miao Zu Zi Zhi Zhou Ji Shou Shi Ai Zhai Zhen De Hang Cun,4,https://sjfw.mct.gov.cn/site/dataservice/rural,2022-12-07,2026-09-26,,,公开名录确认名称与所属地区；活动、餐饮、住宿和坐标尚未补充。
1028308,28308,public,湖南省永州市江永县千家峒瑶族乡刘家庄村,湖南,永州,name_prefix,Hu Nan Sheng Yong Zhou Shi Jiang Yong Xian Qian Jia Dong Yao Zu Xiang Liu Jia Zhuang Cun,4,https://sjfw.mct.gov.cn/site/dataservice/rural,2022-12-07,2026-09-26,,,公开名录确认名称与所属地区；活动、餐饮、住宿和坐标尚未补充。
1028307,28307,public,湖南省岳阳市汨罗市屈子祠镇新义村,湖南,岳阳,name_prefix,Hu Nan Sheng Yue Yang Shi Mi Luo Shi Qu Zi Ci Zhen Xin Yi Cun,4,https://sjfw.mct.gov.cn/site/dataservice/rural,2022-12-07,2026-09-26,,,公开名录确认名称与所属地区；活动、餐饮、住宿和坐标尚未补充。
1028306,28306,public,湖南省益阳市赫山区泉交河镇菱角岔村,湖南,益阳,name_prefix,Hu Nan Sheng Yi Yang Shi He Shan Qu Quan Jiao He Zhen Ling Jiao Cha Cun,4,https://sjfw.mct.gov.cn/site/dataservice/rural,2022-12-07,2026-09-26,,,公开名录确认名称与所属地区；活动、餐饮、住宿和坐标尚未补充。
1028305,28305,public,湖南省张家界市慈利县三官寺土家族乡株木岗村,湖南,张家界,name_prefix,Hu Nan Sheng Zhang Jia Jie Shi Ci Li Xian San Guan Si Tu Jia Zu Xiang Zhu Mu Gang Cun,4,https://sjfw.mct.gov.cn/site/dataservice/rural,2022-12-07,2026-09-26,,,公开名录确认名称与所属地区；活动、餐饮、住宿和坐标尚未补充。
1028317,28317,public,广东省云浮市云城区腰古镇城头村,广东,云浮,name_prefix,Guang Dong Sheng Yun Fu Shi Yun Cheng Qu Yao Gu Zhen Cheng Tou Cun,4,https://sjfw.mct.gov.cn/site/dataservice/rural,2022-12-07,2026-09-26,,,公开名录确认名称与所属地区；活动、餐饮、住宿和坐标尚未补充。
1028316,28316,public,广东省阳江市阳西县织篢镇谷围村委会鸡乸㙟村,广东,阳江,name_prefix,Guang Dong Sheng Yang Jiang Shi Yang Xi Xian Zhi Long Zhen Gu Wei Cun Wei Hui Ji Na Lang Cun,4,https://sjfw.mct.gov.cn/site/dataservice/rural,2022-12-07,2026-09-26,,,公开名录确认名称与所属地区；活动、餐饮、住宿和坐标尚未补充。
1028315,28315,public,广东省中山市三乡镇雍陌村,广东,中山,name_prefix,Guang Dong Sheng Zhong Shan Shi San Xiang Zhen Yong Mo Cun,4,https://sjfw.mct.gov.cn/site/dataservice/rural,2022-12-07,2026-09-26,,,公开名录确认名称与所属地区；活动、餐饮、住宿和坐标尚未补充。
1028314,28314,public,广东省韶关市仁化县石塘镇石塘村,广东,韶关,name_prefix,Guang Dong Sheng Shao Guan Shi Ren Hua Xian Shi Tang Zhen Shi Tang Cun,4,https://sjfw.mct.gov.cn/site/dataservice/rural,2022-12-07,2026-09-26,,,公开名录确认名称与所属地区；活动、餐饮、住宿和坐标尚未补充。
1028313,28313,public,广东省广州市增城区增江街道大埔围村,广东,广州,name_prefix,Guang Dong Sheng Guang Zhou Shi Zeng Cheng Qu Zeng Jiang Jie Dao Da Bu Wei Cun,4,https://sjfw.mct.gov.cn/site/dataservice/rural,2022-12-07,2026-09-26,,,公开名录确认名称与所属地区；活动、餐饮、住宿和坐标尚未补充。
1028312,28312,public,广东省佛山市禅城区南庄镇紫南村,广东,佛山,name_prefix,Guang Dong Sheng Fo Shan Shi Chan Cheng Qu Nan Zhuang Zhen Zi Nan Cun,4,https://sjfw.mct.gov.cn/site/dataservice/rural,2022-12-07,2026-09-26,,,公开名录确认名称与所属地区；活动、餐饮、住宿和坐标尚未补充。
1028328,28328,public,广西壮族自治区玉林市北流市民安镇丰村,广西,玉林,name_prefix,Guang Xi Zhuang Zu Zi Zhi Qu Yu Lin Shi Bei Liu Shi Min An Zhen Feng Cun,4,https://sjfw.mct.gov.cn/site/dataservice/rural,2022-12-07,2026-09-26,,,公开名录确认名称与所属地区；活动、餐饮、住宿和坐标尚未补充。
1028327,28327,public,广西壮族自治区防城港市东兴市东兴镇竹山村,广西,防城港,name_prefix,Guang Xi Zhuang Zu Zi Zhi Qu Fang Cheng Gang Shi Dong Xing Shi Dong Xing Zhen Zhu Shan Cun,4,https://sjfw.mct.gov.cn/site/dataservice/rural,2022-12-07,2026-09-26,,,公开名录确认名称与所属地区；活动、餐饮、住宿和坐标尚未补充。
1028326,28326,public,广西壮族自治区崇左市大新县硕龙镇德天村,广西,崇左,name_prefix,Guang Xi Zhuang Zu Zi Zhi Qu Chong Zuo Shi Da Xin Xian Shuo Long Zhen De Tian Cun,4,https://sjfw.mct.gov.cn/site/dataservice/rural,2022-12-07,2026-09-26,,,公开名录确认名称与所属地区；活动、餐饮、住宿和坐标尚未补充。
1028325,28325,public,广西壮族自治区河池市巴马瑶族自治县甲篆镇百马村,广西,河池,name_prefix,Guang Xi Zhuang Zu Zi Zhi Qu He Chi Shi Ba Ma Yao Zu Zi Zhi Xian Jia Zhuan Zhen Bai Ma Cun,4,https://sjfw.mct.gov.cn/site/dataservice/rural,2022-12-07,2026-09-26,,,公开名录确认名称与所属地区；活动、餐饮、住宿和坐标尚未补充。
1028324,28324,public,广西壮族自治区南宁市上林县大丰镇东春村,广西,南宁,name_prefix,Guang Xi Zhuang Zu Zi Zhi Qu Nan Ning Shi Shang Lin Xian Da Feng Zhen Dong Chun Cun,4,https://sjfw.mct.gov.cn/site/dataservice/rural,2022-12-07,2026-09-26,,,公开名录确认名称与所属地区；活动、餐饮、住宿和坐标尚未补充。
1028323,28323,public,广西壮族自治区梧州市苍梧县六堡镇大中村,广西,梧州,name_prefix,Guang Xi Zhuang Zu Zi Zhi Qu Wu Zhou Shi Cang Wu Xian Liu Bao Zhen Da Zhong Cun,4,https://sjfw.mct.gov.cn/site/dataservice/rural,2022-12-07,2026-09-26,,,公开名录确认名称与所属地区；活动、餐饮、住宿和坐标尚未补充。
1028322,28322,public,广西壮族自治区柳州市三江侗族自治县林溪镇平岩村,广西,柳州,name_prefix,Guang Xi Zhuang Zu Zi Zhi Qu Liu Zhou Shi San Jiang Dong Zu Zi Zhi Xian Lin Xi Zhen Ping Yan Cun,4,https://sjfw.mct.gov.cn/site/dataservice/rural,2022-12-07,2026-09-26,,,公开名录确认名称与所属地区；活动、餐饮、住宿和坐标尚未补充。
1028333,28333,public,海南省保亭黎族苗族自治县响水镇陡水河村委会毛真村,海南,海南,province_fallback,Hai Nan Sheng Bao Ting Li Zu Miao Zu Zi Zhi Xian Xiang Shui Zhen Dou Shui He Cun Wei Hui Mao Zhen Cun,4,https://sjfw.mct.gov.cn/site/dataservice/rural,2022-12-07,2026-09-26,,,公开名录确认名称与所属地区；活动、餐饮、住宿和坐标尚未补充。
1028332,28332,public,海南省澄迈县福山镇敦茶村委会侯臣村,海南,海南,province_fallback,Hai Nan Sheng Cheng Mai Xian Fu Shan Zhen Dun Cha Cun Wei Hui Hou Chen Cun,4,https://sjfw.mct.gov.cn/site/dataservice/rural,2022-12-07,2026-09-26,,,公开名录确认名称与所属地区；活动、餐饮、住宿和坐标尚未补充。
1028331,28331,public,海南省昌江黎族自治县王下乡洪水村委会俄力村,海南,海南,province_fallback,Hai Nan Sheng Chang Jiang Li Zu Zi Zhi Xian Wang Xia Xiang Hong Shui Cun Wei Hui E Li Cun,4,https://sjfw.mct.gov.cn/site/dataservice/rural,2022-12-07,2026-09-26,,,公开名录确认名称与所属地区；活动、餐饮、住宿和坐标尚未补充。
1028330,28330,public,海南省五指山市水满乡毛纳村委会毛纳村,海南,五指山,name_prefix,Hai Nan Sheng Wu Zhi Shan Shi Shui Man Xiang Mao Na Cun Wei Hui Mao Na Cun,4,https://sjfw.mct.gov.cn/site/dataservice/rural,2022-12-07,2026-09-26,,,公开名录确认名称与所属地区；活动、餐饮、住宿和坐标尚未补充。
1028329,28329,public,海南省海口市美兰区演丰镇演东村委会芳园村,海南,海口,name_prefix,Hai Nan Sheng Hai Kou Shi Mei Lan Qu Yan Feng Zhen Yan Dong Cun Wei Hui Fang Yuan Cun,4,https://sjfw.mct.gov.cn/site/dataservice/rural,2022-12-07,2026-09-26,,,公开名录确认名称与所属地区；活动、餐饮、住宿和坐标尚未补充。
1028339,28339,public,重庆市秀山土家族苗族自治县梅江镇兴隆坳村,重庆,重庆,municipality,Chong Qing Shi Xiu Shan Tu Jia Zu Miao Zu Zi Zhi Xian Mei Jiang Zhen Xing Long Ao Cun,4,https://sjfw.mct.gov.cn/site/dataservice/rural,2022-12-07,2026-09-26,,,公开名录确认名称与所属地区；活动、餐饮、住宿和坐标尚未补充。
1028338,28338,public,重庆市云阳县清水土家族乡歧山村,重庆,重庆,municipality,Chong Qing Shi Yun Yang Xian Qing Shui Tu Jia Zu Xiang Qi Shan Cun,4,https://sjfw.mct.gov.cn/site/dataservice/rural,2022-12-07,2026-09-26,,,公开名录确认名称与所属地区；活动、餐饮、住宿和坐标尚未补充。
1028337,28337,public,重庆市忠县新立镇文笔社区,重庆,重庆,municipality,Chong Qing Shi Zhong Xian Xin Li Zhen Wen Bi She Qu,4,https://sjfw.mct.gov.cn/site/dataservice/rural,2022-12-07,2026-09-26,,,公开名录确认名称与所属地区；活动、餐饮、住宿和坐标尚未补充。
1028336,28336,public,重庆市璧山区七塘镇将军村,重庆,重庆,municipality,Chong Qing Shi Bi Shan Qu Qi Tang Zhen Jiang Jun Cun,4,https://sjfw.mct.gov.cn/site/dataservice/rural,2022-12-07,2026-09-26,,,公开名录确认名称与所属地区；活动、餐饮、住宿和坐标尚未补充。
1028335,28335,public,重庆市南川区大观镇金龙村,重庆,重庆,municipality,Chong Qing Shi Nan Chuan Qu Da Guan Zhen Jin Long Cun,4,https://sjfw.mct.gov.cn/site/dataservice/rural,2022-12-07,2026-09-26,,,公开名录确认名称与所属地区；活动、餐饮、住宿和坐标尚未补充。
1028334,28334,public,重庆市沙坪坝区丰文街道三河村,重庆,重庆,municipality,Chong Qing Shi Sha Ping Ba Qu Feng Wen Jie Dao San He Cun,4,https://sjfw.mct.gov.cn/site/dataservice/rural,2022-12-07,2026-09-26,,,公开名录确认名称与所属地区；活动、餐饮、住宿和坐标尚未补充。
1028346,28346,public,四川省甘孜藏族自治州稻城县香格里拉镇亚丁村,四川,甘孜藏族自治州,name_prefix,Si Chuan Sheng Gan Zi Zang Zu Zi Zhi Zhou Dao Cheng Xian Xiang Ge Li La Zhen Ya Ding Cun,4,https://sjfw.mct.gov.cn/site/dataservice/rural,2022-12-07,2026-09-26,,,公开名录确认名称与所属地区；活动、餐饮、住宿和坐标尚未补充。
1028345,28345,public,四川省南充市高坪区江陵镇江陵坝村,四川,南充,name_prefix,Si Chuan Sheng Nan Chong Shi Gao Ping Qu Jiang Ling Zhen Jiang Ling Ba Cun,4,https://sjfw.mct.gov.cn/site/dataservice/rural,2022-12-07,2026-09-26,,,公开名录确认名称与所属地区；活动、餐饮、住宿和坐标尚未补充。
1028344,28344,public,四川省绵阳市安州区桑枣镇齐心村,四川,绵阳,name_prefix,Si Chuan Sheng Mian Yang Shi An Zhou Qu Sang Zao Zhen Qi Xin Cun,4,https://sjfw.mct.gov.cn/site/dataservice/rural,2022-12-07,2026-09-26,,,公开名录确认名称与所属地区；活动、餐饮、住宿和坐标尚未补充。
1028343,28343,public,四川省雅安市汉源县九襄镇三强村,四川,雅安,name_prefix,Si Chuan Sheng Ya An Shi Han Yuan Xian Jiu Xiang Zhen San Qiang Cun,4,https://sjfw.mct.gov.cn/site/dataservice/rural,2022-12-07,2026-09-26,,,公开名录确认名称与所属地区；活动、餐饮、住宿和坐标尚未补充。
1028342,28342,public,四川省遂宁市安居区常理镇海龙村,四川,遂宁,name_prefix,Si Chuan Sheng Sui Ning Shi An Ju Qu Chang Li Zhen Hai Long Cun,4,https://sjfw.mct.gov.cn/site/dataservice/rural,2022-12-07,2026-09-26,,,公开名录确认名称与所属地区；活动、餐饮、住宿和坐标尚未补充。
1028341,28341,public,四川省广元市昭化区昭化镇城关村,四川,广元,name_prefix,Si Chuan Sheng Guang Yuan Shi Zhao Hua Qu Zhao Hua Zhen Cheng Guan Cun,4,https://sjfw.mct.gov.cn/site/dataservice/rural,2022-12-07,2026-09-26,,,公开名录确认名称与所属地区；活动、餐饮、住宿和坐标尚未补充。
1028340,28340,public,四川省成都市崇州市道明镇竹艺村,四川,成都,name_prefix,Si Chuan Sheng Cheng Du Shi Chong Zhou Shi Dao Ming Zhen Zhu Yi Cun,4,https://sjfw.mct.gov.cn/site/dataservice/rural,2022-12-07,2026-09-26,,,公开名录确认名称与所属地区；活动、餐饮、住宿和坐标尚未补充。
1028353,28353,public,贵州省黔西南布依族苗族自治州兴义市万峰林街道双生村,贵州,黔西南布依族苗族自治州,name_prefix,Gui Zhou Sheng Qian Xi Nan Bu Yi Zu Miao Zu Zi Zhi Zhou Xing Yi Shi Wan Feng Lin Jie Dao Shuang Sheng Cun,4,https://sjfw.mct.gov.cn/site/dataservice/rural,2022-12-07,2026-09-26,,,公开名录确认名称与所属地区；活动、餐饮、住宿和坐标尚未补充。
1028352,28352,public,贵州省黔南布依族苗族自治州荔波县瑶山瑶族乡高桥村,贵州,黔南布依族苗族自治州,name_prefix,Gui Zhou Sheng Qian Nan Bu Yi Zu Miao Zu Zi Zhi Zhou Li Bo Xian Yao Shan Yao Zu Xiang Gao Qiao Cun,4,https://sjfw.mct.gov.cn/site/dataservice/rural,2022-12-07,2026-09-26,,,公开名录确认名称与所属地区；活动、餐饮、住宿和坐标尚未补充。
1028351,28351,public,贵州省黔东南苗族侗族自治州黎平县双江镇黄岗村,贵州,黔东南苗族侗族自治州,name_prefix,Gui Zhou Sheng Qian Dong Nan Miao Zu Dong Zu Zi Zhi Zhou Li Ping Xian Shuang Jiang Zhen Huang Gang Cun,4,https://sjfw.mct.gov.cn/site/dataservice/rural,2022-12-07,2026-09-26,,,公开名录确认名称与所属地区；活动、餐饮、住宿和坐标尚未补充。
1028350,28350,public,贵州省铜仁市江口县太平镇梵净山村,贵州,铜仁,name_prefix,Gui Zhou Sheng Tong Ren Shi Jiang Kou Xian Tai Ping Zhen Fan Jing Shan Cun,4,https://sjfw.mct.gov.cn/site/dataservice/rural,2022-12-07,2026-09-26,,,公开名录确认名称与所属地区；活动、餐饮、住宿和坐标尚未补充。
1028349,28349,public,贵州省毕节市大方县鹏程街道鹏程社区,贵州,毕节,name_prefix,Gui Zhou Sheng Bi Jie Shi Da Fang Xian Peng Cheng Jie Dao Peng Cheng She Qu,4,https://sjfw.mct.gov.cn/site/dataservice/rural,2022-12-07,2026-09-26,,,公开名录确认名称与所属地区；活动、餐饮、住宿和坐标尚未补充。
1028348,28348,public,贵州省安顺市西秀区幺铺镇阿歪寨村,贵州,安顺,name_prefix,Gui Zhou Sheng An Shun Shi Xi Xiu Qu Yao Pu Zhen A Wai Zhai Cun,4,https://sjfw.mct.gov.cn/site/dataservice/rural,2022-12-07,2026-09-26,,,公开名录确认名称与所属地区；活动、餐饮、住宿和坐标尚未补充。
1028347,28347,public,贵州省遵义市桐梓县九坝镇山堡社区,贵州,遵义,name_prefix,Gui Zhou Sheng Zun Yi Shi Tong Zi Xian Jiu Ba Zhen Shan Bao She Qu,4,https://sjfw.mct.gov.cn/site/dataservice/rural,2022-12-07,2026-09-26,,,公开名录确认名称与所属地区；活动、餐饮、住宿和坐标尚未补充。
1028360,28360,public,云南省怒江傈僳族自治州福贡县匹河乡老姆登村,云南,怒江傈僳族自治州,name_prefix,Yun Nan Sheng Nu Jiang Li Su Zu Zi Zhi Zhou Fu Gong Xian Pi He Xiang Lao Mu Deng Cun,4,https://sjfw.mct.gov.cn/site/dataservice/rural,2022-12-07,2026-09-26,,,公开名录确认名称与所属地区；活动、餐饮、住宿和坐标尚未补充。
1028359,28359,public,云南省德宏傣族景颇族自治州盈江县太平镇雪梨村,云南,德宏傣族景颇族自治州,name_prefix,Yun Nan Sheng De Hong Dai Zu Jing Po Zu Zi Zhi Zhou Ying Jiang Xian Tai Ping Zhen Xue Li Cun,4,https://sjfw.mct.gov.cn/site/dataservice/rural,2022-12-07,2026-09-26,,,公开名录确认名称与所属地区；活动、餐饮、住宿和坐标尚未补充。
1028358,28358,public,云南省大理白族自治州大理市湾桥镇中庄村委会古生村,云南,大理白族自治州,name_prefix,Yun Nan Sheng Da Li Bai Zu Zi Zhi Zhou Da Li Shi Wan Qiao Zhen Zhong Zhuang Cun Wei Hui Gu Sheng Cun,4,https://sjfw.mct.gov.cn/site/dataservice/rural,2022-12-07,2026-09-26,,,公开名录确认名称与所属地区；活动、餐饮、住宿和坐标尚未补充。
1028357,28357,public,云南省临沧市双江拉祜族佤族布朗族傣族自治县勐库镇公弄村,云南,临沧,name_prefix,Yun Nan Sheng Lin Cang Shi Shuang Jiang La Hu Zu Wa Zu Bu Lang Zu Dai Zu Zi Zhi Xian Meng Ku Zhen Gong Nong Cun,4,https://sjfw.mct.gov.cn/site/dataservice/rural,2022-12-07,2026-09-26,,,公开名录确认名称与所属地区；活动、餐饮、住宿和坐标尚未补充。
1028356,28356,public,云南省昆明市富民县赤鹫镇永富村,云南,昆明,name_prefix,Yun Nan Sheng Kun Ming Shi Fu Min Xian Chi Jiu Zhen Yong Fu Cun,4,https://sjfw.mct.gov.cn/site/dataservice/rural,2022-12-07,2026-09-26,,,公开名录确认名称与所属地区；活动、餐饮、住宿和坐标尚未补充。
1028355,28355,public,云南省昭通市水富市云富街道邵女坪社区,云南,昭通,name_prefix,Yun Nan Sheng Zhao Tong Shi Shui Fu Shi Yun Fu Jie Dao Shao Nv Ping She Qu,4,https://sjfw.mct.gov.cn/site/dataservice/rural,2022-12-07,2026-09-26,,,公开名录确认名称与所属地区；活动、餐饮、住宿和坐标尚未补充。
1028354,28354,public,云南省楚雄彝族自治州楚雄市紫溪镇紫溪社区紫溪彝村,云南,楚雄彝族自治州,name_prefix,Yun Nan Sheng Chu Xiong Yi Zu Zi Zhi Zhou Chu Xiong Shi Zi Xi Zhen Zi Xi She Qu Zi Xi Yi Cun,4,https://sjfw.mct.gov.cn/site/dataservice/rural,2022-12-07,2026-09-26,,,公开名录确认名称与所属地区；活动、餐饮、住宿和坐标尚未补充。
1028366,28366,public,西藏自治区那曲市嘉黎县尼屋乡依嘎村,西藏,那曲,name_prefix,Xi Zang Zi Zhi Qu Na Qu Shi Jia Li Xian Ni Wu Xiang Yi Ga Cun,4,https://sjfw.mct.gov.cn/site/dataservice/rural,2022-12-07,2026-09-26,,,公开名录确认名称与所属地区；活动、餐饮、住宿和坐标尚未补充。
1028365,28365,public,西藏自治区昌都市八宿县然乌镇来古村,西藏,昌都,name_prefix,Xi Zang Zi Zhi Qu Chang Du Shi Ba Su Xian Ran Wu Zhen Lai Gu Cun,4,https://sjfw.mct.gov.cn/site/dataservice/rural,2022-12-07,2026-09-26,,,公开名录确认名称与所属地区；活动、餐饮、住宿和坐标尚未补充。
1028364,28364,public,西藏自治区林芝市墨脱县墨脱镇墨脱村,西藏,林芝,name_prefix,Xi Zang Zi Zhi Qu Lin Zhi Shi Mo Tuo Xian Mo Tuo Zhen Mo Tuo Cun,4,https://sjfw.mct.gov.cn/site/dataservice/rural,2022-12-07,2026-09-26,,,公开名录确认名称与所属地区；活动、餐饮、住宿和坐标尚未补充。
1028363,28363,public,西藏自治区山南市浪卡子县白地乡扎玛龙村,西藏,山南,name_prefix,Xi Zang Zi Zhi Qu Shan Nan Shi Lang Qia Zi Xian Bai Di Xiang Zha Ma Long Cun,4,https://sjfw.mct.gov.cn/site/dataservice/rural,2022-12-07,2026-09-26,,,公开名录确认名称与所属地区；活动、餐饮、住宿和坐标尚未补充。
1028362,28362,public,西藏自治区日喀则市定日县扎西宗乡巴松村,西藏,日喀则,name_prefix,Xi Zang Zi Zhi Qu Ri Ka Ze Shi Ding Ri Xian Zha Xi Zong Xiang Ba Song Cun,4,https://sjfw.mct.gov.cn/site/dataservice/rural,2022-12-07,2026-09-26,,,公开名录确认名称与所属地区；活动、餐饮、住宿和坐标尚未补充。
1028361,28361,public,西藏自治区拉萨市曲水县才纳乡才纳村,西藏,拉萨,name_prefix,Xi Zang Zi Zhi Qu La Sa Shi Qu Shui Xian Cai Na Xiang Cai Na Cun,4,https://sjfw.mct.gov.cn/site/dataservice/rural,2022-12-07,2026-09-26,,,公开名录确认名称与所属地区；活动、餐饮、住宿和坐标尚未补充。
1028372,28372,public,陕西省宝鸡市凤县双石铺镇兴隆场村,陕西,宝鸡,name_prefix,Shan Xi Sheng Bao Ji Shi Feng Xian Shuang Shi Pu Zhen Xing Long Chang Cun,4,https://sjfw.mct.gov.cn/site/dataservice/rural,2022-12-07,2026-09-26,,,公开名录确认名称与所属地区；活动、餐饮、住宿和坐标尚未补充。
1028371,28371,public,陕西省铜川市王益区黄堡镇孟姜塬村,陕西,铜川,name_prefix,Shan Xi Sheng Tong Chuan Shi Wang Yi Qu Huang Bao Zhen Meng Jiang Yuan Cun,4,https://sjfw.mct.gov.cn/site/dataservice/rural,2022-12-07,2026-09-26,,,公开名录确认名称与所属地区；活动、餐饮、住宿和坐标尚未补充。
1028370,28370,public,陕西省安康市旬阳市仁河口镇水泉坪村,陕西,安康,name_prefix,Shan Xi Sheng An Kang Shi Xun Yang Shi Ren He Kou Zhen Shui Quan Ping Cun,4,https://sjfw.mct.gov.cn/site/dataservice/rural,2022-12-07,2026-09-26,,,公开名录确认名称与所属地区；活动、餐饮、住宿和坐标尚未补充。
1028369,28369,public,陕西省西安市蓝田县汤峪镇塘子村,陕西,西安,name_prefix,Shan Xi Sheng Xi An Shi Lan Tian Xian Tang Yu Zhen Tang Zi Cun,4,https://sjfw.mct.gov.cn/site/dataservice/rural,2022-12-07,2026-09-26,,,公开名录确认名称与所属地区；活动、餐饮、住宿和坐标尚未补充。
1028368,28368,public,陕西省汉中市留坝县留侯镇营盘村,陕西,汉中,name_prefix,Shan Xi Sheng Han Zhong Shi Liu Ba Xian Liu Hou Zhen Ying Pan Cun,4,https://sjfw.mct.gov.cn/site/dataservice/rural,2022-12-07,2026-09-26,,,公开名录确认名称与所属地区；活动、餐饮、住宿和坐标尚未补充。
1028367,28367,public,陕西省榆林市榆阳区古塔镇赵家峁村,陕西,榆林,name_prefix,Shan Xi Sheng Yu Lin Shi Yu Yang Qu Gu Ta Zhen Zhao Jia Mao Cun,4,https://sjfw.mct.gov.cn/site/dataservice/rural,2022-12-07,2026-09-26,,,公开名录确认名称与所属地区；活动、餐饮、住宿和坐标尚未补充。
1028378,28378,public,甘肃省甘南藏族自治州迭部县益哇镇扎尕那村,甘肃,甘南藏族自治州,name_prefix,Gan Su Sheng Gan Nan Zang Zu Zi Zhi Zhou Die Bu Xian Yi Wa Zhen Zha Ga Na Cun,4,https://sjfw.mct.gov.cn/site/dataservice/rural,2022-12-07,2026-09-26,,,公开名录确认名称与所属地区；活动、餐饮、住宿和坐标尚未补充。
1028377,28377,public,甘肃省甘南藏族自治州临潭县冶力关镇池沟村,甘肃,甘南藏族自治州,name_prefix,Gan Su Sheng Gan Nan Zang Zu Zi Zhi Zhou Lin Tan Xian Ye Li Guan Zhen Chi Gou Cun,4,https://sjfw.mct.gov.cn/site/dataservice/rural,2022-12-07,2026-09-26,,,公开名录确认名称与所属地区；活动、餐饮、住宿和坐标尚未补充。
1028376,28376,public,甘肃省临夏回族自治州和政县城关镇咀头村,甘肃,临夏回族自治州,name_prefix,Gan Su Sheng Lin Xia Hui Zu Zi Zhi Zhou He Zheng Xian Cheng Guan Zhen Ju Tou Cun,4,https://sjfw.mct.gov.cn/site/dataservice/rural,2022-12-07,2026-09-26,,,公开名录确认名称与所属地区；活动、餐饮、住宿和坐标尚未补充。
1028375,28375,public,甘肃省天水市秦州区平南镇孙集村,甘肃,天水,name_prefix,Gan Su Sheng Tian Shui Shi Qin Zhou Qu Ping Nan Zhen Sun Ji Cun,4,https://sjfw.mct.gov.cn/site/dataservice/rural,2022-12-07,2026-09-26,,,公开名录确认名称与所属地区；活动、餐饮、住宿和坐标尚未补充。
1028374,28374,public,甘肃省武威市凉州区张义镇灯山村,甘肃,武威,name_prefix,Gan Su Sheng Wu Wei Shi Liang Zhou Qu Zhang Yi Zhen Deng Shan Cun,4,https://sjfw.mct.gov.cn/site/dataservice/rural,2022-12-07,2026-09-26,,,公开名录确认名称与所属地区；活动、餐饮、住宿和坐标尚未补充。
1028373,28373,public,甘肃省兰州市西固区河口镇河口村,甘肃,兰州,name_prefix,Gan Su Sheng Lan Zhou Shi Xi Gu Qu He Kou Zhen He Kou Cun,4,https://sjfw.mct.gov.cn/site/dataservice/rural,2022-12-07,2026-09-26,,,公开名录确认名称与所属地区；活动、餐饮、住宿和坐标尚未补充。
1028384,28384,public,青海省黄南藏族自治州同仁市隆务镇吾屯村,青海,黄南藏族自治州,name_prefix,Qing Hai Sheng Huang Nan Zang Zu Zi Zhi Zhou Tong Ren Shi Long Wu Zhen Wu Tun Cun,4,https://sjfw.mct.gov.cn/site/dataservice/rural,2022-12-07,2026-09-26,,,公开名录确认名称与所属地区；活动、餐饮、住宿和坐标尚未补充。
1028383,28383,public,青海省海南藏族自治州共和县龙羊峡镇德胜村,青海,海南藏族自治州,name_prefix,Qing Hai Sheng Hai Nan Zang Zu Zi Zhi Zhou Gong He Xian Long Yang Xia Zhen De Sheng Cun,4,https://sjfw.mct.gov.cn/site/dataservice/rural,2022-12-07,2026-09-26,,,公开名录确认名称与所属地区；活动、餐饮、住宿和坐标尚未补充。
1028382,28382,public,青海省海北藏族自治州海晏县甘子河乡达玉村,青海,海北藏族自治州,name_prefix,Qing Hai Sheng Hai Bei Zang Zu Zi Zhi Zhou Hai Yan Xian Gan Zi He Xiang Da Yu Cun,4,https://sjfw.mct.gov.cn/site/dataservice/rural,2022-12-07,2026-09-26,,,公开名录确认名称与所属地区；活动、餐饮、住宿和坐标尚未补充。
1028381,28381,public,青海省海东市民和回族土族自治县中川乡峡口村,青海,海东,name_prefix,Qing Hai Sheng Hai Dong Shi Min He Hui Zu Tu Zu Zi Zhi Xian Zhong Chuan Xiang Xia Kou Cun,4,https://sjfw.mct.gov.cn/site/dataservice/rural,2022-12-07,2026-09-26,,,公开名录确认名称与所属地区；活动、餐饮、住宿和坐标尚未补充。
1028380,28380,public,青海省海东市乐都区洪水镇李家壕村,青海,海东,name_prefix,Qing Hai Sheng Hai Dong Shi Le Du Qu Hong Shui Zhen Li Jia Hao Cun,4,https://sjfw.mct.gov.cn/site/dataservice/rural,2022-12-07,2026-09-26,,,公开名录确认名称与所属地区；活动、餐饮、住宿和坐标尚未补充。
1028379,28379,public,青海省西宁市湟源县东峡乡下脖项村,青海,西宁,name_prefix,Qing Hai Sheng Xi Ning Shi Huang Yuan Xian Dong Xia Xiang Xia Bo Xiang Cun,4,https://sjfw.mct.gov.cn/site/dataservice/rural,2022-12-07,2026-09-26,,,公开名录确认名称与所属地区；活动、餐饮、住宿和坐标尚未补充。
1028390,28390,public,宁夏回族自治区吴忠市盐池县麻黄山乡何新庄村,宁夏,吴忠,name_prefix,Ning Xia Hui Zu Zi Zhi Qu Wu Zhong Shi Yan Chi Xian Ma Huang Shan Xiang He Xin Zhuang Cun,4,https://sjfw.mct.gov.cn/site/dataservice/rural,2022-12-07,2026-09-26,,,公开名录确认名称与所属地区；活动、餐饮、住宿和坐标尚未补充。
1028389,28389,public,宁夏回族自治区中卫市海原县关桥乡关桥村,宁夏,中卫,name_prefix,Ning Xia Hui Zu Zi Zhi Qu Zhong Wei Shi Hai Yuan Xian Guan Qiao Xiang Guan Qiao Cun,4,https://sjfw.mct.gov.cn/site/dataservice/rural,2022-12-07,2026-09-26,,,公开名录确认名称与所属地区；活动、餐饮、住宿和坐标尚未补充。
1028388,28388,public,宁夏回族自治区石嘴山市平罗县头闸镇西永惠村,宁夏,石嘴山,name_prefix,Ning Xia Hui Zu Zi Zhi Qu Shi Zui Shan Shi Ping Luo Xian Tou Zha Zhen Xi Yong Hui Cun,4,https://sjfw.mct.gov.cn/site/dataservice/rural,2022-12-07,2026-09-26,,,公开名录确认名称与所属地区；活动、餐饮、住宿和坐标尚未补充。
1028387,28387,public,宁夏回族自治区吴忠市红寺堡区柳泉乡永新村,宁夏,吴忠,name_prefix,Ning Xia Hui Zu Zi Zhi Qu Wu Zhong Shi Hong Si Bao Qu Liu Quan Xiang Yong Xin Cun,4,https://sjfw.mct.gov.cn/site/dataservice/rural,2022-12-07,2026-09-26,,,公开名录确认名称与所属地区；活动、餐饮、住宿和坐标尚未补充。
1028386,28386,public,宁夏回族自治区固原市原州区彭堡镇姚磨村,宁夏,固原,name_prefix,Ning Xia Hui Zu Zi Zhi Qu Gu Yuan Shi Yuan Zhou Qu Peng Bao Zhen Yao Mo Cun,4,https://sjfw.mct.gov.cn/site/dataservice/rural,2022-12-07,2026-09-26,,,公开名录确认名称与所属地区；活动、餐饮、住宿和坐标尚未补充。
1028385,28385,public,宁夏回族自治区银川市金凤区丰登镇润丰村,宁夏,银川,name_prefix,Ning Xia Hui Zu Zi Zhi Qu Yin Chuan Shi Jin Feng Qu Feng Deng Zhen Run Feng Cun,4,https://sjfw.mct.gov.cn/site/dataservice/rural,2022-12-07,2026-09-26,,,公开名录确认名称与所属地区；活动、餐饮、住宿和坐标尚未补充。
1028396,28396,public,新疆维吾尔自治区喀什地区疏附县托克扎克镇阿亚格曼干村,新疆,喀什地区,name_prefix,Xin Jiang Wei Wu Er Zi Zhi Qu Ka Shi Di Qu Shu Fu Xian Tuo Ke Zha Ke Zhen A Ya Ge Man Gan Cun,4,https://sjfw.mct.gov.cn/site/dataservice/rural,2022-12-07,2026-09-26,,,公开名录确认名称与所属地区；活动、餐饮、住宿和坐标尚未补充。
1028395,28395,public,新疆维吾尔自治区克孜勒苏柯尔克孜自治州阿克陶县塔尔塔吉克民族乡巴格艾格孜村,新疆,克孜勒苏柯尔克孜自治州,name_prefix,Xin Jiang Wei Wu Er Zi Zhi Qu Ke Zi Lei Su Ke Er Ke Zi Zi Zhi Zhou A Ke Tao Xian Ta Er Ta Ji Ke Min Zu Xiang Ba Ge Ai Ge Zi Cun,4,https://sjfw.mct.gov.cn/site/dataservice/rural,2022-12-07,2026-09-26,,,公开名录确认名称与所属地区；活动、餐饮、住宿和坐标尚未补充。
1028394,28394,public,新疆维吾尔自治区巴音郭楞蒙古自治州库尔勒市阿瓦提乡吾夏克铁热克村,新疆,巴音郭楞蒙古自治州,name_prefix,Xin Jiang Wei Wu Er Zi Zhi Qu Ba Yin Guo Leng Meng Gu Zi Zhi Zhou Ku Er Lei Shi A Wa Ti Xiang Wu Xia Ke Tie Re Ke Cun,4,https://sjfw.mct.gov.cn/site/dataservice/rural,2022-12-07,2026-09-26,,,公开名录确认名称与所属地区；活动、餐饮、住宿和坐标尚未补充。
1028393,28393,public,新疆维吾尔自治区吐鲁番市托克逊县夏镇南湖村,新疆,吐鲁番,name_prefix,Xin Jiang Wei Wu Er Zi Zhi Qu Tu Lu Fan Shi Tuo Ke Xun Xian Xia Zhen Nan Hu Cun,4,https://sjfw.mct.gov.cn/site/dataservice/rural,2022-12-07,2026-09-26,,,公开名录确认名称与所属地区；活动、餐饮、住宿和坐标尚未补充。
1028392,28392,public,新疆维吾尔自治区昌吉回族自治州奇台县半截沟镇腰站子村,新疆,昌吉回族自治州,name_prefix,Xin Jiang Wei Wu Er Zi Zhi Qu Chang Ji Hui Zu Zi Zhi Zhou Qi Tai Xian Ban Jie Gou Zhen Yao Zhan Zi Cun,4,https://sjfw.mct.gov.cn/site/dataservice/rural,2022-12-07,2026-09-26,,,公开名录确认名称与所属地区；活动、餐饮、住宿和坐标尚未补充。
1028391,28391,public,新疆维吾尔自治区伊犁哈萨克自治州伊宁市巴彦岱镇苏勒阿勒玛塔村,新疆,伊犁哈萨克自治州,name_prefix,Xin Jiang Wei Wu Er Zi Zhi Qu Yi Li Ha Sa Ke Zi Zhi Zhou Yi Ning Shi Ba Yan Dai Zhen Su Lei A Lei Ma Ta Cun,4,https://sjfw.mct.gov.cn/site/dataservice/rural,2022-12-07,2026-09-26,,,公开名录确认名称与所属地区；活动、餐饮、住宿和坐标尚未补充。
1028401,28401,public,新疆生产建设兵团第十四师一牧场1连,新疆生产建设兵团,新疆生产建设兵团,province_fallback,Xin Jiang Sheng Chan Jian She Bing Tuan Di Shi Si Shi Yi Mu Chang 1 Lian,4,https://sjfw.mct.gov.cn/site/dataservice/rural,2022-12-07,2026-09-26,,,公开名录确认名称与所属地区；活动、餐饮、住宿和坐标尚未补充。
1028400,28400,public,新疆生产建设兵团第八师石总场清泉集11连,新疆生产建设兵团,新疆生产建设兵团,province_fallback,Xin Jiang Sheng Chan Jian She Bing Tuan Di Ba Shi Shi Zong Chang Qing Quan Ji 11 Lian,4,https://sjfw.mct.gov.cn/site/dataservice/rural,2022-12-07,2026-09-26,,,公开名录确认名称与所属地区；活动、餐饮、住宿和坐标尚未补充。
1028399,28399,public,新疆生产建设兵团第十师181团1连,新疆生产建设兵团,新疆生产建设兵团,province_fallback,Xin Jiang Sheng Chan Jian She Bing Tuan Di Shi Shi 181 Tuan 1 Lian,4,https://sjfw.mct.gov.cn/site/dataservice/rural,2022-12-07,2026-09-26,,,公开名录确认名称与所属地区；活动、餐饮、住宿和坐标尚未补充。
1028398,28398,public,新疆生产建设兵团第三师44团18连,新疆生产建设兵团,新疆生产建设兵团,province_fallback,Xin Jiang Sheng Chan Jian She Bing Tuan Di San Shi 44 Tuan 18 Lian,4,https://sjfw.mct.gov.cn/site/dataservice/rural,2022-12-07,2026-09-26,,,公开名录确认名称与所属地区；活动、餐饮、住宿和坐标尚未补充。
1028397,28397,public,新疆生产建设兵团第二师21团8连,新疆生产建设兵团,新疆生产建设兵团,province_fallback,Xin Jiang Sheng Chan Jian She Bing Tuan Di Er Shi 21 Tuan 8 Lian,4,https://sjfw.mct.gov.cn/site/dataservice/rural,2022-12-07,2026-09-26,,,公开名录确认名称与所属地区；活动、餐饮、住宿和坐标尚未补充。
